,dienophile,diene,ΔG TS_endo_1,ΔG TS_endo_2,ΔG TS_exo_1,ΔG TS_exo_2,ΔG Product_endo_1,ΔG Product_endo_2,ΔG Product_exo_1,ΔG Product_exo_2,pz_pop_C1_D,pz_pop_C2_D,pz_pop_C3_D,pz_pop_C4_D,LUMO_D,HOMO_D,Sigma p_1_D,Sigma p_4_D,Sigma p_2_D,Sigma p_3_D,NBO_1_D,NBO_2_D,NBO_3_D,NBO_4_D,sterio_D_1,sterio_D_2,sterio_D_3,sterio_D_4,Volume_D_1,Volume_D_4,Volume_D_2,Volume_D_3,pz_pop_C1_dPh,pz_pop_C2_dPh,LUMO_dPh,HOMO_dPh,Sigma_P_1dPh,Sigma_P_2dPh,NBO_1dPh,NBO_2_dPh,sterio_dPh_1,sterio_dPh_2,Volume_dPh_1,Volume_dPh_2,LUMO_D - HOMO_dPh,LUMO_dPh - HOMO_D,Min(TS_1),Min(TS_2),Min_TSـall,Min(TS_1) - Min(TS_2),Min(Product_1),Min(Product_2),Min(Product_1) - Min(Product_2),min_gap,target_raw,target_scaled
29,2_6,5_2_2_8,64.649,64.789,64.604,60.611,12.84,20.631,10.638,12.211,1.122,1.057,0.926,1.148,-0.176,-7.92,-0.2,0.45,-0.2,-0.2,-0.213,0.235,-0.032,0.099,2.25,2.25,2.25,1.75,642.238,467.957,642.238,642.238,1.071,0.882,-0.457,-9.433,0.66,0.0,-0.38,-0.33,1.02,1.0,164.182,60.96,9.257,7.462,64.604,60.611,60.611,3.993,10.638,12.211,-1.573,7.462,60.611,2.15412467415716
535,6_7,1_1_2_3,38.252,33.851,38.096,34.967,-15.771,-16.099,-17.076,-16.342,1.052,1.114,1.122,0.968,-0.268,-7.627,0.06,-0.27,0.66,-0.2,0.343,0.244,-0.269,-0.132,1.08,1.02,2.25,1.53,98.427,334.486,164.182,642.238,1.0,1.0,-0.294,-7.636,0.0,-0.01,-0.429,-0.25,1.0,2.7,60.96,636.378,7.368,7.333,38.096,33.851,33.851,4.245,-17.076,-16.342,-0.733,7.333,33.851,-0.5387063258247669
695,1_3,5_1_6_4,39.571,39.35,41.735,39.245,-17.132,-16.507,-15.79,-19.997,1.021,1.087,1.1,0.887,-0.611,-7.886,-0.2,-0.17,0.66,0.0,-0.184,0.241,-0.267,-0.199,2.25,1.02,1.0,1.5,642.238,185.535,164.182,60.96,1.104,1.048,1.779,-7.75,0.06,-0.27,0.121,0.017,1.08,1.53,98.427,334.486,7.138,9.664,39.571,39.245,39.245,0.327,-17.132,-19.997,2.865,7.138,39.245,0.004086290539302964
557,4_4,2_4_1_5,40.564,40.564,43.292,43.292,-5.073,-5.073,-16.731,-16.731,1.192,0.896,1.134,0.886,-1.176,-8.229,0.66,-0.2,-0.27,0.66,-0.455,0.305,0.434,-0.256,1.02,1.53,1.02,2.25,164.182,642.238,334.486,164.182,1.012,1.013,1.714,-8.088,-0.17,-0.17,-0.243,-0.243,1.5,1.5,185.535,185.535,6.912,9.943,40.564,40.564,40.564,0.0,-16.731,-16.731,0.0,6.912,40.564,0.13681589027682795
836,1_8,4_1_6_9,34.135,34.721,34.402,36.375,-15.777,-18.494,-16.515,-23.548,0.821,1.133,0.935,1.049,-1.468,-8.357,-0.17,0.42,0.66,0.0,-0.045,0.266,-0.235,-0.149,1.5,1.02,1.0,1.1,185.535,291.269,164.182,60.96,0.894,1.125,-0.239,-9.257,0.06,0.45,0.324,-0.475,1.08,1.75,98.427,467.957,7.79,8.117,34.135,34.721,34.135,-0.586,-16.515,-23.548,7.033,7.79,34.135,-0.5101277008623281
596,5_8,5_2_3_6,47.383,57.639,46.487,59.279,-4.243,8.001,1.164,-17.67,0.957,1.03,0.797,1.156,0.641,-7.998,-0.2,0.0,-0.2,0.06,-0.174,0.242,-0.096,0.412,2.25,2.25,1.08,1.0,642.238,60.96,642.238,98.427,0.871,1.076,-0.346,-8.89,-0.2,0.45,-0.115,-0.378,2.25,1.75,642.238,467.957,9.531,7.652,46.487,57.639,46.487,-11.152,-4.243,-17.67,13.427,7.652,46.487,0.7328412270814976
165,5_5,4_6_6_2,55.806,55.806,58.943,58.943,1.542,1.542,-5.78,-5.78,1.114,0.904,1.062,0.929,-0.951,-7.985,-0.17,0.66,0.0,0.0,-0.387,0.288,-0.144,-0.312,1.5,1.0,1.0,1.02,185.535,164.182,60.96,60.96,1.004,1.004,1.342,-8.123,-0.2,-0.2,-0.226,-0.226,2.25,2.25,642.238,642.238,7.172,9.327,55.806,55.806,55.806,0.0,-5.78,-5.78,0.0,7.172,55.806,1.67060251590181
918,1_7,3_3_6_6,32.123,36.872,34.855,37.061,-18.136,-24.817,-26.187,-26.663,1.023,1.094,1.058,1.047,0.147,-7.276,-0.27,0.0,0.06,0.0,0.06,0.235,0.302,-0.316,1.53,1.08,1.0,1.0,334.486,60.96,98.427,60.96,0.988,1.077,-0.192,-7.615,0.06,-0.01,0.249,-0.355,1.08,2.7,98.427,636.378,7.762,7.084,32.123,36.872,32.123,-4.749,-26.187,-26.663,0.476,7.084,32.123,-0.7125931706666493
495,6_6,4_3_2_4,38.203,38.203,38.204,38.204,-15.704,-15.704,-15.704,-15.704,0.972,1.034,0.85,1.133,0.713,-7.656,-0.17,-0.17,0.06,-0.2,-0.185,0.244,-0.104,0.398,1.5,1.08,2.25,1.5,185.535,185.535,98.427,642.238,0.998,0.998,1.102,-9.105,0.0,0.0,-0.454,-0.454,1.0,1.0,60.96,60.96,9.818,8.759,38.203,38.203,38.203,0.0,-15.704,-15.704,0.0,8.759,38.203,-0.10076908696372966
824,1_4,5_3_1_8,35.816,34.174,37.678,34.842,-16.559,-20.378,-16.538,-23.215,1.002,1.015,1.018,0.961,-1.867,-8.363,-0.2,0.45,0.06,0.66,-0.231,0.271,0.398,-0.146,2.25,1.08,1.02,1.75,642.238,467.957,98.427,164.182,1.019,1.055,1.656,-8.44,0.06,-0.17,0.208,-0.334,1.08,1.5,98.427,185.535,6.573,10.019,35.816,34.174,34.174,1.642,-16.559,-23.215,6.656,6.573,34.174,-0.5062031713780493
65,6_8,1_2_2_3,58.143,56.38,59.693,51.148,6.144,4.849,2.906,5.18,1.116,1.101,1.091,0.99,1.258,-7.341,0.06,-0.27,-0.2,-0.2,0.229,0.222,-0.118,-0.125,1.08,2.25,2.25,1.53,98.427,334.486,642.238,642.238,0.895,1.043,-0.348,-9.411,0.0,0.45,-0.35,-0.368,1.0,1.75,60.96,467.957,10.669,6.993,58.143,51.148,51.148,6.995,2.906,4.849,-1.942,6.993,51.148,1.2018728149333573
141,1_9,5_2_1_2,42.258,42.682,46.08,46.033,-6.074,-9.05,-3.023,-4.605,1.149,1.034,1.041,0.944,-1.551,-8.444,-0.2,0.66,-0.2,0.66,-0.28,0.315,-0.062,-0.039,2.25,2.25,1.02,1.02,642.238,164.182,642.238,164.182,0.895,1.103,-0.687,-9.217,0.06,0.42,0.317,-0.467,1.08,1.1,98.427,291.269,7.666,7.757,42.258,42.682,42.258,-0.424,-6.074,-9.05,2.976,7.666,42.258,0.3072813504401086
925,7_8,2_1_4_6,28.871,29.149,30.47,31.466,-24.54,-24.461,-25.074,-27.064,1.01,1.016,1.038,1.005,-2.013,-8.597,0.66,0.0,0.66,-0.27,-0.25,0.319,-0.123,0.279,1.02,1.02,1.53,1.0,164.182,60.96,164.182,334.486,0.918,1.064,-0.93,-7.913,-0.01,0.45,-0.153,-0.358,2.7,1.75,636.378,467.957,5.899,7.666,28.871,29.149,28.871,-0.278,-25.074,-27.064,1.99,5.899,28.871,-1.0398385522788027
827,6_8,1_6_1_2,27.163,27.99,28.015,28.003,-22.79,-22.103,-24.129,-23.276,0.974,1.128,0.996,1.017,-1.946,-8.713,0.06,0.66,0.0,0.66,0.315,0.234,-0.374,-0.086,1.08,1.0,1.02,1.02,98.427,164.182,60.96,164.182,0.895,1.043,-0.348,-9.411,0.0,0.45,-0.35,-0.368,1.0,1.75,60.96,467.957,7.465,8.365,27.163,27.99,27.163,-0.827,-24.129,-23.276,-0.853,7.465,27.163,-1.2117128178979777
655,2_4,3_4_1_1,35.473,31.777,35.421,33.237,-15.973,-16.891,-17.85,-18.97,1.011,1.13,1.131,0.993,-0.526,-7.491,-0.27,0.06,-0.27,0.66,0.354,0.248,-0.314,0.202,1.53,1.53,1.02,1.08,334.486,98.427,334.486,164.182,1.11,0.864,-0.212,-8.953,0.66,-0.17,-0.399,-0.107,1.02,1.5,164.182,185.535,8.426,7.279,35.421,31.777,31.777,3.644,-17.85,-18.97,1.12,7.279,31.777,-0.7474107912194795
331,7_7,5_2_6_7,49.062,49.062,52.068,52.068,7.757,7.757,-11.323,-11.323,1.007,1.004,1.062,1.112,-0.31,-7.073,-0.2,-0.01,-0.2,0.0,-0.207,0.233,-0.042,-0.21,2.25,2.25,1.0,2.7,642.238,636.378,642.238,60.96,1.002,1.002,-0.542,-7.282,-0.01,-0.01,-0.228,-0.228,2.7,2.7,636.378,636.378,6.972,6.532,49.062,49.062,49.062,0.0,-11.323,-11.323,0.0,6.532,49.062,0.9919608020050196
664,2_2,3_3_4_5,31.303,31.303,34.521,34.521,-10.28,-10.28,-19.167,-19.167,1.066,0.983,1.028,1.046,0.526,-7.206,-0.27,-0.2,0.06,-0.27,0.073,0.241,0.273,0.238,1.53,1.08,1.53,2.25,334.486,642.238,98.427,334.486,0.978,0.978,-1.736,-9.745,0.66,0.66,-0.268,-0.268,1.02,1.02,164.182,164.182,10.271,5.471,31.303,31.303,31.303,0.0,-19.167,-19.167,0.0,5.471,31.303,-0.7951089187976348
249,5_9,2_4_4_3,47.041,39.668,49.844,42.917,6.163,-7.798,-4.836,-9.043,1.218,0.889,1.137,0.973,-0.481,-7.322,0.66,-0.27,-0.27,-0.27,-0.479,0.3,0.38,0.131,1.02,1.53,1.53,1.53,164.182,334.486,334.486,334.486,0.876,1.056,-0.708,-8.875,-0.2,0.42,-0.122,-0.373,2.25,1.1,642.238,291.269,8.394,6.614,47.041,39.668,39.668,7.373,-4.836,-9.043,4.207,6.614,39.668,0.04665234109955558
907,2_8,3_3_4_1,29.952,30.031,31.962,30.449,-13.385,-14.323,-17.79,-26.001,1.026,1.068,0.945,1.072,0.6,-7.451,-0.27,0.06,0.06,-0.27,0.187,0.231,0.146,0.262,1.53,1.08,1.53,1.08,334.486,98.427,98.427,334.486,0.99,0.949,-1.494,-9.69,0.66,0.45,-0.29,-0.26,1.02,1.75,164.182,467.957,10.29,5.957,29.952,30.031,29.952,-0.079,-17.79,-26.001,8.211,5.957,29.952,-0.9310586452914905
708,4_9,3_6_1_6,28.542,31.43,29.609,33.362,-15.042,-20.164,-16.35,-20.273,0.999,1.158,1.074,0.953,-0.602,-7.62,-0.27,0.0,0.0,0.66,0.181,0.226,-0.371,-0.19,1.53,1.0,1.02,1.0,334.486,60.96,60.96,164.182,0.875,1.066,-0.546,-8.904,-0.17,0.42,-0.127,-0.385,1.5,1.1,185.535,291.269,8.301,7.073,28.542,31.43,28.542,-2.888,-16.35,-20.273,3.923,7.073,28.542,-1.072945480492332
305,3_4,3_6_6_9,34.806,41.604,39.463,43.696,-3.812,-9.403,-6.433,-10.565,0.881,1.142,0.886,1.092,-0.961,-7.345,-0.27,0.42,0.0,0.0,0.229,0.227,-0.408,-0.152,1.53,1.0,1.0,1.1,334.486,291.269,60.96,60.96,1.007,1.095,1.831,-7.467,-0.27,-0.17,0.106,-0.335,1.53,1.5,334.486,185.535,6.506,9.175,34.806,41.604,34.806,-6.797,-6.433,-10.565,4.132,6.506,34.806,-0.4426056679405092
734,1_3,3_3_3_2,41.815,37.853,42.641,38.975,-17.425,-18.19,-19.786,-20.834,1.176,0.899,1.146,0.947,-1.016,-7.802,-0.27,0.66,0.06,0.06,-0.468,0.313,0.464,0.235,1.53,1.08,1.08,1.02,334.486,164.182,98.427,98.427,1.104,1.048,1.779,-7.75,0.06,-0.27,0.121,0.017,1.08,1.53,98.427,334.486,6.734,9.58,41.815,37.853,37.853,3.962,-19.786,-20.834,1.048,6.734,37.853,-0.13598922336110178
975,1_1,2_1_3_3,32.698,32.698,33.973,33.973,-29.418,-29.418,-31.088,-31.088,1.041,1.015,1.131,0.951,-2.005,-7.849,0.66,-0.27,0.66,0.06,-0.289,0.315,-0.132,0.301,1.02,1.02,1.08,1.53,164.182,334.486,164.182,98.427,1.061,1.061,1.545,-8.806,0.06,0.06,0.124,0.124,1.08,1.08,98.427,98.427,6.801,9.394,32.698,32.698,32.698,0.0,-31.088,-31.088,0.0,6.801,32.698,-0.6547315180138236
49,3_4,5_2_6_9,44.021,46.854,51.524,51.258,1.108,1.041,-15.79,8.357,0.964,1.014,1.026,1.144,-0.684,-7.857,-0.2,0.42,-0.2,0.0,-0.174,0.238,-0.059,-0.132,2.25,2.25,1.0,1.1,642.238,291.269,642.238,60.96,1.007,1.095,1.831,-7.467,-0.27,-0.17,0.106,-0.335,1.53,1.5,334.486,185.535,6.784,9.688,44.021,46.854,44.021,-2.833,-15.79,1.041,-16.831,6.784,44.021,0.4846902089217279
896,8_9,1_6_3_5,30.993,32.41,35.097,33.229,-13.84,-12.537,-18.61,-25.703,0.999,1.118,1.008,1.056,0.221,-7.83,0.06,-0.2,0.0,0.06,0.272,0.225,-0.416,0.394,1.08,1.0,1.08,2.25,98.427,642.238,60.96,98.427,0.968,0.942,-1.586,-9.126,0.45,0.42,-0.289,-0.275,1.75,1.1,467.957,291.269,9.347,6.244,30.993,32.41,30.993,-1.417,-18.61,-25.703,7.094,6.244,30.993,-0.826303896749593
2,5_5,3_2_2_1,90.996,90.996,80.073,80.073,15.623,15.623,34.097,34.097,1.116,1.101,1.091,0.99,1.258,-7.341,-0.27,0.06,-0.2,-0.2,0.229,0.222,-0.118,-0.125,1.53,2.25,2.25,1.08,334.486,98.427,642.238,642.238,1.004,1.004,1.342,-8.123,-0.2,-0.2,-0.226,-0.226,2.25,2.25,642.238,642.238,9.381,8.683,80.073,80.073,80.073,0.0,15.623,15.623,0.0,8.683,80.073,4.112565515773313
544,2_8,4_3_3_9,36.7,34.241,37.072,37.267,-14.613,-9.664,-17.799,-16.503,0.968,1.056,0.917,1.102,-1.27,-8.206,-0.17,0.42,0.06,0.06,-0.224,0.27,0.317,0.454,1.5,1.08,1.08,1.1,185.535,291.269,98.427,98.427,0.99,0.949,-1.494,-9.69,0.66,0.45,-0.29,-0.26,1.02,1.75,164.182,467.957,8.421,6.711,36.7,34.241,34.241,2.459,-17.799,-16.503,-1.297,6.711,34.241,-0.4994610309819809
350,7_9,4_4_1_3,35.339,36.272,39.048,35.466,-9.761,-8.619,-11.954,-11.879,0.908,1.197,1.021,1.061,-0.236,-7.476,-0.17,-0.27,-0.27,0.66,0.272,0.248,-0.335,0.292,1.5,1.53,1.02,1.53,185.535,334.486,334.486,164.182,0.939,1.048,-1.088,-8.015,-0.01,0.42,-0.156,-0.35,2.7,1.1,636.378,291.269,7.779,6.388,35.339,35.466,35.339,-0.128,-11.954,-11.879,-0.075,6.388,35.339,-0.3889704316553683
904,1_3,1_6_4_5,41.877,42.092,42.388,42.847,-20.275,-20.656,-30.866,-25.949,1.076,1.153,1.021,1.042,0.485,-7.516,0.06,-0.2,0.0,-0.27,0.261,0.222,-0.402,0.285,1.08,1.0,1.53,2.25,98.427,642.238,60.96,334.486,1.104,1.048,1.779,-7.75,0.06,-0.27,0.121,0.017,1.08,1.53,98.427,334.486,8.234,9.295,41.877,42.092,41.877,-0.214,-30.866,-25.949,-4.916,8.234,41.877,0.2689417162475408
536,4_6,3_1_6_4,33.637,33.963,34.502,36.485,-14.352,-15.27,-15.655,-16.357,0.876,1.194,1.091,1.046,-0.247,-7.461,-0.27,-0.17,0.66,0.0,0.254,0.243,-0.301,-0.261,1.53,1.02,1.0,1.5,334.486,185.535,164.182,60.96,0.975,1.037,1.376,-8.571,-0.17,0.0,-0.226,-0.472,1.5,1.0,185.535,60.96,8.323,8.837,33.637,33.963,33.637,-0.326,-15.655,-16.357,0.702,8.323,33.637,-0.5602409235077314
344,3_7,5_3_1_4,39.45,40.656,41.203,39.035,-5.438,-7.031,-14.682,-11.541,0.86,1.133,0.981,1.055,-0.685,-7.99,-0.2,-0.17,0.06,0.66,-0.069,0.267,-0.257,0.413,2.25,1.08,1.02,1.5,642.238,185.535,98.427,164.182,0.967,1.124,0.024,-7.025,-0.27,-0.01,0.156,-0.362,1.53,2.7,334.486,636.378,6.34,8.014,39.45,39.035,39.035,0.416,-14.682,-11.541,-3.141,6.34,39.035,-0.017045791299120316
994,1_3,1_3_3_1,39.751,39.75,39.826,39.826,-33.386,-33.383,-35.094,-35.095,1.03,1.027,1.027,1.03,0.127,-8.492,0.06,0.06,0.06,0.06,0.249,0.249,0.193,0.244,1.08,1.08,1.08,1.08,98.427,98.427,98.427,98.427,1.104,1.048,1.779,-7.75,0.06,-0.27,0.121,0.017,1.08,1.53,98.427,334.486,7.877,10.27,39.751,39.75,39.75,0.001,-35.094,-35.095,0.001,7.877,39.75,0.054903915912654234
481,5_8,4_4_1_7,42.924,40.47,42.465,43.331,1.224,-3.47,-18.222,-15.34,1.055,1.02,1.106,0.912,-1.309,-7.505,-0.17,-0.01,-0.27,0.66,-0.24,0.254,0.284,-0.213,1.5,1.53,1.02,2.7,185.535,636.378,334.486,164.182,0.871,1.076,-0.346,-8.89,-0.2,0.45,-0.115,-0.378,2.25,1.75,642.238,467.957,7.58,7.159,42.465,40.47,40.47,1.996,-18.222,-15.34,-2.882,7.159,40.47,0.12735676793010506
575,4_4,4_3_4_4,43.244,43.244,43.376,43.376,-7.028,-7.028,-17.245,-17.245,1.104,0.897,1.048,1.016,0.513,-7.502,-0.17,-0.17,0.06,-0.27,-0.283,0.261,0.348,0.224,1.5,1.08,1.53,1.5,185.535,185.535,98.427,334.486,1.012,1.013,1.714,-8.088,-0.17,-0.17,-0.243,-0.243,1.5,1.5,185.535,185.535,8.602,9.216,43.244,43.244,43.244,0.0,-17.245,-17.245,0.0,8.602,43.244,0.406501506119562
33,5_7,3_6_2_5,56.799,54.283,59.172,54.627,21.544,12.321,10.586,11.542,1.068,1.146,1.002,1.032,0.909,-7.034,-0.27,-0.2,0.0,-0.2,0.126,0.216,-0.344,-0.035,1.53,1.0,2.25,2.25,334.486,642.238,60.96,642.238,1.04,1.094,0.231,-7.776,-0.2,-0.01,-0.199,-0.259,2.25,2.7,642.238,636.378,8.685,7.265,56.799,54.283,54.283,2.517,10.586,11.542,-0.955,7.265,54.283,1.5173446080926747
31,8_8,3_2_2_4,63.825,63.825,60.779,60.779,15.122,15.122,11.756,11.756,1.015,1.072,1.094,1.143,1.29,-7.168,-0.27,-0.17,-0.2,-0.2,0.121,0.219,-0.117,-0.034,1.53,2.25,2.25,1.5,334.486,185.535,642.238,642.238,0.949,1.031,-0.671,-9.446,0.45,0.45,-0.246,-0.325,1.75,1.75,467.957,467.957,10.736,6.497,60.779,60.779,60.779,0.0,11.756,11.756,0.0,6.497,60.779,2.171030339627899
231,5_5,4_1_3_9,50.702,50.702,51.905,51.905,1.878,1.878,-8.484,-8.484,0.8,1.154,0.909,1.104,-1.548,-8.503,-0.17,0.42,0.66,0.06,-0.024,0.273,-0.277,0.517,1.5,1.02,1.08,1.1,185.535,291.269,164.182,98.427,1.004,1.004,1.342,-8.123,-0.2,-0.2,-0.226,-0.226,2.25,2.25,642.238,642.238,6.575,9.845,50.702,50.702,50.702,0.0,-8.484,-8.484,0.0,6.575,50.702,1.1569922982669911
963,1_6,1_6_2_6,35.774,35.326,35.318,35.823,-31.015,-32.093,-31.065,-30.019,1.055,1.126,0.988,1.04,0.47,-7.896,0.06,0.0,0.0,-0.2,0.25,0.219,-0.364,-0.046,1.08,1.0,2.25,1.0,98.427,60.96,60.96,642.238,0.983,1.082,1.33,-8.949,0.06,0.0,0.223,-0.568,1.08,1.0,98.427,60.96,9.419,9.226,35.318,35.326,35.318,-0.008,-31.065,-32.093,1.028,9.226,35.318,-0.3910836398392107
192,3_4,5_3_1_5,44.538,38.657,46.567,42.991,-4.774,-4.657,-7.655,-6.98,0.86,1.124,0.977,1.057,-0.826,-7.995,-0.2,-0.2,0.06,0.66,-0.063,0.267,-0.244,0.415,2.25,1.08,1.02,2.25,642.238,642.238,98.427,164.182,1.007,1.095,1.831,-7.467,-0.27,-0.17,0.106,-0.335,1.53,1.5,334.486,185.535,6.641,9.825,44.538,38.657,38.657,5.88,-7.655,-6.98,-0.675,6.641,38.657,-0.05508353860828207
333,1_4,5_1_4_5,43.211,42.666,46.893,45.57,-12.842,-12.409,-11.442,-11.359,0.943,1.106,1.025,1.035,-0.625,-7.773,-0.2,-0.2,0.66,-0.27,-0.074,0.264,-0.23,0.303,2.25,1.02,1.53,2.25,642.238,642.238,164.182,334.486,1.019,1.055,1.656,-8.44,0.06,-0.17,0.208,-0.334,1.08,1.5,98.427,185.535,7.815,9.429,43.211,42.666,42.666,0.545,-12.842,-12.409,-0.433,7.815,42.666,0.34833796658333027
3,3_7,5_2_2_2,83.285,78.464,78.559,77.336,31.327,26.402,28.95,33.326,1.207,1.073,1.013,0.997,-0.273,-8.05,-0.2,0.66,-0.2,-0.2,-0.398,0.295,0.113,-0.036,2.25,2.25,2.25,1.02,642.238,164.182,642.238,642.238,0.967,1.124,0.024,-7.025,-0.27,-0.01,0.156,-0.362,1.53,2.7,334.486,636.378,6.752,8.074,78.559,77.336,77.336,1.224,28.95,26.402,2.548,6.752,77.336,3.837144049145864
204,2_4,4_1_6_5,36.411,37.601,38.854,41.223,-8.332,-6.9,-15.558,-7.484,0.886,1.109,1.088,1.022,-0.469,-7.877,-0.17,-0.2,0.66,0.0,-0.099,0.259,-0.208,-0.266,1.5,1.02,1.0,2.25,185.535,642.238,164.182,60.96,1.11,0.864,-0.212,-8.953,0.66,-0.17,-0.399,-0.107,1.02,1.5,164.182,185.535,8.483,7.664,36.411,37.601,36.411,-1.191,-15.558,-7.484,-8.074,7.664,36.411,-0.2810961853182744
514,1_9,2_3_3_8,42.744,42.973,42.984,43.382,-16.482,-7.319,-15.184,-15.935,1.094,0.946,0.959,1.054,-1.973,-8.786,0.66,0.45,0.06,0.06,-0.406,0.32,0.452,0.432,1.02,1.08,1.08,1.75,164.182,467.957,98.427,98.427,0.895,1.103,-0.687,-9.217,0.06,0.42,0.317,-0.467,1.08,1.1,98.427,291.269,7.243,8.099,42.744,42.973,42.744,-0.229,-16.482,-15.935,-0.547,7.243,42.744,0.35618702555188775
799,7_7,1_6_3_3,37.626,37.626,39.345,39.345,-10.473,-10.473,-22.604,-22.604,1.03,1.139,1.089,1.028,0.424,-7.402,0.06,-0.27,0.0,0.06,0.261,0.225,-0.416,0.311,1.08,1.0,1.08,1.53,98.427,334.486,60.96,98.427,1.002,1.002,-0.542,-7.282,-0.01,-0.01,-0.228,-0.228,2.7,2.7,636.378,636.378,7.707,6.86,37.626,37.626,37.626,0.0,-22.604,-22.604,0.0,6.86,37.626,-0.1588319975388263
306,2_9,3_1_1_1,34.245,34.319,35.57,33.953,-8.013,-9.246,-9.46,-10.609,0.963,1.141,1.221,0.876,-0.717,-8.22,-0.27,0.06,0.66,0.66,0.363,0.25,-0.265,-0.293,1.53,1.02,1.02,1.08,334.486,98.427,164.182,164.182,0.993,0.929,-1.74,-9.532,0.66,0.42,-0.296,-0.254,1.02,1.1,164.182,291.269,8.815,6.48,34.245,33.953,33.953,0.292,-9.46,-10.609,1.149,6.48,33.953,-0.5284421717889609
109,2_8,1_4_2_5,38.99,40.638,39.885,38.857,-8.094,-7.281,-6.349,-1.484,1.154,0.906,1.023,0.966,0.866,-7.794,0.06,-0.2,-0.27,-0.2,0.175,0.225,0.206,-0.073,1.08,1.53,2.25,2.25,98.427,642.238,334.486,642.238,0.99,0.949,-1.494,-9.69,0.66,0.45,-0.29,-0.26,1.02,1.75,164.182,467.957,10.557,6.3,38.99,38.857,38.857,0.133,-8.094,-7.281,-0.814,6.3,38.857,-0.03495774638121208
430,5_8,5_1_6_2,39.379,46.339,41.284,57.084,-13.011,6.438,-15.905,-14.153,1.105,0.955,1.125,0.824,-1.482,-8.439,-0.2,0.66,0.66,0.0,-0.358,0.297,-0.131,-0.223,2.25,1.02,1.0,1.02,642.238,164.182,164.182,60.96,0.871,1.076,-0.346,-8.89,-0.2,0.45,-0.115,-0.378,2.25,1.75,642.238,467.957,7.408,8.093,39.379,46.339,39.379,-6.96,-15.905,-14.153,-1.752,7.408,39.379,0.017570571331439702
77,4_8,4_1_2_5,46.652,45.475,50.427,48.491,-0.719,-1.46,2.719,2.456,1.077,1.086,1.025,0.977,-0.095,-8.026,-0.17,-0.2,0.66,-0.2,-0.107,0.26,-0.192,-0.024,1.5,1.02,2.25,2.25,185.535,642.238,164.182,642.238,0.873,1.087,-0.165,-8.898,-0.17,0.45,-0.122,-0.391,1.5,1.75,185.535,467.957,8.803,7.861,46.652,45.475,45.475,1.177,-0.719,-1.46,0.741,7.861,45.475,0.6310047184125247
84,2_8,3_1_2_5,38.933,41.775,43.324,43.86,-2.736,-2.377,0.282,1.355,1.026,1.131,1.026,1.003,0.071,-7.648,-0.27,-0.2,0.66,-0.2,0.244,0.244,-0.282,-0.02,1.53,1.02,2.25,2.25,334.486,642.238,164.182,642.238,0.99,0.949,-1.494,-9.69,0.66,0.45,-0.29,-0.26,1.02,1.75,164.182,467.957,9.761,6.154,38.933,41.775,38.933,-2.842,-2.736,-2.377,-0.359,6.154,38.933,-0.02730994533492554
286,3_3,4_4_2_3,52.156,52.156,51.374,51.374,-4.282,-4.282,-10.082,-10.082,0.984,1.104,0.927,1.143,1.186,-7.114,-0.17,-0.27,-0.27,-0.2,0.154,0.226,-0.176,0.29,1.5,1.53,2.25,1.53,185.535,334.486,334.486,642.238,1.074,1.074,1.92,-7.114,-0.27,-0.27,0.023,0.023,1.53,1.53,334.486,334.486,8.301,9.034,51.374,51.374,51.374,0.0,-10.082,-10.082,0.0,8.301,51.374,1.2246149601499459
82,5_9,5_1_2_5,63.447,63.208,65.925,72.362,24.684,22.846,24.901,1.54,1.077,1.079,1.025,0.991,-0.275,-8.049,-0.2,-0.2,0.66,-0.2,-0.101,0.26,-0.179,-0.021,2.25,1.02,2.25,2.25,642.238,642.238,164.182,642.238,0.876,1.056,-0.708,-8.875,-0.2,0.42,-0.122,-0.373,2.25,1.1,642.238,291.269,8.6,7.341,63.447,63.208,63.208,0.239,24.684,1.54,23.143,7.341,63.208,2.41545808622566
991,9_9,1_4_1_1,30.486,30.486,31.83,31.83,-20.971,-20.971,-34.486,-34.486,0.964,1.146,1.088,1.032,-0.678,-8.258,0.06,0.06,-0.27,0.66,0.373,0.252,-0.323,0.204,1.08,1.53,1.02,1.08,98.427,98.427,334.486,164.182,0.947,0.946,-1.736,-9.188,0.42,0.42,-0.281,-0.281,1.1,1.1,291.269,291.269,8.51,6.523,30.486,30.486,30.486,0.0,-34.486,-34.486,0.0,6.523,30.486,-0.8773227800452146
789,1_4,5_2_6_7,45.005,42.369,49.491,46.053,-5.105,-8.218,-21.066,-22.389,1.007,1.004,1.062,1.112,-0.31,-7.073,-0.2,-0.01,-0.2,0.0,-0.207,0.233,-0.042,-0.21,2.25,2.25,1.0,2.7,642.238,636.378,642.238,60.96,1.019,1.055,1.656,-8.44,0.06,-0.17,0.208,-0.334,1.08,1.5,98.427,185.535,8.13,8.729,45.005,42.369,42.369,2.636,-21.066,-22.389,1.324,8.13,42.369,0.31845116512613203
894,1_1,4_6_4_9,39.737,39.737,39.339,39.339,-25.406,-25.406,-25.679,-25.679,0.993,1.115,0.87,1.172,-0.762,-7.659,-0.17,0.42,0.0,-0.27,-0.133,0.247,-0.35,0.419,1.5,1.0,1.53,1.1,185.535,291.269,60.96,334.486,1.061,1.061,1.545,-8.806,0.06,0.06,0.124,0.124,1.08,1.08,98.427,98.427,8.044,9.204,39.339,39.339,39.339,0.0,-25.679,-25.679,0.0,8.044,39.339,0.013545412886025846
398,4_5,3_6_4_3,42.612,43.219,45.905,45.762,-18.798,-2.783,-9.567,-13.229,1.142,0.972,1.129,0.956,0.642,-6.97,-0.27,-0.27,0.0,-0.27,0.015,0.23,0.234,-0.392,1.53,1.0,1.53,1.53,334.486,334.486,60.96,334.486,0.999,1.017,1.462,-8.094,-0.17,-0.2,-0.228,-0.241,1.5,2.25,185.535,642.238,8.736,8.433,42.612,43.219,42.612,-0.607,-18.798,-13.229,-5.568,8.433,42.612,0.3429040026820219
323,4_8,3_1_3_8,33.414,36.141,35.654,38.762,-6.443,-7.751,-16.92,-11.113,0.823,1.239,0.894,1.15,-1.069,-8.053,-0.27,0.45,0.66,0.06,0.318,0.257,-0.365,0.525,1.53,1.02,1.08,1.75,334.486,467.957,164.182,98.427,0.873,1.087,-0.165,-8.898,-0.17,0.45,-0.122,-0.391,1.5,1.75,185.535,467.957,7.829,7.888,33.414,36.141,33.414,-2.728,-16.92,-11.113,-5.807,7.829,33.414,-0.582681181840914
519,4_4,4_3_3_5,45.076,45.076,46.519,46.519,-10.032,-10.032,-16.064,-16.064,1.037,1.013,1.005,1.039,0.198,-7.787,-0.17,-0.2,0.06,0.06,-0.275,0.263,0.338,0.348,1.5,1.08,1.08,2.25,185.535,642.238,98.427,98.427,1.012,1.013,1.714,-8.088,-0.17,-0.17,-0.243,-0.243,1.5,1.5,185.535,185.535,8.286,9.501,45.076,45.076,45.076,0.0,-16.064,-16.064,0.0,8.286,45.076,0.5908537629195206
916,6_8,1_3_6_7,30.066,27.246,30.671,27.919,-28.008,-19.577,-27.834,-26.533,1.087,0.984,1.033,0.974,-0.822,-7.391,0.06,-0.01,0.06,0.0,0.159,0.233,0.305,-0.302,1.08,1.08,1.0,2.7,98.427,636.378,98.427,60.96,0.895,1.043,-0.348,-9.411,0.0,0.45,-0.35,-0.368,1.0,1.75,60.96,467.957,8.59,7.043,30.066,27.246,27.246,2.819,-28.008,-26.533,-1.475,7.043,27.246,-1.203360614123744
922,1_5,5_3_1_8,41.651,39.079,42.716,41.081,-2.83,-13.254,-20.731,-26.744,1.002,1.015,1.018,0.961,-1.867,-8.363,-0.2,0.45,0.06,0.66,-0.231,0.271,0.398,-0.146,2.25,1.08,1.02,1.75,642.238,467.957,98.427,164.182,1.011,1.054,1.418,-8.429,0.06,-0.2,0.22,-0.329,1.08,2.25,98.427,642.238,6.562,9.781,41.651,39.079,39.079,2.573,-20.731,-26.744,6.012,6.562,39.079,-0.012618117009164573
5,2_8,5_2_2_5,80.906,82.844,87.016,81.682,34.147,32.21,31.97,31.978,1.092,1.051,1.051,1.092,1.218,-7.646,-0.2,-0.2,-0.2,-0.2,-0.228,0.228,-0.016,-0.016,2.25,2.25,2.25,2.25,642.238,642.238,642.238,642.238,0.99,0.949,-1.494,-9.69,0.66,0.45,-0.29,-0.26,1.02,1.75,164.182,467.957,10.908,6.152,80.906,81.682,80.906,-0.776,31.97,31.978,-0.007,6.152,80.906,4.196389440399059
731,4_5,2_6_4_1,40.239,41.714,41.739,42.045,-22.165,-22.063,-20.941,-20.753,0.994,1.072,1.056,1.161,-1.026,-8.033,0.66,0.06,0.0,-0.27,0.223,0.233,0.171,-0.188,1.02,1.0,1.53,1.08,164.182,98.427,60.96,334.486,0.999,1.017,1.462,-8.094,-0.17,-0.2,-0.228,-0.241,1.5,2.25,185.535,642.238,7.068,9.495,40.239,41.714,40.239,-1.475,-22.165,-22.063,-0.101,7.068,40.239,0.10411147790783938
465,4_9,4_6_6_5,37.76,35.733,41.603,39.392,-5.882,-7.585,-7.358,-15.067,1.008,1.044,1.044,1.007,0.419,-7.403,-0.17,-0.2,0.0,0.0,-0.21,0.232,-0.277,-0.278,1.5,1.0,1.0,2.25,185.535,642.238,60.96,60.96,0.875,1.066,-0.546,-8.904,-0.17,0.42,-0.127,-0.385,1.5,1.1,185.535,291.269,9.322,6.857,37.76,35.733,35.733,2.027,-7.358,-15.067,7.709,6.857,35.733,-0.3493226209680411
97,1_8,1_2_2_4,63.284,64.929,65.459,62.596,2.787,4.388,-0.97,0.08,1.119,1.104,1.017,0.998,1.151,-7.933,0.06,-0.17,-0.2,-0.2,0.222,0.22,-0.118,-0.041,1.08,2.25,2.25,1.5,98.427,185.535,642.238,642.238,0.894,1.125,-0.239,-9.257,0.06,0.45,0.324,-0.475,1.08,1.75,98.427,467.957,10.409,7.693,63.284,62.596,62.596,0.688,-0.97,0.08,-1.05,7.693,62.596,2.3538731620108266
266,2_7,3_4_4_4,36.411,34.561,37.055,36.071,-15.323,-8.307,-9.248,-9.671,1.029,1.104,0.975,1.104,0.867,-6.884,-0.27,-0.17,-0.27,-0.27,0.093,0.233,0.16,0.24,1.53,1.53,1.53,1.5,334.486,185.535,334.486,334.486,1.095,0.903,-1.149,-8.015,0.66,-0.01,-0.373,-0.136,1.02,2.7,164.182,636.378,8.882,5.734,36.411,34.561,34.561,1.851,-15.323,-9.671,-5.652,5.734,34.561,-0.4672597634186693
357,5_9,4_2_1_3,47.508,52.176,51.396,54.937,1.937,6.764,-7.565,-12.082,0.955,1.165,1.045,1.027,0.05,-7.607,-0.17,-0.27,-0.2,0.66,0.248,0.244,-0.285,-0.035,1.5,2.25,1.02,1.53,185.535,334.486,642.238,164.182,0.876,1.056,-0.708,-8.875,-0.2,0.42,-0.122,-0.373,2.25,1.1,642.238,291.269,8.925,6.899,47.508,52.176,47.508,-4.668,-7.565,-12.082,4.517,6.899,47.508,0.8355833964006885
868,4_6,2_1_2_1,34.711,32.279,34.095,33.464,-24.006,-24.364,-24.322,-24.827,0.979,1.091,1.013,1.059,-1.743,-8.647,0.66,0.06,0.66,-0.2,0.293,0.236,-0.142,-0.071,1.02,1.02,2.25,1.08,164.182,98.427,164.182,642.238,0.975,1.037,1.376,-8.571,-0.17,0.0,-0.226,-0.472,1.5,1.0,185.535,60.96,6.827,10.023,34.095,32.279,32.279,1.817,-24.322,-24.827,0.504,6.827,32.279,-0.6968950527295343
798,2_2,3_4_6_3,23.911,23.911,21.562,21.562,-21.125,-21.125,-22.583,-22.583,1.142,0.972,1.129,0.956,0.642,-6.97,-0.27,-0.27,-0.27,0.0,0.015,0.23,0.234,-0.392,1.53,1.53,1.0,1.53,334.486,334.486,334.486,60.96,0.978,0.978,-1.736,-9.745,0.66,0.66,-0.268,-0.268,1.02,1.02,164.182,164.182,10.387,5.235,21.562,21.562,21.562,0.0,-22.583,-22.583,0.0,5.235,21.562,-1.7753356292170648
380,3_7,2_6_6_6,36.414,33.483,37.509,34.694,-10.173,-17.659,-12.289,-12.73,1.102,0.913,1.029,0.965,-1.068,-8.352,0.66,0.0,0.0,0.0,-0.374,0.291,-0.152,-0.294,1.02,1.0,1.0,1.0,164.182,60.96,60.96,60.96,0.967,1.124,0.024,-7.025,-0.27,-0.01,0.156,-0.362,1.53,2.7,334.486,636.378,5.958,8.376,36.414,33.483,33.483,2.931,-12.289,-17.659,5.37,5.958,33.483,-0.5757377835225753
631,1_6,3_2_1_9,38.223,39.415,38.094,39.866,-18.414,-18.313,-18.575,-18.444,0.954,1.12,1.019,1.074,-1.628,-7.678,-0.27,0.42,-0.2,0.66,0.197,0.235,-0.143,-0.082,1.53,2.25,1.02,1.1,334.486,291.269,642.238,164.182,0.983,1.082,1.33,-8.949,0.06,0.0,0.223,-0.568,1.08,1.0,98.427,60.96,7.321,9.008,38.094,39.415,38.094,-1.321,-18.575,-18.444,-0.131,7.321,38.094,-0.11173764372748282
381,1_9,3_4_6_2,32.754,35.177,34.25,35.922,-9.947,-15.463,-13.258,-12.745,1.158,0.996,1.113,0.943,-0.887,-7.295,-0.27,0.66,-0.27,0.0,-0.393,0.29,-0.177,0.157,1.53,1.53,1.0,1.02,334.486,164.182,334.486,60.96,0.895,1.103,-0.687,-9.217,0.06,0.42,0.317,-0.467,1.08,1.1,98.427,291.269,8.33,6.607,32.754,35.177,32.754,-2.423,-13.258,-15.463,2.204,6.607,32.754,-0.6490962961902443
490,7_9,1_6_1_4,34.816,34.826,35.464,35.54,-12.997,-13.754,-15.318,-15.589,1.031,1.129,1.118,0.881,-0.51,-8.176,0.06,-0.17,0.0,0.66,0.266,0.225,-0.355,-0.213,1.08,1.0,1.02,1.5,98.427,185.535,60.96,164.182,0.939,1.048,-1.088,-8.015,-0.01,0.42,-0.156,-0.35,2.7,1.1,636.378,291.269,7.505,7.087,34.816,34.826,34.816,-0.01,-15.318,-15.589,0.271,7.087,34.816,-0.4415993783291552
118,6_8,5_2_4_7,51.25,49.191,53.39,49.036,-0.557,0.182,2.746,-2.329,1.002,1.022,0.879,1.154,-0.078,-7.105,-0.2,-0.01,-0.2,-0.27,-0.191,0.238,-0.07,0.341,2.25,2.25,1.53,2.7,642.238,636.378,642.238,334.486,0.895,1.043,-0.348,-9.411,0.0,0.45,-0.35,-0.368,1.0,1.75,60.96,467.957,9.333,6.756,51.25,49.036,49.036,2.214,-0.557,-2.329,1.773,6.756,49.036,0.9893444490155009
900,3_3,1_1_6_4,36.727,36.727,37.678,37.678,-24.287,-24.287,-25.808,-25.808,0.897,1.142,1.106,1.035,-0.554,-8.161,0.06,-0.17,0.66,0.0,0.347,0.244,-0.285,-0.272,1.08,1.02,1.0,1.5,98.427,185.535,164.182,60.96,1.074,1.074,1.92,-7.114,-0.27,-0.27,0.023,0.023,1.53,1.53,334.486,334.486,6.56,10.081,36.727,36.727,36.727,0.0,-25.808,-25.808,0.0,6.56,36.727,-0.24929743359950474
250,2_3,2_6_4_5,39.571,39.598,42.808,43.238,-8.892,-6.558,-15.417,-9.054,1.151,1.025,1.032,0.978,-0.964,-7.795,0.66,-0.2,0.0,-0.27,-0.365,0.294,-0.179,0.26,1.02,1.0,1.53,2.25,164.182,642.238,60.96,334.486,1.209,0.871,0.011,-8.258,0.66,-0.27,-0.5,0.238,1.02,1.53,164.182,334.486,7.293,7.806,39.571,39.598,39.571,-0.027,-15.417,-9.054,-6.363,7.293,39.571,0.03689133186942664
523,7_7,5_1_1_9,36.727,36.727,40.734,40.734,-5.684,-5.684,-16.099,-16.099,0.788,1.139,1.01,0.942,-2.291,-8.648,-0.2,0.42,0.66,0.66,-0.015,0.268,-0.2,-0.084,2.25,1.02,1.02,1.1,642.238,291.269,164.182,164.182,1.002,1.002,-0.542,-7.282,-0.01,-0.01,-0.228,-0.228,2.7,2.7,636.378,636.378,4.991,8.107,36.727,36.727,36.727,0.0,-16.099,-16.099,0.0,4.991,36.727,-0.24929743359950474
9,3_3,4_2_2_5,80.367,80.367,79.024,79.024,28.047,28.047,21.057,21.057,1.142,1.094,0.994,1.02,1.217,-7.666,-0.17,-0.2,-0.2,-0.2,-0.235,0.232,-0.025,-0.021,1.5,2.25,2.25,2.25,185.535,642.238,642.238,642.238,1.074,1.074,1.92,-7.114,-0.27,-0.27,0.023,0.023,1.53,1.53,334.486,334.486,8.331,9.586,79.024,79.024,79.024,0.0,21.057,21.057,0.0,8.331,79.024,4.007005735542333
196,1_9,3_1_1_3,35.492,35.489,38.777,38.777,-3.354,-5.211,-7.195,-7.191,0.923,1.19,1.19,0.923,-0.398,-7.719,-0.27,-0.27,0.66,0.66,0.267,0.249,-0.283,-0.283,1.53,1.02,1.02,1.53,334.486,334.486,164.182,164.182,0.895,1.103,-0.687,-9.217,0.06,0.42,0.317,-0.467,1.08,1.1,98.427,291.269,8.819,7.032,35.492,35.489,35.489,0.003,-7.195,-7.191,-0.004,7.032,35.489,-0.3738760874850662
603,5_7,4_3_1_2,44.67,40.639,38.191,40.102,-18.816,-15.332,-19.975,-17.798,0.995,1.012,1.045,0.978,-2.102,-8.456,-0.17,0.66,0.06,0.66,-0.256,0.319,-0.13,0.381,1.5,1.08,1.02,1.02,185.535,164.182,98.427,164.182,1.04,1.094,0.231,-7.776,-0.2,-0.01,-0.199,-0.259,2.25,2.7,642.238,636.378,5.674,8.687,38.191,40.102,38.191,-1.91,-19.975,-17.798,-2.177,5.674,38.191,-0.10197663449735389
81,6_9,4_2_2_6,51.962,57.184,54.445,54.65,3.091,2.237,1.873,1.676,1.029,1.011,1.093,1.137,1.079,-7.757,-0.17,0.0,-0.2,-0.2,-0.222,0.235,-0.044,-0.019,1.5,2.25,2.25,1.0,185.535,60.96,642.238,642.238,0.896,1.023,-0.657,-9.131,0.0,0.42,-0.355,-0.364,1.0,1.1,60.96,291.269,10.21,7.1,51.962,54.65,51.962,-2.688,1.873,1.676,0.197,7.1,51.962,1.283784789297531
783,9_9,2_2_6_8,32.433,32.433,33.206,33.206,-12.064,-12.064,-22.198,-22.198,1.097,0.894,1.002,1.095,-1.407,-8.465,0.66,0.45,-0.2,0.0,-0.36,0.3,0.061,-0.172,1.02,2.25,1.0,1.75,164.182,467.957,642.238,60.96,0.947,0.946,-1.736,-9.188,0.42,0.42,-0.281,-0.281,1.1,1.1,291.269,291.269,7.782,6.729,32.433,32.433,32.433,0.0,-22.198,-22.198,0.0,6.729,32.433,-0.681398192714691
587,4_9,3_4_6_5,37.342,34.768,40.149,39.3,-8.694,-7.7,-8.601,-17.556,1.02,1.08,1.132,1.103,0.64,-6.885,-0.27,-0.2,-0.27,0.0,0.076,0.226,0.199,-0.311,1.53,1.53,1.0,2.25,334.486,642.238,334.486,60.96,0.875,1.066,-0.546,-8.904,-0.17,0.42,-0.127,-0.385,1.5,1.1,185.535,291.269,9.543,6.339,37.342,34.768,34.768,2.574,-8.694,-17.556,8.861,6.339,34.768,-0.4464295684636521
797,5_8,2_4_1_1,41.611,37.866,40.326,38.957,-7.387,-7.008,-21.737,-22.549,0.871,1.17,0.895,1.208,-1.214,-8.417,0.66,0.06,-0.27,0.66,0.398,0.257,-0.311,0.435,1.02,1.53,1.02,1.08,164.182,98.427,334.486,164.182,0.871,1.076,-0.346,-8.89,-0.2,0.45,-0.115,-0.378,2.25,1.75,642.238,467.957,7.676,8.071,40.326,37.866,37.866,2.46,-21.737,-22.549,0.811,7.676,37.866,-0.13468104686634244
239,2_5,3_4_4_5,45.295,49.464,48.923,57.378,2.192,11.871,-10.746,-8.672,1.031,1.09,0.971,1.098,0.749,-6.914,-0.27,-0.2,-0.27,-0.27,0.095,0.233,0.161,0.254,1.53,1.53,1.53,2.25,334.486,642.238,334.486,334.486,1.102,0.862,-0.393,-8.926,0.66,-0.2,-0.389,-0.1,1.02,2.25,164.182,642.238,9.675,6.521,45.295,49.464,45.295,-4.169,-10.746,-8.672,-2.074,6.521,45.295,0.6128915054081621
290,5_9,3_6_3_8,40.695,44.23,41.531,48.079,4.134,4.933,-12.572,-10.153,0.912,1.165,0.892,1.174,-0.657,-7.606,-0.27,0.45,0.0,0.06,0.225,0.233,-0.449,0.51,1.53,1.0,1.08,1.75,334.486,467.957,60.96,98.427,0.876,1.056,-0.708,-8.875,-0.2,0.42,-0.122,-0.373,2.25,1.1,642.238,291.269,8.218,6.898,40.695,44.23,40.695,-3.536,-12.572,-10.153,-2.42,6.898,40.695,0.14999828418555863
211,3_9,5_2_6_7,43.808,40.908,46.875,48.992,4.037,2.365,-13.365,-7.82,1.007,1.004,1.062,1.112,-0.31,-7.073,-0.2,-0.01,-0.2,0.0,-0.207,0.233,-0.042,-0.21,2.25,2.25,1.0,2.7,642.238,636.378,642.238,60.96,0.875,1.158,-0.377,-8.19,-0.27,0.42,0.224,-0.481,1.53,1.1,334.486,291.269,7.88,6.696,43.808,40.908,40.908,2.9,-13.365,-7.82,-5.545,6.696,40.908,0.17143225290738798
717,4_5,4_3_1_6,38.066,35.913,38.784,36.301,-7.69,-24.604,-21.772,-20.523,1.029,1.019,1.098,0.883,-0.93,-8.195,-0.17,0.0,0.06,0.66,-0.265,0.264,0.391,-0.241,1.5,1.08,1.02,1.0,185.535,60.96,98.427,164.182,0.999,1.017,1.462,-8.094,-0.17,-0.2,-0.228,-0.241,1.5,2.25,185.535,642.238,7.164,9.657,38.066,35.913,35.913,2.153,-21.772,-24.604,2.832,7.164,35.913,-0.3312094079636784
359,3_9,3_3_1_3,37.502,35.03,43.47,41.478,-4.056,-4.972,-5.67,-12.149,0.878,1.212,0.982,1.063,-0.297,-7.407,-0.27,-0.27,0.06,0.66,0.273,0.25,-0.349,0.33,1.53,1.08,1.02,1.53,334.486,334.486,98.427,164.182,0.875,1.158,-0.377,-8.19,-0.27,0.42,0.224,-0.481,1.53,1.1,334.486,291.269,7.893,7.03,37.502,35.03,35.03,2.472,-5.67,-12.149,6.479,7.03,35.03,-0.42006478064619074
449,1_9,1_2_1_3,40.633,39.443,42.424,38.248,-13.26,-13.967,-14.671,-14.741,1.041,1.079,1.184,0.928,-0.073,-7.794,0.06,-0.27,-0.2,0.66,0.251,0.227,-0.123,-0.287,1.08,2.25,1.02,1.53,98.427,334.486,642.238,164.182,0.895,1.103,-0.687,-9.217,0.06,0.42,0.317,-0.467,1.08,1.1,98.427,291.269,9.144,7.107,40.633,38.248,38.248,2.385,-14.671,-14.741,0.069,7.107,38.248,-0.09624078371263951
227,2_5,2_6_3_3,37.061,40.424,38.553,43.719,-13.038,-12.985,-11.906,-8.332,1.117,0.927,1.132,0.956,-1.082,-7.459,0.66,-0.27,0.0,0.06,-0.387,0.292,-0.201,0.277,1.02,1.0,1.08,1.53,164.182,334.486,60.96,98.427,1.102,0.862,-0.393,-8.926,0.66,-0.2,-0.389,-0.1,1.02,2.25,164.182,642.238,7.843,7.066,37.061,40.424,37.061,-3.363,-13.038,-12.985,-0.054,7.066,37.061,-0.215687360580298
950,4_6,1_3_6_9,31.932,33.718,33.855,34.669,-27.149,-30.001,-27.634,-29.113,0.99,1.085,0.931,1.029,-1.371,-8.216,0.06,0.42,0.06,0.0,0.217,0.24,0.285,-0.223,1.08,1.08,1.0,1.1,98.427,291.269,98.427,60.96,0.975,1.037,1.376,-8.571,-0.17,0.0,-0.226,-0.472,1.5,1.0,185.535,60.96,7.199,9.592,31.932,33.718,31.932,-1.787,-27.634,-30.001,2.367,7.199,31.932,-0.7318133022435008
946,7_9,1_1_3_6,33.122,33.766,33.2,34.167,-20.971,-21.571,-27.661,-28.929,0.857,1.172,1.024,1.05,-1.053,-8.39,0.06,0.0,0.66,0.06,0.388,0.252,-0.336,0.411,1.08,1.02,1.08,1.0,98.427,60.96,164.182,98.427,0.939,1.048,-1.088,-8.015,-0.01,0.42,-0.156,-0.35,2.7,1.1,636.378,291.269,6.961,7.301,33.122,33.766,33.122,-0.643,-27.661,-28.929,1.268,6.961,33.122,-0.6120648384924359
796,3_3,1_1_3_5,39.05,39.05,38.956,38.956,-24.333,-24.333,-22.533,-22.533,0.879,1.164,0.965,1.059,-0.779,-8.281,0.06,-0.2,0.66,0.06,0.377,0.252,-0.328,0.408,1.08,1.02,1.08,2.25,98.427,642.238,164.182,98.427,1.074,1.074,1.92,-7.114,-0.27,-0.27,0.023,0.023,1.53,1.53,334.486,334.486,6.335,10.201,38.956,38.956,38.956,0.0,-24.333,-24.333,0.0,6.335,38.956,-0.024995479228812196
501,4_9,4_6_4_7,34.658,34.22,36.329,38.137,-8.914,-1.925,-15.608,-15.753,1.046,1.113,0.971,1.117,-0.293,-6.712,-0.17,-0.01,0.0,-0.27,-0.174,0.241,-0.329,0.339,1.5,1.0,1.53,2.7,185.535,636.378,60.96,334.486,0.875,1.066,-0.546,-8.904,-0.17,0.42,-0.127,-0.385,1.5,1.1,185.535,291.269,8.611,6.165,34.658,34.22,34.22,0.438,-15.608,-15.753,0.145,6.165,34.22,-0.5015742391658233
464,7_8,4_2_1_1,37.978,39.525,37.692,36.719,-14.136,-13.097,-16.893,-15.058,1.014,1.12,1.049,0.98,-0.269,-8.186,-0.17,0.06,-0.2,0.66,0.345,0.244,-0.272,-0.044,1.5,2.25,1.02,1.08,185.535,98.427,642.238,164.182,0.918,1.064,-0.93,-7.913,-0.01,0.45,-0.153,-0.358,2.7,1.75,636.378,467.957,7.644,7.255,37.692,36.719,36.719,0.973,-16.893,-15.058,-1.835,7.255,36.719,-0.25010246528858704
362,4_5,3_4_2_9,49.337,51.505,51.706,51.457,3.373,8.133,-9.872,-12.309,1.064,1.054,0.921,1.1,-0.899,-7.168,-0.27,0.42,-0.27,-0.2,0.107,0.235,0.191,0.03,1.53,1.53,2.25,1.1,334.486,291.269,334.486,642.238,0.999,1.017,1.462,-8.094,-0.17,-0.2,-0.228,-0.241,1.5,2.25,185.535,642.238,7.195,8.63,49.337,51.457,49.337,-2.12,-9.872,-12.309,2.437,7.195,49.337,1.019633766317241
468,2_4,3_1_3_4,36.944,34.557,39.24,35.884,-7.805,-7.164,-15.821,-15.097,0.855,1.222,0.948,1.086,-0.39,-7.679,-0.27,-0.17,0.66,0.06,0.281,0.25,-0.349,0.405,1.53,1.02,1.08,1.5,334.486,185.535,164.182,98.427,1.11,0.864,-0.212,-8.953,0.66,-0.17,-0.399,-0.107,1.02,1.5,164.182,185.535,8.562,7.467,36.944,34.557,34.557,2.387,-15.821,-15.097,-0.724,7.467,34.557,-0.4676622792632105
935,1_8,1_6_2_1,33.443,33.615,32.781,33.45,-25.189,-24.585,-28.257,-28.013,1.003,1.054,1.141,1.071,0.632,-7.833,0.06,0.06,0.0,-0.2,0.235,0.224,-0.14,-0.356,1.08,1.0,2.25,1.08,98.427,98.427,60.96,642.238,0.894,1.125,-0.239,-9.257,0.06,0.45,0.324,-0.475,1.08,1.75,98.427,467.957,9.889,7.594,32.781,33.45,32.781,-0.669,-28.257,-28.013,-0.244,7.594,32.781,-0.6463793142395898
428,6_7,2_3_1_4,26.749,32.759,28.591,33.83,-13.122,-12.808,-14.237,-14.108,1.15,0.901,1.158,0.799,-1.5,-8.592,0.66,-0.17,0.06,0.66,-0.445,0.316,0.531,-0.278,1.02,1.08,1.02,1.5,164.182,185.535,98.427,164.182,1.0,1.0,-0.294,-7.636,0.0,-0.01,-0.429,-0.25,1.0,2.7,60.96,636.378,6.136,8.298,26.749,32.759,26.749,-6.009,-14.237,-14.108,-0.128,6.136,26.749,-1.2533732078080122
7,4_8,5_2_2_2,73.217,76.924,73.67,75.655,34.848,35.443,19.973,26.05,1.207,1.073,1.013,0.997,-0.273,-8.05,-0.2,0.66,-0.2,-0.2,-0.398,0.295,0.113,-0.036,2.25,2.25,2.25,1.02,642.238,164.182,642.238,642.238,0.873,1.087,-0.165,-8.898,-0.17,0.45,-0.122,-0.391,1.5,1.75,185.535,467.957,8.624,7.885,73.217,75.655,73.217,-2.437,19.973,26.05,-6.076,7.885,73.217,3.4226533582293635
155,3_5,5_3_1_9,44.582,36.737,48.812,37.758,5.433,-0.389,-10.331,-5.322,0.95,1.06,1.015,0.945,-2.14,-8.299,-0.2,0.42,0.06,0.66,-0.212,0.27,0.392,-0.146,2.25,1.08,1.02,1.1,642.238,291.269,98.427,164.182,0.998,1.101,1.621,-7.471,-0.27,-0.2,0.12,-0.333,1.53,2.25,334.486,642.238,5.332,9.92,44.582,36.737,36.737,7.845,-10.331,-5.322,-5.009,5.332,36.737,-0.24829114398815072
541,4_9,2_6_3_9,35.479,36.005,39.021,39.082,-6.683,-9.368,-16.824,-16.448,1.015,0.942,0.932,1.063,-2.095,-8.687,0.66,0.42,0.0,0.06,-0.302,0.303,-0.224,0.472,1.02,1.0,1.08,1.1,164.182,291.269,60.96,98.427,0.875,1.066,-0.546,-8.904,-0.17,0.42,-0.127,-0.385,1.5,1.1,185.535,291.269,6.808,8.141,35.479,36.005,35.479,-0.525,-16.824,-16.448,-0.376,6.808,35.479,-0.3748823770964195
440,3_8,3_3_3_5,40.338,44.37,43.049,44.894,-2.806,-2.422,-12.221,-14.411,1.012,1.095,0.956,1.073,0.332,-7.424,-0.27,-0.2,0.06,0.06,0.08,0.243,0.26,0.345,1.53,1.08,1.08,2.25,334.486,642.238,98.427,98.427,0.88,1.182,0.092,-8.147,-0.27,0.45,0.225,-0.489,1.53,1.75,334.486,467.957,8.479,7.516,40.338,44.37,40.338,-4.032,-12.221,-14.411,2.191,7.516,40.338,0.11407374506023928
482,6_6,2_2_4_6,42.831,42.831,41.167,41.167,-15.413,-15.413,-15.413,-15.413,1.089,0.886,0.909,1.148,-0.602,-8.058,0.66,0.0,-0.2,-0.27,-0.365,0.302,0.063,0.304,1.02,2.25,1.53,1.0,164.182,60.96,642.238,334.486,0.998,0.998,1.102,-9.105,0.0,0.0,-0.454,-0.454,1.0,1.0,60.96,60.96,8.504,9.16,41.167,41.167,41.167,0.0,-15.413,-15.413,0.0,8.504,41.167,0.19749515384144328
422,2_6,3_4_6_9,32.632,30.275,33.135,31.17,-12.392,-13.389,-19.881,-13.882,0.937,1.115,0.901,1.078,-1.024,-7.209,-0.27,0.42,-0.27,0.0,0.174,0.239,0.153,-0.18,1.53,1.53,1.0,1.1,334.486,291.269,334.486,60.96,1.071,0.882,-0.457,-9.433,0.66,0.0,-0.38,-0.33,1.02,1.0,164.182,60.96,8.409,6.751,32.632,30.275,30.275,2.357,-19.881,-13.882,-5.999,6.751,30.275,-0.8985554908447733
778,6_8,5_3_1_2,28.379,27.508,30.623,27.656,-19.477,-20.692,-22.633,-21.93,0.993,1.01,1.063,0.947,-2.167,-8.362,-0.2,0.66,0.06,0.66,-0.257,0.317,-0.128,0.391,2.25,1.08,1.02,1.02,642.238,164.182,98.427,164.182,0.895,1.043,-0.348,-9.411,0.0,0.45,-0.35,-0.368,1.0,1.75,60.96,467.957,7.244,8.014,28.379,27.508,27.508,0.87,-22.633,-21.93,-0.703,7.244,27.508,-1.1769958263062827
949,1_6,3_2_6_6,33.751,35.407,34.591,35.188,-28.259,-23.576,-25.995,-29.006,0.983,1.084,1.085,1.109,0.588,-7.079,-0.27,0.0,-0.2,0.0,0.144,0.221,-0.148,-0.248,1.53,2.25,1.0,1.0,334.486,60.96,642.238,60.96,0.983,1.082,1.33,-8.949,0.06,0.0,0.223,-0.568,1.08,1.0,98.427,60.96,9.537,8.409,33.751,35.188,33.751,-1.438,-28.259,-29.006,0.747,8.409,33.751,-0.5487692219383019
334,6_7,3_1_6_8,31.458,30.33,33.094,31.871,-9.445,-11.036,-12.085,-11.416,0.823,1.221,0.92,1.088,-1.123,-7.769,-0.27,0.45,0.66,0.0,0.307,0.25,-0.323,-0.142,1.53,1.02,1.0,1.75,334.486,467.957,164.182,60.96,1.0,1.0,-0.294,-7.636,0.0,-0.01,-0.429,-0.25,1.0,2.7,60.96,636.378,6.513,7.476,31.458,30.33,30.33,1.127,-12.085,-11.416,-0.67,6.513,30.33,-0.8930208979823292
576,3_6,2_2_4_1,42.165,36.048,41.203,37.875,-14.937,-16.878,-17.1,-17.298,1.089,1.034,0.919,1.102,-0.796,-8.041,0.66,0.06,-0.2,-0.27,0.201,0.233,0.191,0.035,1.02,2.25,1.53,1.08,164.182,98.427,642.238,334.486,0.973,1.133,1.54,-7.815,-0.27,0.0,0.121,-0.576,1.53,1.0,334.486,60.96,7.02,9.581,41.203,36.048,36.048,5.155,-17.1,-17.298,0.198,7.02,36.048,-0.3176244982104059
934,1_4,1_4_4_4,40.351,40.02,41.009,42.204,-28.428,-17.506,-28.405,-27.792,1.075,1.05,1.026,1.058,0.686,-7.443,0.06,-0.17,-0.27,-0.27,0.189,0.23,0.159,0.233,1.08,1.53,1.53,1.5,98.427,185.535,334.486,334.486,1.019,1.055,1.656,-8.44,0.06,-0.17,0.208,-0.334,1.08,1.5,98.427,185.535,9.126,9.099,40.351,40.02,40.02,0.331,-28.428,-27.792,-0.636,9.099,40.02,0.08207373541919866
567,9_9,1_6_6_8,28.407,28.407,30.511,30.511,-17.016,-17.016,-17.014,-17.014,0.976,1.104,0.906,1.074,-0.858,-8.155,0.06,0.45,0.0,0.0,0.288,0.225,-0.389,-0.162,1.08,1.0,1.0,1.75,98.427,467.957,60.96,60.96,0.947,0.946,-1.736,-9.188,0.42,0.42,-0.281,-0.281,1.1,1.1,291.269,291.269,8.33,6.419,28.407,28.407,28.407,0.0,-17.016,-17.016,0.0,6.419,28.407,-1.0865303902456043
594,8_9,3_3_2_6,27.17,27.873,29.405,28.553,-23.898,-16.099,-25.837,-17.646,1.057,1.054,1.014,1.039,0.419,-7.302,-0.27,0.0,0.06,-0.2,0.061,0.236,0.316,-0.095,1.53,1.08,2.25,1.0,334.486,60.96,98.427,642.238,0.968,0.942,-1.586,-9.126,0.45,0.42,-0.289,-0.275,1.75,1.1,467.957,291.269,9.545,5.717,27.17,27.873,27.17,-0.703,-25.837,-17.646,-8.191,5.717,27.17,-1.2110084151700302
530,4_9,2_6_3_2,35.484,36.759,37.216,37.516,-8.582,-8.104,-16.764,-16.233,1.107,0.931,0.942,1.008,-2.119,-8.727,0.66,0.66,0.0,0.06,-0.417,0.314,0.488,-0.227,1.02,1.0,1.08,1.02,164.182,164.182,60.96,98.427,0.875,1.066,-0.546,-8.904,-0.17,0.42,-0.127,-0.385,1.5,1.1,185.535,291.269,6.785,8.181,35.484,36.759,35.484,-1.275,-16.764,-16.233,-0.531,6.785,35.484,-0.37437923229074244
581,3_6,5_3_4_3,42.532,43.213,43.477,43.274,-10.51,-14.874,-17.569,-17.348,0.996,1.118,0.863,1.123,0.533,-7.092,-0.2,-0.27,0.06,-0.27,0.105,0.235,0.146,0.36,2.25,1.08,1.53,1.53,642.238,334.486,98.427,334.486,0.973,1.133,1.54,-7.815,-0.27,0.0,0.121,-0.576,1.53,1.0,334.486,60.96,8.349,8.631,42.532,43.213,42.532,-0.682,-17.569,-17.348,-0.221,8.349,42.532,0.3348536857911935
707,5_6,2_1_2_1,39.007,37.523,37.722,37.132,-16.45,-18.815,-20.352,-20.258,0.979,1.091,1.013,1.059,-1.743,-8.647,0.66,0.06,0.66,-0.2,0.293,0.236,-0.142,-0.071,1.02,1.02,2.25,1.08,164.182,98.427,164.182,642.238,0.973,1.035,1.346,-8.569,-0.2,0.0,-0.219,-0.469,2.25,1.0,642.238,60.96,6.825,9.993,37.722,37.132,37.132,0.59,-20.352,-20.258,-0.094,6.825,37.132,-0.20854270433968844
448,1_7,4_4_3_3,39.463,37.66,40.333,38.651,-11.6,-12.884,-22.214,-14.662,1.071,0.964,1.037,1.041,0.637,-7.202,-0.17,-0.27,-0.27,0.06,0.072,0.24,0.271,0.224,1.5,1.53,1.08,1.53,185.535,334.486,334.486,98.427,0.988,1.077,-0.192,-7.615,0.06,-0.01,0.249,-0.355,1.08,2.7,98.427,636.378,8.251,7.01,39.463,37.66,37.66,1.802,-22.214,-14.662,-7.552,7.01,37.66,-0.15541061286022456
453,1_9,4_2_6_2,31.583,35.67,36.274,36.159,-14.283,-15.165,-14.966,-14.882,1.162,0.998,1.033,0.956,-0.701,-7.842,-0.17,0.66,-0.2,0.0,-0.387,0.29,-0.129,-0.083,1.5,2.25,1.0,1.02,185.535,164.182,642.238,60.96,0.895,1.103,-0.687,-9.217,0.06,0.42,0.317,-0.467,1.08,1.1,98.427,291.269,8.516,7.155,31.583,35.67,31.583,-4.087,-14.966,-15.165,0.2,7.155,31.583,-0.7669328096797374
228,6_9,5_2_4_1,37.466,40.576,35.428,41.852,-8.364,-8.226,-4.98,-8.361,1.154,0.906,1.023,0.966,0.866,-7.794,-0.2,0.06,-0.2,-0.27,0.175,0.225,0.206,-0.073,2.25,2.25,1.53,1.08,642.238,98.427,642.238,334.486,0.896,1.023,-0.657,-9.131,0.0,0.42,-0.355,-0.364,1.0,1.1,60.96,291.269,9.997,7.137,35.428,40.576,35.428,-5.148,-8.364,-8.361,-0.003,7.137,35.428,-0.38001445411432244
352,3_5,3_3_1_4,41.428,42.992,44.289,43.708,-4.568,-3.242,-12.459,-11.961,1.036,1.057,1.127,0.9,-0.577,-7.537,-0.27,-0.17,0.06,0.66,0.075,0.242,0.325,-0.257,1.53,1.08,1.02,1.5,334.486,185.535,98.427,164.182,0.998,1.101,1.621,-7.471,-0.27,-0.2,0.12,-0.333,1.53,2.25,334.486,642.238,6.895,9.158,41.428,42.992,41.428,-1.563,-12.459,-11.961,-0.498,6.895,41.428,0.2237593126977688
728,4_9,4_6_6_6,31.658,33.109,33.435,34.912,-21.135,-13.808,-20.933,-20.682,0.997,1.05,1.01,1.035,0.211,-7.68,-0.17,0.0,0.0,0.0,-0.198,0.234,-0.291,-0.266,1.5,1.0,1.0,1.0,185.535,60.96,60.96,60.96,0.875,1.066,-0.546,-8.904,-0.17,0.42,-0.127,-0.385,1.5,1.1,185.535,291.269,9.114,7.133,31.658,33.109,31.658,-1.451,-21.135,-20.682,-0.453,7.133,31.658,-0.759385637594586
212,3_7,5_1_6_2,32.822,38.707,36.723,41.049,-4.089,-6.394,-12.043,-7.832,1.105,0.955,1.125,0.824,-1.482,-8.439,-0.2,0.66,0.66,0.0,-0.358,0.297,-0.131,-0.223,2.25,1.02,1.0,1.02,642.238,164.182,164.182,60.96,0.967,1.124,0.024,-7.025,-0.27,-0.01,0.156,-0.362,1.53,2.7,334.486,636.378,5.544,8.464,32.822,38.707,32.822,-5.885,-12.043,-7.832,-4.212,5.544,32.822,-0.6422535268330402
79,4_6,5_2_3_2,43.381,46.294,42.929,50.49,-4.985,-2.938,-6.024,1.961,1.219,0.76,1.047,0.924,-0.453,-8.307,-0.2,0.66,-0.2,0.06,-0.472,0.311,0.53,-0.107,2.25,2.25,1.08,1.02,642.238,164.182,642.238,98.427,0.975,1.037,1.376,-8.571,-0.17,0.0,-0.226,-0.472,1.5,1.0,185.535,60.96,8.118,9.683,42.929,46.294,42.929,-3.365,-6.024,-2.938,-3.086,8.118,42.929,0.3748033833619274
148,5_7,4_4_2_3,58.539,58.077,54.443,62.472,9.679,-3.234,6.187,-4.914,0.984,1.104,0.927,1.143,1.186,-7.114,-0.17,-0.27,-0.27,-0.2,0.154,0.226,-0.176,0.29,1.5,1.53,2.25,1.53,185.535,334.486,334.486,642.238,1.04,1.094,0.231,-7.776,-0.2,-0.01,-0.199,-0.259,2.25,2.7,642.238,636.378,8.963,7.345,54.443,58.077,54.443,-3.634,6.187,-4.914,11.101,7.345,54.443,1.53344524187433
302,5_5,4_1_1_2,47.83,47.83,45.23,45.23,0.801,0.801,-10.525,-10.525,1.006,1.011,1.148,0.833,-2.173,-8.85,-0.17,0.66,0.66,0.66,-0.254,0.32,-0.069,-0.214,1.5,1.02,1.02,1.02,185.535,164.182,164.182,164.182,1.004,1.004,1.342,-8.123,-0.2,-0.2,-0.226,-0.226,2.25,2.25,642.238,642.238,5.95,10.191,45.23,45.23,45.23,0.0,-10.525,-10.525,0.0,5.95,45.23,0.6063506229343639
628,1_4,3_1_4_9,38.531,40.319,41.892,43.254,-8.574,-16.772,-17.695,-18.435,0.881,1.216,0.895,1.151,-1.007,-7.925,-0.27,0.42,0.66,-0.27,0.312,0.256,-0.358,0.423,1.53,1.02,1.53,1.1,334.486,291.269,164.182,334.486,1.019,1.055,1.656,-8.44,0.06,-0.17,0.208,-0.334,1.08,1.5,98.427,185.535,7.433,9.581,38.531,40.319,38.531,-1.789,-17.695,-18.435,0.741,7.433,38.531,-0.06776278771133576
777,1_8,4_1_3_3,32.48,31.579,33.356,33.424,-17.554,-19.106,-20.109,-21.911,1.036,1.057,1.127,0.9,-0.577,-7.537,-0.17,-0.27,0.66,0.06,0.075,0.242,0.325,-0.257,1.5,1.02,1.08,1.53,185.535,334.486,164.182,98.427,0.894,1.125,-0.239,-9.257,0.06,0.45,0.324,-0.475,1.08,1.75,98.427,467.957,8.681,7.298,32.48,31.579,31.579,0.9,-20.109,-21.911,1.802,7.298,31.579,-0.7673353255242786
506,3_8,3_2_6_1,35.805,39.025,37.939,39.34,-11.989,-12.882,-19.358,-15.835,1.076,1.138,1.088,0.986,0.785,-7.128,-0.27,0.06,-0.2,0.0,0.23,0.217,-0.35,-0.139,1.53,2.25,1.0,1.08,334.486,98.427,642.238,60.96,0.88,1.182,0.092,-8.147,-0.27,0.45,0.225,-0.489,1.53,1.75,334.486,467.957,8.931,7.219,35.805,39.025,35.805,-3.22,-19.358,-15.835,-3.524,7.219,35.805,-0.3420773357662958
342,1_5,5_1_4_5,51.534,50.298,56.211,52.222,3.064,2.32,-12.932,-11.532,0.943,1.106,1.025,1.035,-0.625,-7.773,-0.2,-0.2,0.66,-0.27,-0.074,0.264,-0.23,0.303,2.25,1.02,1.53,2.25,642.238,642.238,164.182,334.486,1.011,1.054,1.418,-8.429,0.06,-0.2,0.22,-0.329,1.08,2.25,98.427,642.238,7.804,9.191,51.534,50.298,50.298,1.236,-12.932,-11.532,-1.4,7.804,50.298,1.1163381979683107
485,6_9,1_2_3_7,35.988,34.301,36.032,35.215,-15.017,-14.107,-15.154,-15.515,1.011,1.085,0.953,1.095,-0.396,-7.358,0.06,-0.01,-0.2,0.06,0.273,0.23,-0.194,0.438,1.08,2.25,1.08,2.7,98.427,636.378,642.238,98.427,0.896,1.023,-0.657,-9.131,0.0,0.42,-0.355,-0.364,1.0,1.1,60.96,291.269,8.734,6.701,35.988,34.301,34.301,1.687,-15.154,-15.515,0.361,6.701,34.301,-0.49342329331385976
711,4_8,3_6_3_6,31.994,37.132,34.518,38.868,-12.125,-20.569,-21.169,-20.339,0.963,1.155,0.967,1.123,0.293,-7.447,-0.27,0.0,0.0,0.06,0.184,0.226,-0.434,0.4,1.53,1.0,1.08,1.0,334.486,60.96,60.96,98.427,0.873,1.087,-0.165,-8.898,-0.17,0.45,-0.122,-0.391,1.5,1.75,185.535,467.957,9.191,7.282,31.994,37.132,31.994,-5.137,-21.169,-20.569,-0.6,7.282,31.994,-0.7255743066531091
133,1_1,4_2_2_7,68.392,68.392,63.108,63.108,-0.631,-0.631,-4.033,-4.033,1.122,1.084,0.98,1.071,0.39,-7.684,-0.17,-0.01,-0.2,-0.2,-0.222,0.234,-0.035,0.003,1.5,2.25,2.25,2.7,185.535,636.378,642.238,642.238,1.061,1.061,1.545,-8.806,0.06,0.06,0.124,0.124,1.08,1.08,98.427,98.427,9.197,9.23,63.108,63.108,63.108,0.0,-4.033,-4.033,0.0,9.197,63.108,2.405395190112125
703,6_8,3_3_6_9,29.452,31.328,31.452,30.948,-12.206,-12.835,-18.671,-20.199,0.948,1.13,0.914,1.066,-1.153,-7.399,-0.27,0.42,0.06,0.0,0.135,0.244,0.277,-0.211,1.53,1.08,1.0,1.1,334.486,291.269,98.427,60.96,0.895,1.043,-0.348,-9.411,0.0,0.45,-0.35,-0.368,1.0,1.75,60.96,467.957,8.258,7.05,29.452,30.948,29.452,-1.496,-18.671,-20.199,1.528,7.05,29.452,-0.9813731258591648
311,4_5,4_6_4_5,55.166,54.818,57.836,60.052,4.094,12.837,-12.053,-10.741,1.08,1.121,1.011,1.046,0.493,-7.299,-0.17,-0.2,0.0,-0.27,-0.188,0.238,-0.316,0.286,1.5,1.0,1.53,2.25,185.535,642.238,60.96,334.486,0.999,1.017,1.462,-8.094,-0.17,-0.2,-0.228,-0.241,1.5,2.25,185.535,642.238,8.586,8.761,55.166,54.818,54.818,0.347,-12.053,-10.741,-1.312,8.586,54.818,1.5711811023000857
722,3_6,3_1_6_6,30.352,34.964,32.148,37.832,-16.944,-19.278,-21.334,-20.628,0.865,1.201,1.059,1.058,-0.386,-7.667,-0.27,0.0,0.66,0.0,0.265,0.245,-0.311,-0.246,1.53,1.02,1.0,1.0,334.486,60.96,164.182,60.96,0.973,1.133,1.54,-7.815,-0.27,0.0,0.121,-0.576,1.53,1.0,334.486,60.96,7.43,9.207,30.352,34.964,30.352,-4.611,-21.334,-20.628,-0.706,7.43,30.352,-0.8908070608373513
629,8_9,3_6_4_4,21.668,24.113,23.883,25.645,-11.663,-16.652,-25.792,-18.441,1.059,1.169,1.02,1.066,0.769,-6.995,-0.27,-0.17,0.0,-0.27,0.162,0.222,-0.408,0.279,1.53,1.0,1.53,1.5,334.486,185.535,60.96,334.486,0.968,0.942,-1.586,-9.126,0.45,0.42,-0.289,-0.275,1.75,1.1,467.957,291.269,9.895,5.409,21.668,24.113,21.668,-2.445,-25.792,-18.441,-7.352,5.409,21.668,-1.7646689593367182
0,4_6,5_2_2_5,91.48,85.946,85.848,93.129,34.443,36.077,37.005,42.563,1.092,1.051,1.051,1.092,1.218,-7.646,-0.2,-0.2,-0.2,-0.2,-0.228,0.228,-0.016,-0.016,2.25,2.25,2.25,2.25,642.238,642.238,642.238,642.238,0.975,1.037,1.376,-8.571,-0.17,0.0,-0.226,-0.472,1.5,1.0,185.535,60.96,9.788,9.022,85.848,85.946,85.848,-0.098,34.443,36.077,-1.634,9.022,85.848,4.693697766329951
316,7_7,3_2_1_1,44.789,44.789,42.94,42.94,-7.403,-7.403,-10.95,-10.95,1.052,1.114,1.122,0.968,-0.268,-7.627,-0.27,0.06,-0.2,0.66,0.343,0.244,-0.269,-0.132,1.53,2.25,1.02,1.08,334.486,98.427,642.238,164.182,1.002,1.002,-0.542,-7.282,-0.01,-0.01,-0.228,-0.228,2.7,2.7,636.378,636.378,7.014,7.086,42.94,42.94,42.94,0.0,-10.95,-10.95,0.0,7.014,42.94,0.3759103019344158
706,4_4,2_4_3_6,40.111,40.111,39.285,39.285,-19.77,-19.77,-20.215,-20.215,1.173,0.915,0.929,1.069,-0.858,-8.2,0.66,0.0,-0.27,0.06,-0.45,0.306,0.363,0.338,1.02,1.53,1.08,1.0,164.182,60.96,334.486,98.427,1.012,1.013,1.714,-8.088,-0.17,-0.17,-0.243,-0.243,1.5,1.5,185.535,185.535,7.23,9.914,39.285,39.285,39.285,0.0,-20.215,-20.215,0.0,7.23,39.285,0.008111448984716819
547,8_8,6_3_2_7,38.736,38.736,36.65,36.65,-11.911,-11.911,-16.553,-16.553,1.129,0.869,1.01,0.999,0.191,-7.968,0.0,-0.01,0.06,-0.2,-0.539,0.252,0.407,-0.078,1.0,1.08,2.25,2.7,60.96,636.378,98.427,642.238,0.949,1.031,-0.671,-9.446,0.45,0.45,-0.246,-0.325,1.75,1.75,467.957,467.957,9.637,7.297,36.65,36.65,36.65,0.0,-16.553,-16.553,0.0,7.297,36.65,-0.2570458636069264
872,3_4,1_4_4_6,40.217,42.469,40.738,42.041,-24.523,-24.072,-25.791,-25.051,1.024,1.085,1.007,1.101,0.472,-7.681,0.06,0.0,-0.27,-0.27,0.198,0.232,0.152,0.247,1.08,1.53,1.53,1.0,98.427,60.96,334.486,334.486,1.007,1.095,1.831,-7.467,-0.27,-0.17,0.106,-0.335,1.53,1.5,334.486,185.535,7.939,9.512,40.217,42.041,40.217,-1.824,-25.791,-25.051,-0.74,7.939,40.217,0.10189764076286187
532,3_9,1_3_3_9,36.436,43.058,38.764,43.087,-17.32,-8.482,-17.209,-16.243,0.989,1.077,0.921,1.096,-1.371,-8.529,0.06,0.42,0.06,0.06,0.227,0.248,0.246,0.442,1.08,1.08,1.08,1.1,98.427,291.269,98.427,98.427,0.875,1.158,-0.377,-8.19,-0.27,0.42,0.224,-0.481,1.53,1.1,334.486,291.269,6.819,8.152,36.436,43.058,36.436,-6.622,-17.32,-16.243,-1.076,6.819,36.436,-0.27858046128989084
477,6_6,3_2_3_8,38.49,38.49,37.942,37.942,-15.269,-15.269,-15.278,-15.278,0.935,1.131,0.802,1.187,-0.377,-7.607,-0.27,0.45,-0.2,0.06,0.202,0.235,-0.211,0.517,1.53,2.25,1.08,1.75,334.486,467.957,642.238,98.427,0.998,0.998,1.102,-9.105,0.0,0.0,-0.454,-0.454,1.0,1.0,60.96,60.96,8.728,8.709,37.942,37.942,37.942,0.0,-15.278,-15.278,0.0,8.709,37.942,-0.1270332458200559
404,1_2,5_1_1_7,37.514,36.948,39.206,38.655,-10.269,-11.028,-11.906,-13.345,0.929,1.114,1.112,0.914,-1.545,-7.839,-0.2,-0.01,0.66,0.66,-0.066,0.268,-0.183,-0.166,2.25,1.02,1.02,2.7,642.238,636.378,164.182,164.182,0.884,1.149,-0.36,-9.308,0.06,0.66,0.34,-0.479,1.08,1.02,98.427,164.182,7.763,7.478,37.514,36.948,36.948,0.566,-11.906,-13.345,1.439,7.478,36.948,-0.22705843318859234
172,2_3,2_1_1_7,34.066,39.096,34.768,38.399,-5.32,-3.75,-6.911,-6.131,1.041,1.022,1.141,0.851,-2.421,-8.114,0.66,-0.01,0.66,0.66,-0.258,0.32,-0.069,-0.19,1.02,1.02,1.02,2.7,164.182,636.378,164.182,164.182,1.209,0.871,0.011,-8.258,0.66,-0.27,-0.5,0.238,1.02,1.53,164.182,334.486,5.837,8.125,34.066,38.399,34.066,-4.333,-6.911,-6.131,-0.78,5.837,34.066,-0.5170710991806666
125,2_7,2_3_4_4,37.876,38.476,38.241,38.906,-5.6,-3.343,-6.588,-2.999,1.181,0.847,1.072,0.946,-0.949,-8.036,0.66,-0.17,0.06,-0.27,-0.453,0.314,0.482,0.2,1.02,1.08,1.53,1.5,164.182,185.535,98.427,334.486,1.095,0.903,-1.149,-8.015,0.66,-0.01,-0.373,-0.136,1.02,2.7,164.182,636.378,7.066,6.886,37.876,38.476,37.876,-0.599,-6.588,-3.343,-3.245,6.886,37.876,-0.13367475725498917
394,7_7,4_4_3_5,45.048,45.048,47.571,47.571,0.532,0.532,-13.155,-13.155,1.015,1.047,0.879,1.108,0.428,-7.521,-0.17,-0.2,-0.27,0.06,-0.251,0.253,0.226,0.36,1.5,1.53,1.08,2.25,185.535,642.238,334.486,98.427,1.002,1.002,-0.542,-7.282,-0.01,-0.01,-0.228,-0.228,2.7,2.7,636.378,636.378,7.71,6.979,45.048,45.048,45.048,0.0,-13.155,-13.155,0.0,6.979,45.048,0.588036152007731
420,5_8,4_4_3_2,41.188,44.465,42.592,46.423,-3.021,2.322,-15.181,-13.87,1.181,0.847,1.072,0.946,-0.949,-8.036,-0.17,0.66,-0.27,0.06,-0.453,0.314,0.482,0.2,1.5,1.53,1.08,1.02,185.535,164.182,334.486,98.427,0.871,1.076,-0.346,-8.89,-0.2,0.45,-0.115,-0.378,2.25,1.75,642.238,467.957,7.94,7.689,41.188,44.465,41.188,-3.277,-15.181,-13.87,-1.311,7.689,41.188,0.19960836202528567
552,1_9,5_1_4_3,34.774,29.712,35.892,34.024,-14.804,-16.72,-14.633,-16.653,1.006,1.113,1.102,0.975,-0.568,-7.272,-0.2,-0.27,0.66,-0.27,0.107,0.235,0.208,-0.228,2.25,1.02,1.53,1.53,642.238,334.486,164.182,334.486,0.895,1.103,-0.687,-9.217,0.06,0.42,0.317,-0.467,1.08,1.1,98.427,291.269,8.649,6.585,34.774,29.712,29.712,5.062,-14.804,-16.72,1.916,6.585,29.712,-0.9552095959639744
903,7_8,1_3_3_2,35.171,35.581,34.692,36.395,-13.061,-13.116,-24.181,-25.94,0.986,1.085,0.913,1.14,-1.25,-8.642,0.06,0.66,0.06,0.06,0.229,0.249,0.244,0.457,1.08,1.08,1.08,1.02,98.427,164.182,98.427,98.427,0.918,1.064,-0.93,-7.913,-0.01,0.45,-0.153,-0.358,2.7,1.75,636.378,467.957,6.663,7.711,34.692,35.581,34.692,-0.889,-24.181,-25.94,1.759,6.663,34.692,-0.45407736950993866
90,5_9,1_2_2_9,70.355,71.063,68.206,69.445,21.132,11.626,0.501,0.645,1.116,1.11,0.874,1.063,-0.79,-8.229,0.06,0.42,-0.2,-0.2,0.236,0.226,-0.134,0.087,1.08,2.25,2.25,1.1,98.427,291.269,642.238,642.238,0.876,1.056,-0.708,-8.875,-0.2,0.42,-0.122,-0.373,2.25,1.1,642.238,291.269,8.085,7.521,68.206,69.445,68.206,-1.238,0.501,0.645,-0.144,7.521,68.206,2.9184016339801326
939,6_6,5_3_4_1,36.03,36.03,36.04,36.04,-28.297,-28.297,-28.297,-28.297,1.021,1.08,0.866,1.112,0.356,-7.787,-0.2,0.06,0.06,-0.27,0.2,0.232,0.148,0.352,2.25,1.08,1.53,1.08,642.238,98.427,98.427,334.486,0.998,0.998,1.102,-9.105,0.0,0.0,-0.454,-0.454,1.0,1.0,60.96,60.96,9.461,8.889,36.03,36.03,36.03,0.0,-28.297,-28.297,0.0,8.889,36.03,-0.3194358195108422
181,2_5,3_3_6_8,38.683,36.798,42.212,40.306,-14.734,-1.593,-9.901,-6.533,0.96,1.128,0.917,1.083,-0.952,-7.343,-0.27,0.45,0.06,0.0,0.125,0.243,0.28,-0.213,1.53,1.08,1.0,1.75,334.486,467.957,98.427,60.96,1.102,0.862,-0.393,-8.926,0.66,-0.2,-0.389,-0.1,1.02,2.25,164.182,642.238,7.974,6.95,38.683,36.798,36.798,1.886,-14.734,-6.533,-8.201,6.95,36.798,-0.24215277735889446
274,1_4,3_1_2_9,39.238,41.694,42.865,42.182,-9.766,-8.093,-11.969,-9.95,0.961,1.174,0.915,1.084,-1.047,-7.941,-0.27,0.42,0.66,-0.2,0.277,0.25,-0.303,0.083,1.53,1.02,2.25,1.1,334.486,291.269,164.182,642.238,1.019,1.055,1.656,-8.44,0.06,-0.17,0.208,-0.334,1.08,1.5,98.427,185.535,7.393,9.597,39.238,41.694,39.238,-2.456,-11.969,-9.95,-2.02,7.393,39.238,0.0033818878113557357
895,3_4,1_1_4_2,24.451,35.061,25.39,37.334,-22.629,-23.832,-24.962,-25.679,0.871,1.17,0.895,1.208,-1.214,-8.417,0.06,0.66,0.66,-0.27,0.398,0.257,-0.311,0.435,1.08,1.02,1.53,1.02,98.427,164.182,164.182,334.486,1.007,1.095,1.831,-7.467,-0.27,-0.17,0.106,-0.335,1.53,1.5,334.486,185.535,6.254,10.248,24.451,35.061,24.451,-10.61,-24.962,-25.679,0.717,6.254,24.451,-1.484618560497043
69,3_6,4_2_2_1,70.092,63.833,66.581,69.922,8.097,4.698,5.921,3.997,1.119,1.104,1.017,0.998,1.151,-7.933,-0.17,0.06,-0.2,-0.2,0.222,0.22,-0.118,-0.041,1.5,2.25,2.25,1.08,185.535,98.427,642.238,642.238,0.973,1.133,1.54,-7.815,-0.27,0.0,0.121,-0.576,1.53,1.0,334.486,60.96,8.967,9.473,66.581,63.833,63.833,2.748,5.921,3.997,1.924,8.967,63.833,2.478351186935253
291,1_9,3_2_4_4,38.665,44.574,38.616,43.125,-11.158,-7.406,-9.797,-10.164,0.984,1.104,0.927,1.143,1.186,-7.114,-0.27,-0.17,-0.2,-0.27,0.154,0.226,-0.176,0.29,1.53,2.25,1.53,1.5,334.486,185.535,642.238,334.486,0.895,1.103,-0.687,-9.217,0.06,0.42,0.317,-0.467,1.08,1.1,98.427,291.269,10.403,6.427,38.616,43.125,38.616,-4.509,-11.158,-10.164,-0.994,6.427,38.616,-0.059209326014831046
131,2_9,5_1_2_4,39.4,37.137,40.97,43.377,-6.269,-6.298,-2.879,-3.739,1.016,1.042,1.088,0.991,-0.293,-7.994,-0.2,-0.17,0.66,-0.2,-0.193,0.244,-0.036,-0.183,2.25,1.02,2.25,1.5,642.238,185.535,164.182,642.238,0.993,0.929,-1.74,-9.532,0.66,0.42,-0.296,-0.254,1.02,1.1,164.182,291.269,9.239,6.254,39.4,37.137,37.137,2.264,-6.269,-6.298,0.029,6.254,37.137,-0.20803955953401146
300,3_5,4_2_6_9,51.414,46.651,50.77,47.471,5.291,1.801,-10.789,-10.45,0.956,1.032,0.988,1.122,-0.829,-7.762,-0.17,0.42,-0.2,0.0,-0.166,0.242,-0.083,-0.139,1.5,2.25,1.0,1.1,185.535,291.269,642.238,60.96,0.998,1.101,1.621,-7.471,-0.27,-0.2,0.12,-0.333,1.53,2.25,334.486,642.238,6.642,9.383,50.77,46.651,46.651,4.119,-10.789,-10.45,-0.339,6.642,46.651,0.7493443767076948
424,8_8,3_1_1_4,32.353,32.353,34.21,34.21,-10.514,-10.514,-13.972,-13.972,0.881,1.211,1.117,0.936,-0.695,-7.932,-0.27,-0.17,0.66,0.66,0.278,0.25,-0.288,-0.191,1.53,1.02,1.02,1.5,334.486,185.535,164.182,164.182,0.949,1.031,-0.671,-9.446,0.45,0.45,-0.246,-0.325,1.75,1.75,467.957,467.957,8.751,7.261,32.353,32.353,32.353,0.0,-13.972,-13.972,0.0,7.261,32.353,-0.6894485096055187
326,2_6,2_2_1_7,37.439,39.576,37.277,38.639,-12.097,-11.909,-13.58,-11.198,1.131,0.952,1.105,0.936,-1.472,-7.965,0.66,-0.01,-0.2,0.66,-0.362,0.304,0.09,-0.185,1.02,2.25,1.02,2.7,164.182,636.378,642.238,164.182,1.071,0.882,-0.457,-9.433,0.66,0.0,-0.38,-0.33,1.02,1.0,164.182,60.96,7.961,7.508,37.277,38.639,37.277,-1.362,-13.58,-11.909,-1.67,7.508,37.277,-0.1939515049750626
144,2_7,4_4_2_4,42.392,42.627,40.632,42.508,-4.209,-4.961,-5.779,-4.726,0.992,1.027,0.902,1.149,0.943,-7.284,-0.17,-0.17,-0.27,-0.2,-0.197,0.241,-0.073,0.309,1.5,1.53,2.25,1.5,185.535,185.535,334.486,642.238,1.095,0.903,-1.149,-8.015,0.66,-0.01,-0.373,-0.136,1.02,2.7,164.182,636.378,8.958,6.134,40.632,42.508,40.632,-1.875,-5.779,-4.961,-0.819,6.134,40.632,0.14365865963403143
423,1_3,4_2_1_7,44.513,43.25,43.394,44.403,-13.742,-12.98,-13.985,-13.957,1.063,1.066,1.08,0.943,-1.009,-7.652,-0.17,-0.01,-0.2,0.66,-0.188,0.245,-0.039,-0.162,1.5,2.25,1.02,2.7,185.535,636.378,642.238,164.182,1.104,1.048,1.779,-7.75,0.06,-0.27,0.121,0.017,1.08,1.53,98.427,334.486,6.741,9.43,43.394,43.25,43.25,0.144,-13.985,-13.957,-0.029,6.741,43.25,0.4071052798863741
580,8_8,4_6_4_2,38.848,38.848,37.883,37.883,-7.606,-7.606,-17.348,-17.348,1.22,0.88,1.117,0.997,-0.569,-7.725,-0.17,0.66,0.0,-0.27,-0.493,0.297,0.422,-0.349,1.5,1.0,1.53,1.02,185.535,164.182,60.96,334.486,0.949,1.031,-0.671,-9.446,0.45,0.45,-0.246,-0.325,1.75,1.75,467.957,467.957,8.877,7.054,37.883,37.883,37.883,0.0,-17.348,-17.348,0.0,7.054,37.883,-0.13297035452704123
135,3_8,3_2_3_7,43.247,46.571,45.405,46.482,-0.442,0.302,0.995,-4.102,0.969,1.119,0.857,1.144,-0.257,-7.033,-0.27,-0.01,-0.2,0.06,0.178,0.231,-0.199,0.442,1.53,2.25,1.08,2.7,334.486,636.378,642.238,98.427,0.88,1.182,0.092,-8.147,-0.27,0.45,0.225,-0.489,1.53,1.75,334.486,467.957,7.89,7.124,43.247,46.482,43.247,-3.234,-0.442,-4.102,3.66,7.124,43.247,0.4068033930029681
450,4_9,2_4_4_8,42.813,40.705,42.294,42.67,-9.943,-1.954,-14.882,-14.784,1.191,0.891,0.93,1.118,-1.133,-8.228,0.66,0.45,-0.27,-0.27,-0.433,0.31,0.364,0.343,1.02,1.53,1.53,1.75,164.182,467.957,334.486,334.486,0.875,1.066,-0.546,-8.904,-0.17,0.42,-0.127,-0.385,1.5,1.1,185.535,291.269,7.771,7.682,42.294,40.705,40.705,1.589,-14.882,-14.784,-0.097,7.682,40.705,0.1510045737969119
164,3_6,1_4_2_5,51.364,51.235,53.983,49.482,-8.818,-6.114,-5.359,-5.738,1.154,0.906,1.023,0.966,0.866,-7.794,0.06,-0.2,-0.27,-0.2,0.175,0.225,0.206,-0.073,1.08,1.53,2.25,2.25,98.427,642.238,334.486,642.238,0.973,1.133,1.54,-7.815,-0.27,0.0,0.121,-0.576,1.53,1.0,334.486,60.96,8.682,9.334,51.364,49.482,49.482,1.881,-8.818,-6.114,-2.705,8.682,49.482,1.034224965681866
28,3_8,4_2_2_8,71.29,77.221,68.542,71.866,17.614,15.822,9.137,12.264,1.135,1.1,0.857,1.103,-0.268,-7.9,-0.17,0.45,-0.2,-0.2,-0.217,0.238,-0.045,0.101,1.5,2.25,2.25,1.75,185.535,467.957,642.238,642.238,0.88,1.182,0.092,-8.147,-0.27,0.45,0.225,-0.489,1.53,1.75,334.486,467.957,7.878,7.992,68.542,71.866,68.542,-3.324,9.137,12.264,-3.127,7.878,68.542,2.9522129649216096
773,6_8,3_1_4_6,24.666,29.614,25.18,30.407,-20.184,-20.717,-26.205,-21.793,0.874,1.213,0.994,1.096,-0.324,-7.74,-0.27,0.0,0.66,-0.27,0.281,0.249,-0.344,0.305,1.53,1.02,1.53,1.0,334.486,60.96,164.182,334.486,0.895,1.043,-0.348,-9.411,0.0,0.45,-0.35,-0.368,1.0,1.75,60.96,467.957,9.087,7.391,24.666,29.614,24.666,-4.948,-26.205,-21.793,-4.412,7.391,24.666,-1.462983333852943
193,3_7,6_3_2_4,46.112,43.545,45.428,43.7,-8.099,-5.924,-8.495,-7.069,0.96,1.038,0.845,1.14,0.564,-7.936,0.0,-0.17,0.06,-0.2,-0.178,0.246,-0.111,0.409,1.0,1.08,2.25,1.5,60.96,185.535,98.427,642.238,0.967,1.124,0.024,-7.025,-0.27,-0.01,0.156,-0.362,1.53,2.7,334.486,636.378,7.589,7.961,45.428,43.545,43.545,1.883,-8.495,-7.069,-1.426,7.589,43.545,0.4367908234213021
388,1_9,3_1_6_3,31.261,31.209,35.085,34.636,-8.774,-11.391,-13.493,-12.909,0.892,1.186,1.156,1.036,-0.101,-7.214,-0.27,-0.27,0.66,0.0,0.24,0.243,-0.293,-0.349,1.53,1.02,1.0,1.53,334.486,334.486,164.182,60.96,0.895,1.103,-0.687,-9.217,0.06,0.42,0.317,-0.467,1.08,1.1,98.427,291.269,9.116,6.527,31.261,31.209,31.209,0.052,-13.493,-12.909,-0.584,6.527,31.209,-0.8045680411443576
852,9_9,2_1_3_9,30.867,30.867,33.464,33.464,-20.482,-20.482,-24.249,-24.249,0.94,1.033,0.944,1.047,-2.691,-9.079,0.66,0.42,0.66,0.06,-0.209,0.326,-0.149,0.488,1.02,1.02,1.08,1.1,164.182,291.269,164.182,98.427,0.947,0.946,-1.736,-9.188,0.42,0.42,-0.281,-0.281,1.1,1.1,291.269,291.269,6.497,7.343,30.867,30.867,30.867,0.0,-24.249,-24.249,0.0,6.497,30.867,-0.8389831458526468
169,2_2,2_6_3_2,38.474,38.474,38.996,38.996,-4.901,-4.901,-6.01,-6.01,1.107,0.931,0.942,1.008,-2.119,-8.727,0.66,0.66,0.0,0.06,-0.417,0.314,0.488,-0.227,1.02,1.0,1.08,1.02,164.182,164.182,60.96,98.427,0.978,0.978,-1.736,-9.745,0.66,0.66,-0.268,-0.268,1.02,1.02,164.182,164.182,7.626,6.991,38.474,38.474,38.474,0.0,-6.01,-6.01,0.0,6.991,38.474,-0.07349863849605084
705,4_9,2_1_1_8,28.425,28.539,27.913,29.465,-17.009,-17.768,-18.581,-20.211,0.942,1.023,1.039,0.897,-2.92,-9.252,0.66,0.45,0.66,0.66,-0.214,0.321,-0.082,-0.109,1.02,1.02,1.02,1.75,164.182,467.957,164.182,164.182,0.875,1.066,-0.546,-8.904,-0.17,0.42,-0.127,-0.385,1.5,1.1,185.535,291.269,5.984,8.706,27.913,28.539,27.913,-0.626,-18.581,-20.211,1.629,5.984,27.913,-1.1362410970464665
140,7_9,4_2_4_4,42.557,46.796,40.68,44.808,-2.493,-1.22,-4.611,-4.577,0.992,1.027,0.902,1.149,0.943,-7.284,-0.17,-0.17,-0.2,-0.27,-0.197,0.241,-0.073,0.309,1.5,2.25,1.53,1.5,185.535,185.535,642.238,334.486,0.939,1.048,-1.088,-8.015,-0.01,0.42,-0.156,-0.35,2.7,1.1,636.378,291.269,8.957,6.195,40.68,44.808,40.68,-4.128,-4.611,-4.577,-0.033,6.195,40.68,0.14848884976852833
173,3_9,4_2_1_2,35.8,43.697,42.449,42.877,-7.2,-6.33,-7.44,-6.171,1.088,1.012,1.054,0.962,-1.59,-8.379,-0.17,0.66,-0.2,0.66,-0.278,0.315,-0.066,-0.056,1.5,2.25,1.02,1.02,185.535,164.182,642.238,164.182,0.875,1.158,-0.377,-8.19,-0.27,0.42,0.224,-0.481,1.53,1.1,334.486,291.269,6.6,8.002,35.8,42.877,35.8,-7.077,-7.44,-6.33,-1.11,6.6,35.8,-0.34258048057197277
6,3_7,5_2_2_9,80.387,80.357,77.139,76.96,41.007,37.111,39.559,31.801,1.009,1.014,1.057,1.184,-0.579,-7.922,-0.2,0.42,-0.2,-0.2,-0.211,0.235,-0.036,0.104,2.25,2.25,2.25,1.1,642.238,291.269,642.238,642.238,0.967,1.124,0.024,-7.025,-0.27,-0.01,0.156,-0.362,1.53,2.7,334.486,636.378,6.446,7.947,77.139,76.96,76.96,0.18,39.559,31.801,7.758,6.446,76.96,3.7993075597589727
745,4_6,1_2_6_5,38.519,39.027,40.174,37.991,-16.616,-20.604,-15.97,-21.153,1.012,1.044,1.113,1.088,0.66,-7.574,0.06,-0.2,-0.2,0.0,0.23,0.221,-0.135,-0.266,1.08,2.25,1.0,2.25,98.427,642.238,642.238,60.96,0.975,1.037,1.376,-8.571,-0.17,0.0,-0.226,-0.472,1.5,1.0,185.535,60.96,9.23,8.95,38.519,37.991,37.991,0.528,-16.616,-21.153,4.537,8.95,37.991,-0.12210242672442388
478,3_3,3_3_1_4,35.019,35.019,36.645,36.645,-14.008,-14.008,-15.308,-15.308,1.036,1.057,1.127,0.9,-0.577,-7.537,-0.27,-0.17,0.06,0.66,0.075,0.242,0.325,-0.257,1.53,1.08,1.02,1.5,334.486,185.535,98.427,164.182,1.074,1.074,1.92,-7.114,-0.27,-0.27,0.023,0.023,1.53,1.53,334.486,334.486,6.538,9.457,35.019,35.019,35.019,0.0,-15.308,-15.308,0.0,6.538,35.019,-0.42117169921867986
73,5_7,5_1_6_6,41.162,49.906,41.671,53.565,-15.624,0.664,-18.525,3.16,0.873,1.105,1.059,1.036,-0.731,-8.176,-0.2,0.0,0.66,0.0,-0.083,0.26,-0.208,-0.251,2.25,1.02,1.0,1.0,642.238,60.96,164.182,60.96,1.04,1.094,0.231,-7.776,-0.2,-0.01,-0.199,-0.259,2.25,2.7,642.238,636.378,7.046,8.407,41.162,49.906,41.162,-8.744,-18.525,0.664,-19.189,7.046,41.162,0.19699200903576627
910,6_6,5_3_1_6,29.442,29.442,29.439,29.439,-26.148,-26.148,-26.146,-26.146,1.034,1.0,1.098,0.883,-0.95,-8.206,-0.2,0.0,0.06,0.66,-0.261,0.268,0.403,-0.24,2.25,1.08,1.02,1.0,642.238,60.96,98.427,164.182,0.998,0.998,1.102,-9.105,0.0,0.0,-0.454,-0.454,1.0,1.0,60.96,60.96,8.156,9.308,29.439,29.439,29.439,0.0,-26.148,-26.148,0.0,8.156,29.439,-0.9826813023539245
813,1_1,4_2_3_4,40.464,40.464,41.358,41.358,-22.002,-22.002,-22.921,-22.921,0.972,1.034,0.85,1.133,0.713,-7.656,-0.17,-0.17,-0.2,0.06,-0.185,0.244,-0.104,0.398,1.5,2.25,1.08,1.5,185.535,185.535,642.238,98.427,1.061,1.061,1.545,-8.806,0.06,0.06,0.124,0.124,1.08,1.08,98.427,98.427,9.519,9.202,40.464,40.464,40.464,0.0,-22.921,-22.921,0.0,9.202,40.464,0.12675299416329294
238,5_9,5_2_1_8,51.618,48.676,53.563,61.45,6.178,16.41,9.101,-8.66,0.98,1.037,1.027,1.11,-1.337,-8.338,-0.2,0.45,-0.2,0.66,-0.171,0.245,-0.032,-0.079,2.25,2.25,1.02,1.75,642.238,467.957,642.238,164.182,0.876,1.056,-0.708,-8.875,-0.2,0.42,-0.122,-0.373,2.25,1.1,642.238,291.269,7.538,7.63,51.618,48.676,48.676,2.942,6.178,-8.66,14.838,7.538,48.676,0.9531180230067755
145,3_7,2_6_6_3,40.508,37.048,41.995,39.136,-2.753,-2.828,-10.887,-4.757,1.147,0.912,1.142,0.897,-0.847,-7.421,0.66,-0.27,0.0,0.0,-0.414,0.285,-0.143,-0.406,1.02,1.0,1.0,1.53,164.182,334.486,60.96,60.96,0.967,1.124,0.024,-7.025,-0.27,-0.01,0.156,-0.362,1.53,2.7,334.486,636.378,6.179,7.446,40.508,37.048,37.048,3.459,-10.887,-4.757,-6.13,6.179,37.048,-0.21699553707505734
792,7_8,3_4_1_6,30.923,30.663,33.789,29.739,-19.868,-19.293,-22.108,-22.433,0.979,1.119,1.094,1.003,-0.681,-7.41,-0.27,0.0,-0.27,0.66,0.124,0.236,0.193,-0.223,1.53,1.53,1.02,1.0,334.486,60.96,334.486,164.182,0.918,1.064,-0.93,-7.913,-0.01,0.45,-0.153,-0.358,2.7,1.75,636.378,467.957,7.232,6.479,30.923,29.739,29.739,1.184,-22.108,-22.433,0.325,6.479,29.739,-0.9524926140133199
234,3_5,4_3_4_2,49.772,48.963,52.06,49.666,5.353,-9.661,-8.048,-8.512,1.183,0.91,0.96,1.047,-0.731,-7.994,-0.17,0.66,0.06,-0.27,-0.458,0.304,0.369,0.325,1.5,1.08,1.53,1.02,185.535,164.182,98.427,334.486,0.998,1.101,1.621,-7.471,-0.27,-0.2,0.12,-0.333,1.53,2.25,334.486,642.238,6.74,9.615,49.772,48.963,48.963,0.809,-8.048,-9.661,1.613,6.74,48.963,0.9819985348526205
220,1_2,2_3_2_7,42.782,40.817,44.018,40.613,-6.154,-6.316,-7.054,-8.18,1.194,0.811,1.026,0.959,-0.686,-8.126,0.66,-0.01,0.06,-0.2,-0.463,0.312,0.526,-0.091,1.02,1.08,2.25,2.7,164.182,636.378,98.427,642.238,0.884,1.149,-0.36,-9.308,0.06,0.66,0.34,-0.479,1.08,1.02,98.427,164.182,8.622,7.765,42.782,40.613,40.613,2.169,-7.054,-8.18,1.126,7.765,40.613,0.14174670937245998
923,1_2,4_4_1_2,32.955,33.418,34.84,34.945,-19.037,-18.246,-20.334,-26.87,1.038,1.011,1.072,0.946,-1.936,-8.233,-0.17,0.66,-0.27,0.66,-0.267,0.316,-0.112,0.262,1.5,1.53,1.02,1.02,185.535,164.182,334.486,164.182,0.884,1.149,-0.36,-9.308,0.06,0.66,0.34,-0.479,1.08,1.02,98.427,164.182,7.372,7.872,32.955,33.418,32.955,-0.463,-20.334,-26.87,6.536,7.372,32.955,-0.6288698750020393
500,1_2,5_1_6_8,35.104,35.359,37.38,37.896,-14.972,-15.274,-14.8,-15.732,0.84,1.12,0.946,1.069,-1.331,-8.349,-0.2,0.45,0.66,0.0,-0.049,0.265,-0.218,-0.147,2.25,1.02,1.0,1.75,642.238,467.957,164.182,60.96,0.884,1.149,-0.36,-9.308,0.06,0.66,0.34,-0.479,1.08,1.02,98.427,164.182,7.977,7.988,35.104,35.359,35.104,-0.255,-14.972,-15.732,0.76,7.977,35.104,-0.41261823752217514
132,4_9,5_1_6_7,35.192,35.947,37.71,39.62,-6.193,-3.674,-9.288,-3.964,0.906,1.104,1.028,1.009,-1.055,-7.384,-0.2,-0.01,0.66,0.0,-0.085,0.26,-0.203,-0.226,2.25,1.02,1.0,2.7,642.238,636.378,164.182,60.96,0.875,1.066,-0.546,-8.904,-0.17,0.42,-0.127,-0.385,1.5,1.1,185.535,291.269,7.849,6.837,35.192,35.947,35.192,-0.755,-9.288,-3.964,-5.324,6.837,35.192,-0.40376288894226436
990,1_1,1_6_3_5,37.291,37.291,38.7,38.7,-23.762,-23.762,-34.368,-34.368,0.999,1.118,1.008,1.056,0.221,-7.83,0.06,-0.2,0.0,0.06,0.272,0.225,-0.416,0.394,1.08,1.0,1.08,2.25,98.427,642.238,60.96,98.427,1.061,1.061,1.545,-8.806,0.06,0.06,0.124,0.124,1.08,1.08,98.427,98.427,9.027,9.375,37.291,37.291,37.291,0.0,-34.368,-34.368,0.0,9.027,37.291,-0.19254269951916814
774,3_3,2_3_2_6,33.854,33.854,35.206,35.206,-11.581,-11.581,-21.806,-21.806,1.17,0.872,1.03,0.957,-0.872,-8.448,0.66,0.0,0.06,-0.2,-0.456,0.312,0.52,-0.117,1.02,1.08,2.25,1.0,164.182,60.96,98.427,642.238,1.074,1.074,1.92,-7.114,-0.27,-0.27,0.023,0.023,1.53,1.53,334.486,334.486,6.243,10.368,33.854,33.854,33.854,0.0,-21.806,-21.806,0.0,6.243,33.854,-0.5384044389413608
185,3_8,3_1_1_9,32.258,36.439,34.558,40.164,-4.131,-5.832,-6.55,-6.658,0.83,1.23,1.01,0.996,-2.02,-8.209,-0.27,0.42,0.66,0.66,0.321,0.256,-0.302,-0.08,1.53,1.02,1.02,1.1,334.486,291.269,164.182,164.182,0.88,1.182,0.092,-8.147,-0.27,0.45,0.225,-0.489,1.53,1.75,334.486,467.957,6.126,8.301,32.258,36.439,32.258,-4.18,-6.55,-6.658,0.108,6.126,32.258,-0.6990082609133768
41,8_9,3_2_2_9,59.76,59.515,60.201,59.1,13.059,16.26,9.391,10.139,1.063,1.089,0.977,1.138,-0.672,-7.339,-0.27,0.42,-0.2,-0.2,0.135,0.224,-0.135,0.097,1.53,2.25,2.25,1.1,334.486,291.269,642.238,642.238,0.968,0.942,-1.586,-9.126,0.45,0.42,-0.289,-0.275,1.75,1.1,467.957,291.269,8.454,5.753,59.76,59.1,59.1,0.66,9.391,10.139,-0.748,5.753,59.1,2.0020743138816486
696,1_6,2_2_1_9,39.678,38.525,40.461,38.618,-20.259,-20.779,-20.25,-20.016,1.09,0.937,1.031,1.017,-2.035,-8.998,0.66,0.42,-0.2,0.66,-0.339,0.308,0.077,-0.106,1.02,2.25,1.02,1.1,164.182,291.269,642.238,164.182,0.983,1.082,1.33,-8.949,0.06,0.0,0.223,-0.568,1.08,1.0,98.427,60.96,6.914,10.328,39.678,38.525,38.525,1.153,-20.259,-20.779,0.52,6.914,38.525,-0.06836656147814787
108,2_3,5_1_3_5,43.618,42.859,46.073,44.968,-4.059,-5.289,-1.075,-1.315,0.86,1.124,0.977,1.057,-0.826,-7.995,-0.2,-0.2,0.66,0.06,-0.063,0.267,-0.244,0.415,2.25,1.02,1.08,2.25,642.238,642.238,164.182,98.427,1.209,0.871,0.011,-8.258,0.66,-0.27,-0.5,0.238,1.02,1.53,164.182,334.486,7.432,8.006,43.618,42.859,42.859,0.759,-4.059,-5.289,1.231,7.432,42.859,0.367759356082453
588,4_7,4_4_4_6,43.399,44.405,41.007,43.279,-8.754,-9.277,-17.593,-17.574,1.026,1.052,0.996,1.11,0.569,-7.462,-0.17,0.0,-0.27,-0.27,-0.255,0.253,0.231,0.253,1.5,1.53,1.53,1.0,185.535,60.96,334.486,334.486,0.988,1.057,0.019,-7.55,-0.17,-0.01,-0.201,-0.267,1.5,2.7,185.535,636.378,8.119,7.48,41.007,43.279,41.007,-2.272,-17.593,-17.574,-0.018,7.48,41.007,0.18139452005978712
56,1_3,2_2_2_2,67.587,67.592,66.522,66.506,8.807,8.808,6.655,6.825,1.156,0.987,0.986,1.155,-0.583,-8.849,0.66,0.66,-0.2,-0.2,-0.373,0.301,0.086,0.086,1.02,2.25,2.25,1.02,164.182,164.182,642.238,642.238,1.104,1.048,1.779,-7.75,0.06,-0.27,0.121,0.017,1.08,1.53,98.427,334.486,7.166,10.627,66.522,66.506,66.506,0.016,6.655,6.825,-0.17,7.166,66.506,2.74733240005004
405,2_6,3_1_6_7,30.747,30.132,31.193,30.641,-11.82,-12.832,-12.954,-13.351,0.893,1.195,1.025,1.036,-0.804,-7.118,-0.27,-0.01,0.66,0.0,0.264,0.245,-0.304,-0.219,1.53,1.02,1.0,2.7,334.486,636.378,164.182,60.96,1.071,0.882,-0.457,-9.433,0.66,0.0,-0.38,-0.33,1.02,1.0,164.182,60.96,8.629,6.66,30.747,30.132,30.132,0.615,-12.954,-13.351,0.397,6.66,30.132,-0.9129454322871279
442,6_6,2_3_4_5,36.907,36.907,36.908,36.908,-14.448,-14.448,-14.447,-14.447,1.183,0.84,1.062,0.949,-0.973,-8.049,0.66,-0.2,0.06,-0.27,-0.451,0.314,0.482,0.214,1.02,1.08,1.53,2.25,164.182,642.238,98.427,334.486,0.998,0.998,1.102,-9.105,0.0,0.0,-0.454,-0.454,1.0,1.0,60.96,60.96,8.133,9.151,36.907,36.907,36.907,0.0,-14.448,-14.448,0.0,8.133,36.907,-0.23118422059514201
757,1_8,2_1_3_5,32.187,33.794,33.555,35.493,-20.16,-18.443,-23.045,-21.442,0.993,1.01,1.063,0.947,-2.167,-8.362,0.66,-0.2,0.66,0.06,-0.257,0.317,-0.128,0.391,1.02,1.02,1.08,2.25,164.182,642.238,164.182,98.427,0.894,1.125,-0.239,-9.257,0.06,0.45,0.324,-0.475,1.08,1.75,98.427,467.957,7.091,8.123,32.187,33.794,32.187,-1.607,-23.045,-21.442,-1.603,7.091,32.187,-0.706152917153987
997,1_1,1_4_6_4,36.806,36.806,37.657,37.657,-33.969,-33.969,-36.952,-36.952,1.048,1.053,1.145,1.101,0.529,-7.533,0.06,-0.17,-0.27,0.0,0.17,0.225,0.194,-0.324,1.08,1.53,1.0,1.5,98.427,185.535,334.486,60.96,1.061,1.061,1.545,-8.806,0.06,0.06,0.124,0.124,1.08,1.08,98.427,98.427,9.335,9.078,36.806,36.806,36.806,0.0,-36.952,-36.952,0.0,9.078,36.806,-0.24134774566981212
24,4_9,4_2_2_7,63.845,72.285,65.402,65.726,17.821,27.16,12.25,13.101,1.122,1.084,0.98,1.071,0.39,-7.684,-0.17,-0.01,-0.2,-0.2,-0.222,0.234,-0.035,0.003,1.5,2.25,2.25,2.7,185.535,636.378,642.238,642.238,0.875,1.066,-0.546,-8.904,-0.17,0.42,-0.127,-0.385,1.5,1.1,185.535,291.269,9.294,7.138,63.845,65.726,63.845,-1.881,12.25,13.101,-0.851,7.138,63.845,2.479558734468877
467,4_5,4_3_3_8,47.473,46.193,48.526,47.863,4.157,-12.207,-14.64,-15.095,0.992,1.036,0.92,1.117,-0.944,-8.221,-0.17,0.45,0.06,0.06,-0.235,0.269,0.321,0.456,1.5,1.08,1.08,1.75,185.535,467.957,98.427,98.427,0.999,1.017,1.462,-8.094,-0.17,-0.2,-0.228,-0.241,1.5,2.25,185.535,642.238,7.15,9.683,47.473,46.193,46.193,1.28,-14.64,-15.095,0.455,7.15,46.193,0.7032563125077046
539,7_8,3_6_1_8,32.371,33.011,33.411,33.476,-11.77,-12.939,-15.991,-16.378,0.935,1.156,0.992,1.032,-1.557,-7.745,-0.27,0.45,0.0,0.66,0.22,0.232,-0.378,-0.093,1.53,1.0,1.02,1.75,334.486,467.957,60.96,164.182,0.918,1.064,-0.93,-7.913,-0.01,0.45,-0.153,-0.358,2.7,1.75,636.378,467.957,6.355,6.815,32.371,33.011,32.371,-0.64,-15.991,-16.378,0.387,6.355,32.371,-0.6876371883050824
531,1_2,4_6_6_2,33.429,35.033,35.354,36.334,-15.367,-14.91,-16.84,-16.242,1.114,0.904,1.062,0.929,-0.951,-7.985,-0.17,0.66,0.0,0.0,-0.387,0.288,-0.144,-0.312,1.5,1.0,1.0,1.02,185.535,164.182,60.96,60.96,0.884,1.149,-0.36,-9.308,0.06,0.66,0.34,-0.479,1.08,1.02,98.427,164.182,8.357,7.625,33.429,35.033,33.429,-1.604,-16.84,-16.242,-0.598,7.625,33.429,-0.5811717474238837
618,5_9,2_6_4_6,34.218,36.865,35.198,39.762,-19.231,-18.254,-19.718,-18.101,1.158,1.055,1.008,1.022,-1.043,-8.12,0.66,0.0,0.0,-0.27,-0.352,0.296,-0.19,0.262,1.02,1.0,1.53,1.0,164.182,60.96,60.96,334.486,0.876,1.056,-0.708,-8.875,-0.2,0.42,-0.122,-0.373,2.25,1.1,642.238,291.269,7.832,7.412,34.218,36.865,34.218,-2.647,-19.718,-18.254,-1.464,7.412,34.218,-0.5017754970880935
694,1_7,4_4_6_9,37.29,33.937,37.99,36.955,-14.854,-10.842,-16.583,-19.983,0.964,1.043,1.002,1.103,-1.065,-7.743,-0.17,0.42,-0.27,0.0,-0.211,0.253,0.243,-0.192,1.5,1.53,1.0,1.1,185.535,291.269,334.486,60.96,0.988,1.077,-0.192,-7.615,0.06,-0.01,0.249,-0.355,1.08,2.7,98.427,636.378,6.55,7.551,37.29,33.937,33.937,3.354,-16.583,-19.983,3.4,6.55,33.937,-0.5300522351671271
926,6_6,3_4_3_6,34.577,34.577,34.577,34.577,-27.162,-27.162,-27.161,-27.161,0.989,1.119,0.873,1.127,0.386,-7.24,-0.27,0.0,-0.27,0.06,0.115,0.236,0.135,0.362,1.53,1.53,1.08,1.0,334.486,60.96,334.486,98.427,0.998,0.998,1.102,-9.105,0.0,0.0,-0.454,-0.454,1.0,1.0,60.96,60.96,9.491,8.342,34.577,34.577,34.577,0.0,-27.162,-27.162,0.0,8.342,34.577,-0.46564970004050393
338,3_4,4_2_6_4,43.508,43.23,43.674,43.039,-9.368,-9.795,-20.95,-11.478,1.015,1.01,1.103,1.09,0.701,-7.332,-0.17,-0.17,-0.2,0.0,-0.218,0.235,-0.057,-0.267,1.5,2.25,1.0,1.5,185.535,185.535,642.238,60.96,1.007,1.095,1.831,-7.467,-0.27,-0.17,0.106,-0.335,1.53,1.5,334.486,185.535,8.169,9.163,43.508,43.039,43.039,0.469,-20.95,-11.478,-9.472,8.169,43.039,0.3858725690868157
51,3_8,5_2_3_3,47.191,44.032,49.669,48.587,-0.3,-1.153,6.163,8.027,1.109,0.855,1.03,0.983,0.743,-7.28,-0.2,-0.27,-0.2,0.06,0.035,0.234,0.331,-0.091,2.25,2.25,1.08,1.53,642.238,334.486,642.238,98.427,0.88,1.182,0.092,-8.147,-0.27,0.45,0.225,-0.489,1.53,1.75,334.486,467.957,8.889,7.371,47.191,44.032,44.032,3.158,-0.3,-1.153,0.853,7.371,44.032,0.48579712749421633
507,5_7,1_6_6_5,51.337,45.83,55.197,46.843,23.941,-12.804,4.317,-15.848,1.009,1.082,1.057,1.013,0.423,-7.678,0.06,-0.2,0.0,0.0,0.238,0.217,-0.363,-0.28,1.08,1.0,1.0,2.25,98.427,642.238,60.96,60.96,1.04,1.094,0.231,-7.776,-0.2,-0.01,-0.199,-0.259,2.25,2.7,642.238,636.378,8.199,7.909,51.337,45.83,45.83,5.508,4.317,-15.848,20.166,7.909,45.83,0.6667279996155732
516,5_6,3_3_4_8,41.247,41.597,41.001,44.449,-4.533,-7.947,-12.296,-15.981,1.025,1.033,0.906,1.176,-0.501,-7.534,-0.27,0.45,0.06,-0.27,0.116,0.249,0.248,0.359,1.53,1.08,1.53,1.75,334.486,467.957,98.427,334.486,0.973,1.035,1.346,-8.569,-0.2,0.0,-0.219,-0.469,2.25,1.0,642.238,60.96,8.067,8.88,41.001,41.597,41.001,-0.596,-12.296,-15.981,3.686,8.067,41.001,0.180790746292975
920,6_9,1_4_3_7,32.616,29.156,32.61,32.538,-22.156,-15.511,-24.618,-26.722,1.102,1.009,1.006,1.056,-0.58,-7.351,0.06,-0.01,-0.27,0.06,0.155,0.237,0.161,0.404,1.08,1.53,1.08,2.7,98.427,636.378,334.486,98.427,0.896,1.023,-0.657,-9.131,0.0,0.42,-0.355,-0.364,1.0,1.1,60.96,291.269,8.551,6.694,32.61,29.156,29.156,3.454,-24.618,-26.722,2.104,6.694,29.156,-1.0111592983552282
781,2_6,3_3_3_4,32.887,30.207,32.832,30.324,-22.01,-19.891,-24.139,-22.14,1.013,1.095,0.965,1.071,0.435,-7.423,-0.27,-0.17,0.06,0.06,0.078,0.242,0.259,0.333,1.53,1.08,1.08,1.5,334.486,185.535,98.427,98.427,1.071,0.882,-0.457,-9.433,0.66,0.0,-0.38,-0.33,1.02,1.0,164.182,60.96,9.868,6.966,32.832,30.207,30.207,2.625,-24.139,-22.14,-1.999,6.966,30.207,-0.9053982602019768
264,5_7,2_4_2_9,56.81,54.236,54.538,51.963,13.844,13.323,-10.335,-9.624,1.224,0.86,0.925,1.029,-1.204,-8.324,0.66,0.42,-0.27,-0.2,-0.457,0.305,0.42,0.005,1.02,1.53,2.25,1.1,164.182,291.269,334.486,642.238,1.04,1.094,0.231,-7.776,-0.2,-0.01,-0.199,-0.259,2.25,2.7,642.238,636.378,6.572,8.555,54.538,51.963,51.963,2.575,-10.335,-9.624,-0.711,6.572,51.963,1.283885418258666
817,4_7,1_3_2_3,43.507,42.664,43.719,41.516,-10.169,-10.025,-12.047,-23.051,1.115,0.854,1.129,0.948,0.845,-7.492,0.06,-0.27,0.06,-0.2,0.143,0.232,0.318,-0.203,1.08,1.08,2.25,1.53,98.427,334.486,98.427,642.238,0.988,1.057,0.019,-7.55,-0.17,-0.01,-0.201,-0.267,1.5,2.7,185.535,636.378,8.395,7.511,43.507,41.516,41.516,1.991,-12.047,-23.051,11.004,7.511,41.516,0.23261466127767957
710,1_9,1_2_4_1,38.736,41.619,40.589,39.114,-19.035,-19.388,-28.293,-20.279,0.997,1.077,1.035,1.08,0.891,-7.976,0.06,0.06,-0.2,-0.27,0.258,0.227,-0.175,0.199,1.08,2.25,1.53,1.08,98.427,98.427,642.238,334.486,0.895,1.103,-0.687,-9.217,0.06,0.42,0.317,-0.467,1.08,1.1,98.427,291.269,10.107,7.289,38.736,39.114,38.736,-0.378,-28.293,-20.279,-8.014,7.289,38.736,-0.047133850678589474
682,5_6,4_6_6_1,39.185,39.691,38.494,40.046,-15.832,-13.122,-19.659,-19.708,1.008,1.083,1.058,1.012,0.415,-7.671,-0.17,0.06,0.0,0.0,0.239,0.217,-0.367,-0.283,1.5,1.0,1.0,1.08,185.535,98.427,60.96,60.96,0.973,1.035,1.346,-8.569,-0.2,0.0,-0.219,-0.469,2.25,1.0,642.238,60.96,8.984,9.017,38.494,39.691,38.494,-1.196,-19.659,-19.708,0.049,8.984,38.494,-0.07148605927334355
832,2_8,1_4_3_2,34.429,34.03,35.297,35.622,-9.606,-12.602,-12.815,-23.438,1.045,1.063,0.892,1.154,-0.98,-8.153,0.06,0.66,-0.27,0.06,0.192,0.244,0.148,0.493,1.08,1.53,1.08,1.02,98.427,164.182,334.486,98.427,0.99,0.949,-1.494,-9.69,0.66,0.45,-0.29,-0.26,1.02,1.75,164.182,467.957,8.71,6.658,34.429,34.03,34.03,0.399,-12.815,-23.438,10.623,6.658,34.03,-0.5206937417815393
518,4_4,2_6_6_7,36.591,36.591,36.992,36.992,-11.601,-11.601,-16.048,-16.048,1.133,0.96,1.028,0.942,-1.47,-7.453,0.66,-0.01,0.0,0.0,-0.379,0.289,-0.151,-0.274,1.02,1.0,1.0,2.7,164.182,636.378,60.96,60.96,1.012,1.013,1.714,-8.088,-0.17,-0.17,-0.243,-0.243,1.5,1.5,185.535,185.535,6.619,9.168,36.591,36.591,36.591,0.0,-16.048,-16.048,0.0,6.619,36.591,-0.2629829723139117
447,2_7,4_3_1_8,32.187,32.865,34.202,33.111,-12.4,-12.988,-15.303,-14.608,1.003,1.022,1.018,0.96,-1.858,-8.368,-0.17,0.45,0.06,0.66,-0.235,0.268,0.386,-0.147,1.5,1.08,1.02,1.75,185.535,467.957,98.427,164.182,1.095,0.903,-1.149,-8.015,0.66,-0.01,-0.373,-0.136,1.02,2.7,164.182,636.378,6.157,7.219,32.187,32.865,32.187,-0.678,-15.303,-14.608,-0.695,6.157,32.187,-0.706152917153987
18,1_7,1_2_2_5,71.048,70.777,68.637,68.715,9.678,15.653,9.421,14.957,1.116,1.101,1.011,0.997,1.094,-7.91,0.06,-0.2,-0.2,-0.2,0.218,0.219,-0.115,-0.028,1.08,2.25,2.25,2.25,98.427,642.238,642.238,642.238,0.988,1.077,-0.192,-7.615,0.06,-0.01,0.249,-0.355,1.08,2.7,98.427,636.378,8.708,7.718,68.637,68.715,68.637,-0.079,9.421,14.957,-5.536,7.718,68.637,2.9617727162294676
715,4_5,3_6_3_1,43.572,43.621,46.504,45.273,-20.321,-20.982,-18.832,-20.432,1.058,1.009,1.164,0.982,0.496,-7.532,-0.27,0.06,0.0,0.06,0.134,0.231,0.31,-0.431,1.53,1.0,1.08,1.08,334.486,98.427,60.96,98.427,0.999,1.017,1.462,-8.094,-0.17,-0.2,-0.228,-0.241,1.5,2.25,185.535,642.238,8.589,8.994,43.572,43.621,43.572,-0.049,-20.321,-20.982,0.661,8.589,43.572,0.4395078053719566
483,3_4,2_3_6_9,36.946,32.757,39.105,35.558,-7.541,-7.155,-17.057,-15.414,1.108,0.928,0.95,0.96,-2.095,-8.681,0.66,0.42,0.06,0.0,-0.418,0.314,0.491,-0.249,1.02,1.08,1.0,1.1,164.182,291.269,98.427,60.96,1.007,1.095,1.831,-7.467,-0.27,-0.17,0.106,-0.335,1.53,1.5,334.486,185.535,5.372,10.512,36.946,32.757,32.757,4.189,-17.057,-15.414,-1.643,5.372,32.757,-0.6487944093068383
568,2_2,1_3_2_4,31.59,31.59,32.008,32.008,-16.477,-16.477,-17.024,-17.024,1.113,0.885,1.044,0.96,0.549,-7.9,0.06,-0.17,0.06,-0.2,0.148,0.233,0.318,-0.112,1.08,1.08,2.25,1.5,98.427,185.535,98.427,642.238,0.978,0.978,-1.736,-9.745,0.66,0.66,-0.268,-0.268,1.02,1.02,164.182,164.182,10.294,6.164,31.59,31.59,31.59,0.0,-17.024,-17.024,0.0,6.164,31.59,-0.7662284069517898
433,8_8,4_1_4_2,34.472,34.472,35.366,35.366,-12.289,-12.289,-14.204,-14.204,1.188,0.905,1.141,0.902,-1.086,-8.211,-0.17,0.66,0.66,-0.27,-0.457,0.305,0.433,-0.268,1.5,1.02,1.53,1.02,185.535,164.182,164.182,334.486,0.949,1.031,-0.671,-9.446,0.45,0.45,-0.246,-0.325,1.75,1.75,467.957,467.957,8.36,7.54,34.472,34.472,34.472,0.0,-14.204,-14.204,0.0,7.54,34.472,-0.4762157409597152
367,1_9,3_1_6_8,33.59,35.164,34.048,38.418,-11.537,-12.042,-16.588,-12.398,0.823,1.221,0.92,1.088,-1.123,-7.769,-0.27,0.45,0.66,0.0,0.307,0.25,-0.323,-0.142,1.53,1.02,1.0,1.75,334.486,467.957,164.182,60.96,0.895,1.103,-0.687,-9.217,0.06,0.42,0.317,-0.467,1.08,1.1,98.427,291.269,8.094,7.082,33.59,35.164,33.59,-1.574,-16.588,-12.398,-4.19,7.082,33.59,-0.5649704846810925
83,5_9,3_1_2_2,49.581,47.745,47.394,50.968,0.329,2.626,-9.314,1.358,1.132,0.919,1.199,0.907,-0.853,-7.993,-0.27,0.66,0.66,-0.2,-0.381,0.3,0.093,-0.304,1.53,1.02,2.25,1.02,334.486,164.182,164.182,642.238,0.876,1.056,-0.708,-8.875,-0.2,0.42,-0.122,-0.373,2.25,1.1,642.238,291.269,8.022,7.285,47.394,47.745,47.394,-0.351,-9.314,1.358,-10.672,7.285,47.394,0.8241116948312582
61,2_3,5_2_3_7,47.837,47.911,52.649,50.69,4.877,4.371,12.202,5.679,0.969,1.033,0.816,1.155,-0.22,-7.255,-0.2,-0.01,-0.2,0.06,-0.172,0.242,-0.093,0.447,2.25,2.25,1.08,2.7,642.238,636.378,642.238,98.427,1.209,0.871,0.011,-8.258,0.66,-0.27,-0.5,0.238,1.02,1.53,164.182,334.486,8.038,7.265,47.837,47.911,47.837,-0.074,4.877,4.371,0.505,7.265,47.837,0.8686903246142181
638,1_7,1_2_6_3,39.021,35.447,37.403,35.574,-17.114,-16.803,-23.175,-18.575,1.008,1.047,1.155,1.057,0.786,-7.203,0.06,-0.27,-0.2,0.0,0.219,0.221,-0.134,-0.356,1.08,2.25,1.0,1.53,98.427,334.486,642.238,60.96,0.988,1.077,-0.192,-7.615,0.06,-0.01,0.249,-0.355,1.08,2.7,98.427,636.378,8.4,7.01,37.403,35.447,35.447,1.956,-23.175,-18.575,-4.6,7.01,35.447,-0.37810250385275024
272,4_9,4_6_2_9,34.003,34.129,35.84,36.455,-8.399,-9.562,-10.555,-9.882,1.046,1.105,0.869,1.089,-0.919,-7.846,-0.17,0.42,0.0,-0.2,-0.167,0.241,-0.29,0.071,1.5,1.0,2.25,1.1,185.535,291.269,60.96,642.238,0.875,1.066,-0.546,-8.904,-0.17,0.42,-0.127,-0.385,1.5,1.1,185.535,291.269,7.984,7.299,34.003,34.129,34.003,-0.125,-10.555,-9.882,-0.673,7.299,34.003,-0.5234107237321938
285,6_9,5_3_2_2,38.069,37.064,39.488,36.253,-9.52,-9.704,-9.18,-10.07,1.091,0.904,0.869,1.111,-0.855,-8.2,-0.2,0.66,0.06,-0.2,-0.356,0.303,0.029,0.392,2.25,1.08,2.25,1.02,642.238,164.182,98.427,642.238,0.896,1.023,-0.657,-9.131,0.0,0.42,-0.355,-0.364,1.0,1.1,60.96,291.269,8.275,7.543,38.069,36.253,36.253,1.816,-9.52,-10.07,0.55,7.543,36.253,-0.2969955611776596
360,7_7,2_2_3_5,48.577,48.577,49.558,49.558,2.558,2.558,-12.234,-12.234,1.091,0.904,0.869,1.111,-0.855,-8.2,0.66,-0.2,-0.2,0.06,-0.356,0.303,0.029,0.392,1.02,2.25,1.08,2.25,164.182,642.238,642.238,98.427,1.002,1.002,-0.542,-7.282,-0.01,-0.01,-0.228,-0.228,2.7,2.7,636.378,636.378,6.427,7.659,48.577,48.577,48.577,0.0,-12.234,-12.234,0.0,6.427,48.577,0.9431557558543756
354,2_6,2_4_1_5,36.073,36.332,37.004,35.836,-16.271,-11.3,-13.315,-12.027,1.192,0.896,1.134,0.886,-1.176,-8.229,0.66,-0.2,-0.27,0.66,-0.455,0.305,0.434,-0.256,1.02,1.53,1.02,2.25,164.182,642.238,334.486,164.182,1.071,0.882,-0.457,-9.433,0.66,0.0,-0.38,-0.33,1.02,1.0,164.182,60.96,8.257,7.772,36.073,35.836,35.836,0.237,-16.271,-12.027,-4.244,7.772,35.836,-0.3389578379711001
456,5_7,2_6_2_6,43.898,46.551,40.72,43.632,-18.36,-15.441,-19.02,-14.924,1.137,0.972,1.002,0.987,-0.85,-8.232,0.66,0.0,0.0,-0.2,-0.371,0.291,-0.138,-0.07,1.02,1.0,2.25,1.0,164.182,60.96,60.96,642.238,1.04,1.094,0.231,-7.776,-0.2,-0.01,-0.199,-0.259,2.25,2.7,642.238,636.378,6.927,8.463,40.72,43.632,40.72,-2.912,-19.02,-15.441,-3.579,6.927,40.72,0.1525140082139422
278,2_5,4_4_2_7,55.269,58.133,54.016,53.048,7.251,14.809,-10.238,-10.012,1.118,0.934,0.995,1.024,0.355,-7.62,-0.17,-0.01,-0.27,-0.2,-0.27,0.248,0.282,-0.047,1.5,1.53,2.25,2.7,185.535,636.378,334.486,642.238,1.102,0.862,-0.393,-8.926,0.66,-0.2,-0.389,-0.1,1.02,2.25,164.182,642.238,9.281,7.227,54.016,53.048,53.048,0.968,-10.238,-10.012,-0.226,7.227,53.048,1.3930678410905193
12,4_4,1_2_2_5,74.761,74.761,71.924,71.924,18.295,18.295,18.669,18.669,1.116,1.101,1.011,0.997,1.094,-7.91,0.06,-0.2,-0.2,-0.2,0.218,0.219,-0.115,-0.028,1.08,2.25,2.25,2.25,98.427,642.238,642.238,642.238,1.012,1.013,1.714,-8.088,-0.17,-0.17,-0.243,-0.243,1.5,1.5,185.535,185.535,9.182,9.624,71.924,71.924,71.924,0.0,18.295,18.295,0.0,9.182,71.924,3.2925401114813586
182,2_3,3_1_3_5,44.355,39.627,46.106,43.225,-0.791,-2.032,-8.996,-6.592,0.855,1.221,0.934,1.09,-0.406,-7.694,-0.27,-0.2,0.66,0.06,0.283,0.25,-0.348,0.417,1.53,1.02,1.08,2.25,334.486,642.238,164.182,98.427,1.209,0.871,0.011,-8.258,0.66,-0.27,-0.5,0.238,1.02,1.53,164.182,334.486,7.852,7.704,44.355,39.627,39.627,4.728,-8.996,-6.592,-2.405,7.704,39.627,0.042526553693006605
368,6_6,2_6_2_5,38.238,38.238,38.229,38.229,-12.445,-12.445,-12.442,-12.442,1.181,1.039,1.017,0.963,-0.52,-7.942,0.66,-0.2,0.0,-0.2,-0.394,0.291,-0.122,-0.059,1.02,1.0,2.25,2.25,164.182,642.238,60.96,642.238,0.998,0.998,1.102,-9.105,0.0,0.0,-0.454,-0.454,1.0,1.0,60.96,60.96,8.585,9.045,38.229,38.229,38.229,0.0,-12.445,-12.445,0.0,8.585,38.229,-0.09815273397421097
881,1_9,1_6_2_1,33.878,31.164,34.029,34.642,-24.192,-23.741,-25.067,-25.313,1.003,1.054,1.141,1.071,0.632,-7.833,0.06,0.06,0.0,-0.2,0.235,0.224,-0.14,-0.356,1.08,1.0,2.25,1.08,98.427,98.427,60.96,642.238,0.895,1.103,-0.687,-9.217,0.06,0.42,0.317,-0.467,1.08,1.1,98.427,291.269,9.848,7.146,33.878,31.164,31.164,2.714,-25.067,-25.313,0.247,7.146,31.164,-0.8090963443954482
615,4_8,2_6_1_2,32.377,31.719,33.794,33.264,-16.01,-15.475,-17.859,-18.029,0.966,1.011,0.978,1.062,-2.519,-9.082,0.66,0.66,0.0,0.66,-0.236,0.32,-0.106,-0.159,1.02,1.0,1.02,1.02,164.182,164.182,60.96,164.182,0.873,1.087,-0.165,-8.898,-0.17,0.45,-0.122,-0.391,1.5,1.75,185.535,467.957,6.379,8.917,32.377,31.719,31.719,0.658,-17.859,-18.029,0.171,6.379,31.719,-0.7532472709653297
223,3_8,2_1_1_3,36.278,29.445,38.219,32.158,-6.1,-6.339,-7.53,-8.265,1.046,1.009,1.235,0.824,-2.026,-8.282,0.66,-0.27,0.66,0.66,-0.283,0.316,-0.064,-0.304,1.02,1.02,1.02,1.53,164.182,334.486,164.182,164.182,0.88,1.182,0.092,-8.147,-0.27,0.45,0.225,-0.489,1.53,1.75,334.486,467.957,6.12,8.373,36.278,29.445,29.445,6.834,-7.53,-8.265,0.735,6.12,29.445,-0.9820775285871124
572,3_6,2_1_6_7,26.271,27.588,28.903,29.835,-15.784,-16.845,-16.314,-17.107,1.041,1.0,1.047,0.932,-2.132,-7.726,0.66,-0.01,0.66,0.0,-0.283,0.312,-0.088,-0.259,1.02,1.02,1.0,2.7,164.182,636.378,164.182,60.96,0.973,1.133,1.54,-7.815,-0.27,0.0,0.121,-0.576,1.53,1.0,334.486,60.96,5.683,9.266,26.271,27.588,26.271,-1.317,-16.314,-17.107,0.793,5.683,26.271,-1.3014738512307087
970,1_7,1_6_3_1,35.017,35.569,36.031,36.381,-29.062,-29.786,-30.729,-30.581,1.046,1.049,1.139,1.011,0.245,-8.171,0.06,0.06,0.0,0.06,0.153,0.235,0.304,-0.424,1.08,1.0,1.08,1.08,98.427,98.427,60.96,98.427,0.988,1.077,-0.192,-7.615,0.06,-0.01,0.249,-0.355,1.08,2.7,98.427,636.378,7.86,7.979,35.017,35.569,35.017,-0.553,-30.729,-30.581,-0.148,7.86,35.017,-0.4213729571409501
653,1_5,1_3_6_5,42.998,47.225,45.011,49.38,-26.428,-1.611,-25.5,-18.93,1.058,1.047,1.097,1.006,0.233,-7.837,0.06,-0.2,0.06,0.0,0.148,0.232,0.312,-0.338,1.08,1.08,1.0,2.25,98.427,642.238,98.427,60.96,1.011,1.054,1.418,-8.429,0.06,-0.2,0.22,-0.329,1.08,2.25,98.427,642.238,8.662,9.255,42.998,47.225,42.998,-4.227,-26.428,-18.93,-7.498,8.662,42.998,0.38174678168026605
545,1_2,3_2_1_1,37.302,40.362,37.365,39.584,-16.368,-15.28,-16.398,-16.506,1.052,1.114,1.122,0.968,-0.268,-7.627,-0.27,0.06,-0.2,0.66,0.343,0.244,-0.269,-0.132,1.53,2.25,1.02,1.08,334.486,98.427,642.238,164.182,0.884,1.149,-0.36,-9.308,0.06,0.66,0.34,-0.479,1.08,1.02,98.427,164.182,9.04,7.267,37.302,39.584,37.302,-2.282,-16.398,-16.506,0.108,7.267,37.302,-0.19143578094667904
582,6_8,4_6_4_3,29.714,28.633,29.168,30.236,-20.806,-19.483,-17.53,-17.448,1.02,1.081,1.13,1.101,0.643,-6.88,-0.17,-0.27,0.0,-0.27,0.078,0.226,0.194,-0.314,1.5,1.0,1.53,1.53,185.535,334.486,60.96,334.486,0.895,1.043,-0.348,-9.411,0.0,0.45,-0.35,-0.368,1.0,1.75,60.96,467.957,10.054,6.531,29.168,28.633,28.633,0.535,-20.806,-19.483,-1.323,6.531,28.633,-1.0637882450290155
633,5_8,2_3_2_9,49.602,46.181,47.009,44.855,2.6,-11.768,-18.897,-18.481,1.201,0.792,0.934,1.003,-1.562,-8.768,0.66,0.42,0.06,-0.2,-0.444,0.317,0.515,-0.014,1.02,1.08,2.25,1.1,164.182,291.269,98.427,642.238,0.871,1.076,-0.346,-8.89,-0.2,0.45,-0.115,-0.378,2.25,1.75,642.238,467.957,7.328,8.422,47.009,44.855,44.855,2.154,-18.897,-18.481,-0.416,7.328,44.855,0.5686147625086082
176,2_3,3_3_2_2,41.98,38.863,43.753,40.173,-2.84,-5.511,-4.388,-6.401,1.12,0.915,1.012,1.053,-0.874,-7.598,-0.27,0.66,0.06,-0.2,-0.373,0.301,0.022,0.3,1.53,1.08,2.25,1.02,334.486,164.182,98.427,642.238,1.209,0.871,0.011,-8.258,0.66,-0.27,-0.5,0.238,1.02,1.53,164.182,334.486,7.384,7.609,41.98,38.863,38.863,3.118,-4.388,-6.401,2.013,7.384,38.863,-0.034353972614399965
665,5_7,1_4_3_3,46.092,46.026,49.367,44.431,-17.991,-18.693,-17.546,-19.188,1.026,1.068,0.945,1.072,0.6,-7.451,0.06,-0.27,-0.27,0.06,0.187,0.231,0.146,0.262,1.08,1.53,1.08,1.53,98.427,334.486,334.486,98.427,1.04,1.094,0.231,-7.776,-0.2,-0.01,-0.199,-0.259,2.25,2.7,642.238,636.378,8.376,7.682,46.092,44.431,44.431,1.661,-17.991,-19.188,1.197,7.682,44.431,0.5259480829872205
673,7_8,4_3_3_3,36.876,35.824,37.433,37.828,-7.874,-8.284,-12.583,-19.477,1.013,1.095,0.965,1.071,0.435,-7.423,-0.17,-0.27,0.06,0.06,0.078,0.242,0.259,0.333,1.5,1.08,1.08,1.53,185.535,334.486,98.427,98.427,0.918,1.064,-0.93,-7.913,-0.01,0.45,-0.153,-0.358,2.7,1.75,636.378,467.957,8.347,6.493,36.876,35.824,35.824,1.052,-12.583,-19.477,6.893,6.493,35.824,-0.3401653855047243
585,6_7,3_4_1_2,27.012,26.765,28.758,29.422,-17.857,-18.097,-18.948,-17.541,1.077,1.013,1.146,0.92,-1.851,-7.64,-0.27,0.66,-0.27,0.66,-0.299,0.312,-0.11,0.179,1.53,1.53,1.02,1.02,334.486,164.182,334.486,164.182,1.0,1.0,-0.294,-7.636,0.0,-0.01,-0.429,-0.25,1.0,2.7,60.96,636.378,5.785,7.346,27.012,26.765,26.765,0.247,-18.948,-18.097,-0.851,5.785,26.765,-1.2517631444298465
873,2_6,3_1_3_1,33.644,31.097,34.145,31.036,-16.816,-23.479,-17.584,-25.071,1.082,0.938,1.232,0.847,-0.437,-8.017,-0.27,0.06,0.66,0.06,0.165,0.238,0.325,-0.358,1.53,1.02,1.08,1.08,334.486,98.427,164.182,98.427,1.071,0.882,-0.457,-9.433,0.66,0.0,-0.38,-0.33,1.02,1.0,164.182,60.96,8.996,7.559,33.644,31.036,31.036,2.609,-17.584,-25.071,7.487,7.559,31.036,-0.8219768514207728
393,7_9,3_6_6_4,29.689,32.302,32.872,36.466,-8.764,-9.268,-11.759,-13.153,0.978,1.109,1.064,1.051,0.569,-6.995,-0.27,-0.17,0.0,0.0,0.141,0.216,-0.368,-0.275,1.53,1.0,1.0,1.5,334.486,185.535,60.96,60.96,0.939,1.048,-1.088,-8.015,-0.01,0.42,-0.156,-0.35,2.7,1.1,636.378,291.269,8.584,5.907,29.689,32.302,29.689,-2.613,-11.759,-13.153,1.394,5.907,29.689,-0.9575240620700874
163,2_9,3_1_6_2,34.922,33.117,36.19,35.938,-3.662,-4.584,-5.03,-5.728,1.125,0.937,1.224,0.818,-1.235,-7.887,-0.27,0.66,0.66,0.0,-0.386,0.293,-0.128,-0.326,1.53,1.02,1.0,1.02,334.486,164.182,164.182,60.96,0.993,0.929,-1.74,-9.532,0.66,0.42,-0.296,-0.254,1.02,1.1,164.182,291.269,8.297,6.148,34.922,33.117,33.117,1.805,-5.03,-5.728,0.699,6.148,33.117,-0.6125679832981129
248,3_7,4_1_3_7,35.373,36.367,35.765,36.906,-6.214,-5.208,-8.656,-8.989,0.884,1.133,1.006,1.058,-1.044,-7.435,-0.17,-0.01,0.66,0.06,-0.064,0.268,-0.261,0.442,1.5,1.02,1.08,2.7,185.535,636.378,164.182,98.427,0.967,1.124,0.024,-7.025,-0.27,-0.01,0.156,-0.362,1.53,2.7,334.486,636.378,5.981,7.46,35.373,36.367,35.373,-0.994,-8.656,-8.989,0.333,5.981,35.373,-0.38554904697676656
634,3_8,2_6_3_8,35.732,38.027,38.781,39.03,-8.718,-9.7,-12.299,-18.49,1.018,0.935,0.935,1.079,-1.921,-8.65,0.66,0.45,0.0,0.06,-0.309,0.302,-0.22,0.475,1.02,1.0,1.08,1.75,164.182,467.957,60.96,98.427,0.88,1.182,0.092,-8.147,-0.27,0.45,0.225,-0.489,1.53,1.75,334.486,467.957,6.226,8.741,35.732,38.027,35.732,-2.295,-12.299,-18.49,6.19,6.226,35.732,-0.3494232499291763
885,1_6,3_1_4_6,35.267,36.859,35.273,37.225,-25.565,-28.527,-30.21,-25.531,0.874,1.213,0.994,1.096,-0.324,-7.74,-0.27,0.0,0.66,-0.27,0.281,0.249,-0.344,0.305,1.53,1.02,1.53,1.0,334.486,60.96,164.182,334.486,0.983,1.082,1.33,-8.949,0.06,0.0,0.223,-0.568,1.08,1.0,98.427,60.96,8.625,9.07,35.267,36.859,35.267,-1.592,-30.21,-28.527,-1.683,8.625,35.267,-0.39621571685711293
669,7_7,1_6_4_8,41.686,41.686,41.251,41.251,-6.299,-6.299,-19.276,-19.276,1.02,1.149,0.888,1.188,-0.446,-7.84,0.06,0.45,0.0,-0.27,0.301,0.231,-0.427,0.412,1.08,1.0,1.53,1.75,98.427,467.957,60.96,334.486,1.002,1.002,-0.542,-7.282,-0.01,-0.01,-0.228,-0.228,2.7,2.7,636.378,636.378,6.836,7.299,41.251,41.251,41.251,0.0,-19.276,-19.276,0.0,6.836,41.251,0.20594798657681215
375,4_6,3_4_2_9,39.527,40.682,40.064,42.059,-10.093,-10.855,-10.111,-12.601,1.064,1.054,0.921,1.1,-0.899,-7.168,-0.27,0.42,-0.27,-0.2,0.107,0.235,0.191,0.03,1.53,1.53,2.25,1.1,334.486,291.269,334.486,642.238,0.975,1.037,1.376,-8.571,-0.17,0.0,-0.226,-0.472,1.5,1.0,185.535,60.96,7.671,8.544,39.527,40.682,39.527,-1.155,-10.111,-12.601,2.489,7.671,39.527,0.03246365757947161
412,8_9,1_2_4_4,35.981,36.354,39.505,36.941,-12.911,-11.867,-13.826,-13.508,1.01,1.07,0.998,1.081,1.01,-7.73,0.06,-0.17,-0.2,-0.27,0.249,0.224,-0.169,0.28,1.08,2.25,1.53,1.5,98.427,185.535,642.238,334.486,0.968,0.942,-1.586,-9.126,0.45,0.42,-0.289,-0.275,1.75,1.1,467.957,291.269,10.136,6.145,35.981,36.354,35.981,-0.373,-13.826,-13.508,-0.318,6.145,35.981,-0.32436663860647424
74,4_6,1_2_2_3,67.131,62.353,63.468,65.548,4.81,5.519,5.886,3.022,1.116,1.101,1.091,0.99,1.258,-7.341,0.06,-0.27,-0.2,-0.2,0.229,0.222,-0.118,-0.125,1.08,2.25,2.25,1.53,98.427,334.486,642.238,642.238,0.975,1.037,1.376,-8.571,-0.17,0.0,-0.226,-0.472,1.5,1.0,185.535,60.96,9.828,8.717,63.468,62.353,62.353,1.115,4.81,3.022,1.788,8.717,62.353,2.3294203244549374
113,4_7,2_2_4_9,51.377,49.31,47.451,48.3,0.467,-1.639,-1.033,-2.029,1.124,0.966,0.887,1.154,-1.112,-8.393,0.66,0.42,-0.2,-0.27,-0.344,0.307,0.024,0.404,1.02,2.25,1.53,1.1,164.182,291.269,642.238,334.486,0.988,1.057,0.019,-7.55,-0.17,-0.01,-0.201,-0.267,1.5,2.7,185.535,636.378,6.438,8.412,47.451,48.3,47.451,-0.849,-1.033,-2.029,0.996,6.438,47.451,0.8298475456159734
598,6_8,1_2_4_6,38.978,38.79,34.901,37.698,-15.623,-17.087,-17.076,-17.711,0.986,1.068,0.933,1.146,0.959,-7.809,0.06,0.0,-0.2,-0.27,0.255,0.226,-0.161,0.317,1.08,2.25,1.53,1.0,98.427,60.96,642.238,334.486,0.895,1.043,-0.348,-9.411,0.0,0.45,-0.35,-0.368,1.0,1.75,60.96,467.957,10.37,7.461,34.901,37.698,34.901,-2.797,-17.076,-17.711,0.635,7.461,34.901,-0.43304591663265046
961,3_4,1_6_4_1,38.755,38.209,37.911,39.177,-25.973,-26.953,-29.355,-29.794,1.038,1.062,1.174,1.089,0.524,-7.763,0.06,0.06,0.0,-0.27,0.173,0.227,0.192,-0.408,1.08,1.0,1.53,1.08,98.427,98.427,60.96,334.486,1.007,1.095,1.831,-7.467,-0.27,-0.17,0.106,-0.335,1.53,1.5,334.486,185.535,7.991,9.594,37.911,38.209,37.911,-0.299,-29.355,-29.794,0.439,7.991,37.911,-0.1301527436152516
390,1_5,2_2_1_8,45.371,45.527,42.89,44.612,-9.939,-8.836,-20.492,-13.121,1.117,0.959,1.029,1.024,-1.745,-9.031,0.66,0.45,-0.2,0.66,-0.343,0.308,0.083,-0.103,1.02,2.25,1.02,1.75,164.182,467.957,642.238,164.182,1.011,1.054,1.418,-8.429,0.06,-0.2,0.22,-0.329,1.08,2.25,98.427,642.238,6.684,10.449,42.89,44.612,42.89,-1.722,-20.492,-13.121,-7.371,6.684,42.89,0.3708788538776487
104,2_3,3_4_3_2,47.877,36.454,45.003,40.13,-5.901,-6.022,-8.711,-0.674,1.197,0.85,1.146,0.928,-0.845,-7.52,-0.27,0.66,-0.27,0.06,-0.475,0.31,0.481,0.115,1.53,1.53,1.08,1.02,334.486,164.182,334.486,98.427,1.209,0.871,0.011,-8.258,0.66,-0.27,-0.5,0.238,1.02,1.53,164.182,334.486,7.413,7.531,45.003,36.454,36.454,8.549,-8.711,-6.022,-2.689,7.413,36.454,-0.27676913998945446
114,4_8,5_1_4_9,41.542,41.327,42.993,45.565,-4.629,-6.873,-8.53,-2.078,0.905,1.126,0.905,1.12,-1.266,-8.337,-0.2,0.42,0.66,-0.27,-0.036,0.272,-0.253,0.415,2.25,1.02,1.53,1.1,642.238,291.269,164.182,334.486,0.873,1.087,-0.165,-8.898,-0.17,0.45,-0.122,-0.391,1.5,1.75,185.535,467.957,7.631,8.172,41.542,41.327,41.327,0.215,-8.53,-6.873,-1.657,7.631,41.327,0.2135957876230987
417,5_9,4_2_4_8,53.184,57.873,48.273,58.363,7.944,9.61,-16.918,-13.818,1.058,1.07,0.89,1.129,-0.205,-8.022,-0.17,0.45,-0.2,-0.27,-0.177,0.246,-0.093,0.406,1.5,2.25,1.53,1.75,185.535,467.957,642.238,334.486,0.876,1.056,-0.708,-8.875,-0.2,0.42,-0.122,-0.373,2.25,1.1,642.238,291.269,8.67,7.314,48.273,57.873,48.273,-9.6,-16.918,-13.818,-3.099,7.314,48.273,0.9125645516692301
525,6_8,2_6_1_5,31.057,32.037,30.253,33.586,-15.215,-14.46,-16.11,-16.111,1.105,0.955,1.125,0.824,-1.482,-8.439,0.66,-0.2,0.0,0.66,-0.358,0.297,-0.131,-0.223,1.02,1.0,1.02,2.25,164.182,642.238,60.96,164.182,0.895,1.043,-0.348,-9.411,0.0,0.45,-0.35,-0.368,1.0,1.75,60.96,467.957,7.929,8.091,30.253,32.037,30.253,-1.784,-16.11,-16.111,0.001,7.929,30.253,-0.9007693279897508
457,3_9,1_3_1_4,39.754,35.386,40.647,36.562,-13.747,-13.728,-19.428,-14.941,1.061,1.001,1.141,0.853,-0.739,-8.321,0.06,-0.17,0.06,0.66,0.178,0.24,0.324,-0.265,1.08,1.08,1.02,1.5,98.427,185.535,98.427,164.182,0.875,1.158,-0.377,-8.19,-0.27,0.42,0.224,-0.481,1.53,1.1,334.486,291.269,7.451,7.944,39.754,35.386,35.386,4.367,-19.428,-14.941,-4.487,7.451,35.386,-0.3842408704820065
409,4_9,2_6_2_8,37.449,34.682,34.831,34.308,-10.399,-11.382,-11.976,-13.434,1.158,1.042,0.895,1.059,-1.368,-8.536,0.66,0.45,0.0,-0.2,-0.354,0.297,-0.147,0.047,1.02,1.0,2.25,1.75,164.182,467.957,60.96,642.238,0.875,1.066,-0.546,-8.904,-0.17,0.42,-0.127,-0.385,1.5,1.1,185.535,291.269,7.536,7.99,34.831,34.308,34.308,0.523,-11.976,-13.434,1.458,7.536,34.308,-0.4927188905859125
92,7_9,5_1_2_9,45.343,46.058,45.183,46.658,2.945,0.2,-2.708,0.374,1.033,1.097,0.914,1.064,-1.053,-8.514,-0.2,0.42,0.66,-0.2,-0.076,0.266,-0.198,0.083,2.25,1.02,2.25,1.1,642.238,291.269,164.182,642.238,0.939,1.048,-1.088,-8.015,-0.01,0.42,-0.156,-0.35,2.7,1.1,636.378,291.269,6.962,7.426,45.183,46.058,45.183,-0.876,-2.708,0.2,-2.908,6.962,45.183,0.6016210617610028
930,3_3,1_6_1_8,31.266,31.266,33.186,33.186,-24.722,-24.722,-27.507,-27.507,0.987,1.127,1.001,0.985,-1.719,-8.631,0.06,0.45,0.0,0.66,0.305,0.232,-0.368,-0.102,1.08,1.0,1.02,1.75,98.427,467.957,60.96,164.182,1.074,1.074,1.92,-7.114,-0.27,-0.27,0.023,0.023,1.53,1.53,334.486,334.486,5.395,10.551,31.266,31.266,31.266,0.0,-27.507,-27.507,0.0,5.395,31.266,-0.7988321903596429
89,2_3,2_4_4_5,45.377,49.442,49.258,50.937,1.939,4.131,-6.311,0.78,1.205,0.886,1.04,1.009,-0.561,-7.763,0.66,-0.2,-0.27,-0.27,-0.465,0.303,0.384,0.229,1.02,1.53,1.53,2.25,164.182,642.238,334.486,334.486,1.209,0.871,0.011,-8.258,0.66,-0.27,-0.5,0.238,1.02,1.53,164.182,334.486,7.697,7.774,45.377,49.442,45.377,-4.065,-6.311,0.78,-7.091,7.697,45.377,0.6211430802212607
336,5_8,3_4_3_2,40.314,42.626,42.615,45.984,1.793,1.469,-11.821,-11.454,1.197,0.85,1.146,0.928,-0.845,-7.52,-0.27,0.66,-0.27,0.06,-0.475,0.31,0.481,0.115,1.53,1.53,1.08,1.02,334.486,164.182,334.486,98.427,0.871,1.076,-0.346,-8.89,-0.2,0.45,-0.115,-0.378,2.25,1.75,642.238,467.957,8.045,7.174,40.314,42.626,40.314,-2.313,-11.821,-11.454,-0.367,7.174,40.314,0.11165864999299081
988,1_2,1_4_1_6,32.053,32.677,33.958,34.158,-33.239,-26.474,-33.726,-34.031,1.005,1.088,1.105,0.971,-0.825,-8.21,0.06,0.0,-0.27,0.66,0.217,0.234,0.197,-0.232,1.08,1.53,1.02,1.0,98.427,60.96,334.486,164.182,0.884,1.149,-0.36,-9.308,0.06,0.66,0.34,-0.479,1.08,1.02,98.427,164.182,8.483,7.849,32.053,32.677,32.053,-0.625,-33.726,-34.031,0.305,7.849,32.053,-0.7196371979461237
921,3_6,1_4_6_3,38.079,36.492,39.883,38.357,-21.671,-20.087,-23.482,-26.732,1.035,1.052,1.183,1.072,0.745,-7.258,0.06,-0.27,-0.27,0.0,0.155,0.223,0.199,-0.413,1.08,1.53,1.0,1.53,98.427,334.486,334.486,60.96,0.973,1.133,1.54,-7.815,-0.27,0.0,0.121,-0.576,1.53,1.0,334.486,60.96,8.56,8.798,38.079,36.492,36.492,1.587,-23.482,-26.732,3.251,8.56,36.492,-0.27294523946631155
933,4_8,1_6_4_4,33.021,35.674,34.723,34.713,-18.648,-19.793,-28.506,-27.552,1.08,1.159,1.029,1.04,0.566,-7.478,0.06,-0.17,0.0,-0.27,0.261,0.222,-0.404,0.272,1.08,1.0,1.53,1.5,98.427,185.535,60.96,334.486,0.873,1.087,-0.165,-8.898,-0.17,0.45,-0.122,-0.391,1.5,1.75,185.535,467.957,9.464,7.313,33.021,34.713,33.021,-1.692,-28.506,-27.552,-0.954,7.313,33.021,-0.622228363567106
605,3_3,1_2_1_9,38.383,38.383,41.952,41.952,-15.044,-15.044,-17.818,-17.818,1.001,1.09,1.013,1.005,-1.757,-8.562,0.06,0.42,-0.2,0.66,0.288,0.235,-0.138,-0.089,1.08,2.25,1.02,1.1,98.427,291.269,642.238,164.182,1.074,1.074,1.92,-7.114,-0.27,-0.27,0.023,0.023,1.53,1.53,334.486,334.486,5.357,10.482,38.383,38.383,38.383,0.0,-17.818,-17.818,0.0,5.357,38.383,-0.08265587395936695
593,3_5,2_2_1_9,47.245,37.452,47.253,39.2,-1.734,-1.911,-14.475,-17.642,1.09,0.937,1.031,1.017,-2.035,-8.998,0.66,0.42,-0.2,0.66,-0.339,0.308,0.077,-0.106,1.02,2.25,1.02,1.1,164.182,291.269,642.238,164.182,0.998,1.101,1.621,-7.471,-0.27,-0.2,0.12,-0.333,1.53,2.25,334.486,642.238,5.436,10.618,47.245,37.452,37.452,9.793,-14.475,-17.642,3.167,5.436,37.452,-0.1763414367763769
611,9_9,2_3_6_2,35.614,35.614,35.876,35.876,-15.829,-15.829,-17.951,-17.951,1.107,0.931,0.942,1.008,-2.119,-8.727,0.66,0.66,0.06,0.0,-0.417,0.314,0.488,-0.227,1.02,1.08,1.0,1.02,164.182,164.182,98.427,60.96,0.947,0.946,-1.736,-9.188,0.42,0.42,-0.281,-0.281,1.1,1.1,291.269,291.269,7.07,6.991,35.614,35.614,35.614,0.0,-17.951,-17.951,0.0,6.991,35.614,-0.3612974673431476
94,8_9,4_2_2_6,54.989,53.688,58.959,54.583,3.076,3.13,0.234,0.186,1.029,1.011,1.093,1.137,1.079,-7.757,-0.17,0.0,-0.2,-0.2,-0.222,0.235,-0.044,-0.019,1.5,2.25,2.25,1.0,185.535,60.96,642.238,642.238,0.968,0.942,-1.586,-9.126,0.45,0.42,-0.289,-0.275,1.75,1.1,467.957,291.269,10.205,6.172,54.989,53.688,53.688,1.301,0.234,0.186,0.048,6.172,53.688,1.4574703762171424
11,2_7,5_2_2_8,77.981,72.557,71.652,70.379,31.717,30.283,22.304,18.673,1.122,1.057,0.926,1.148,-0.176,-7.92,-0.2,0.45,-0.2,-0.2,-0.213,0.235,-0.032,0.099,2.25,2.25,2.25,1.75,642.238,467.957,642.238,642.238,1.095,0.903,-1.149,-8.015,0.66,-0.01,-0.373,-0.136,1.02,2.7,164.182,636.378,7.839,6.77,71.652,70.379,70.379,1.273,22.304,18.673,3.63,6.77,70.379,3.137068366527245
396,2_8,2_3_4_2,38.779,39.375,41.296,40.549,-3.855,-3.141,-13.262,-13.203,1.145,0.871,0.937,1.136,-1.729,-8.495,0.66,0.66,0.06,-0.27,-0.405,0.324,0.454,0.349,1.02,1.08,1.53,1.02,164.182,164.182,98.427,334.486,0.99,0.949,-1.494,-9.69,0.66,0.45,-0.29,-0.26,1.02,1.75,164.182,467.957,7.961,7.001,38.779,39.375,38.779,-0.596,-13.262,-13.203,-0.059,7.001,38.779,-0.04280680534976885
533,3_3,2_4_4_8,43.946,43.946,42.481,42.481,-12.996,-12.996,-16.248,-16.248,1.191,0.891,0.93,1.118,-1.133,-8.228,0.66,0.45,-0.27,-0.27,-0.433,0.31,0.364,0.343,1.02,1.53,1.53,1.75,164.182,467.957,334.486,334.486,1.074,1.074,1.92,-7.114,-0.27,-0.27,0.023,0.023,1.53,1.53,334.486,334.486,5.982,10.148,42.481,42.481,42.481,0.0,-16.248,-16.248,0.0,5.982,42.481,0.32972160877329126
43,1_9,2_2_2_4,68.242,63.91,65.117,65.268,11.679,12.258,9.463,9.816,1.142,0.886,1.092,1.117,-0.295,-8.04,0.66,-0.17,-0.2,-0.2,-0.393,0.295,0.109,-0.053,1.02,2.25,2.25,1.5,164.182,185.535,642.238,642.238,0.895,1.103,-0.687,-9.217,0.06,0.42,0.317,-0.467,1.08,1.1,98.427,291.269,8.922,7.353,65.117,63.91,63.91,1.207,9.463,9.816,-0.353,7.353,63.91,2.4860996169426746
42,4_5,5_2_4_1,64.437,56.985,66.684,64.312,19.049,0.721,-11.42,9.984,1.154,0.906,1.023,0.966,0.866,-7.794,-0.2,0.06,-0.2,-0.27,0.175,0.225,0.206,-0.073,2.25,2.25,1.53,1.08,642.238,98.427,642.238,334.486,0.999,1.017,1.462,-8.094,-0.17,-0.2,-0.228,-0.241,1.5,2.25,185.535,642.238,8.96,9.256,64.437,56.985,56.985,7.452,-11.42,0.721,-12.141,8.96,56.985,1.7892440610803861
329,2_4,2_6_1_9,36.501,34.228,36.34,37.224,-11.557,-10.118,-19.924,-11.282,1.069,0.977,1.018,0.918,-2.463,-9.027,0.66,0.42,0.0,0.66,-0.314,0.304,-0.155,-0.128,1.02,1.0,1.02,1.1,164.182,291.269,60.96,164.182,1.11,0.864,-0.212,-8.953,0.66,-0.17,-0.399,-0.107,1.02,1.5,164.182,185.535,6.49,8.815,36.34,34.228,34.228,2.113,-19.924,-11.282,-8.642,6.49,34.228,-0.5007692074767403
167,2_7,3_4_3_8,37.457,35.722,38.727,35.508,-10.654,-10.354,-5.942,-5.946,0.966,1.108,0.895,1.156,-0.669,-7.484,-0.27,0.45,-0.27,0.06,0.161,0.244,0.118,0.484,1.53,1.53,1.08,1.75,334.486,467.957,334.486,98.427,1.095,0.903,-1.149,-8.015,0.66,-0.01,-0.373,-0.136,1.02,2.7,164.182,636.378,7.346,6.335,37.457,35.508,35.508,1.95,-10.654,-10.354,-0.301,6.335,35.508,-0.371964137223494
497,2_3,5_3_2_1,45.917,46.959,47.253,46.714,-6.624,-4.881,-12.589,-15.718,0.982,1.075,0.871,1.118,0.626,-7.879,-0.2,0.06,0.06,-0.2,0.266,0.228,-0.189,0.406,2.25,1.08,2.25,1.08,642.238,98.427,98.427,642.238,1.209,0.871,0.011,-8.258,0.66,-0.27,-0.5,0.238,1.02,1.53,164.182,334.486,8.884,7.89,45.917,46.714,45.917,-0.797,-12.589,-15.718,3.129,7.89,45.917,0.6754827192343488
876,9_9,1_6_1_9,28.938,28.938,30.373,30.373,-22.239,-22.239,-25.165,-25.165,0.972,1.125,1.0,0.972,-1.951,-8.636,0.06,0.42,0.0,0.66,0.313,0.233,-0.372,-0.104,1.08,1.0,1.02,1.1,98.427,291.269,60.96,164.182,0.947,0.946,-1.736,-9.188,0.42,0.42,-0.281,-0.281,1.1,1.1,291.269,291.269,7.238,6.9,28.938,28.938,28.938,0.0,-25.165,-25.165,0.0,6.9,28.938,-1.0330964118827344
597,8_9,2_6_6_5,33.374,34.267,38.07,36.63,-7.583,-7.929,-15.996,-17.679,1.116,0.906,1.06,0.929,-0.933,-7.994,0.66,-0.2,0.0,0.0,-0.387,0.289,-0.14,-0.308,1.02,1.0,1.0,2.25,164.182,642.238,60.96,60.96,0.968,0.942,-1.586,-9.126,0.45,0.42,-0.289,-0.275,1.75,1.1,467.957,291.269,8.193,6.408,33.374,34.267,33.374,-0.893,-15.996,-17.679,1.683,6.408,33.374,-0.5867063402863278
756,1_6,5_3_3_6,36.872,38.237,38.198,37.819,-24.386,-26.076,-26.486,-21.372,1.022,1.018,0.986,1.066,-0.035,-8.041,-0.2,0.0,0.06,0.06,-0.261,0.268,0.34,0.351,2.25,1.08,1.08,1.0,642.238,60.96,98.427,98.427,0.983,1.082,1.33,-8.949,0.06,0.0,0.223,-0.568,1.08,1.0,98.427,60.96,8.914,9.371,36.872,37.819,36.872,-0.947,-26.486,-26.076,-0.41,8.914,36.872,-0.23470623423487888
100,4_4,2_4_3_5,45.593,45.593,47.274,47.274,-9.711,-9.711,-0.396,-0.396,1.184,0.907,0.947,1.048,-0.747,-8.006,0.66,-0.2,-0.27,0.06,-0.458,0.305,0.371,0.336,1.02,1.53,1.08,2.25,164.182,642.238,334.486,98.427,1.012,1.013,1.714,-8.088,-0.17,-0.17,-0.243,-0.243,1.5,1.5,185.535,185.535,7.342,9.72,45.593,45.593,45.593,0.0,-9.711,-9.711,0.0,7.342,45.593,0.6428789358264961
426,5_9,2_3_1_4,43.937,41.756,46.496,41.377,3.198,-2.47,-11.101,-14.052,1.15,0.901,1.158,0.799,-1.5,-8.592,0.66,-0.17,0.06,0.66,-0.445,0.316,0.531,-0.278,1.02,1.08,1.02,1.5,164.182,185.535,98.427,164.182,0.876,1.056,-0.708,-8.875,-0.2,0.42,-0.122,-0.373,2.25,1.1,642.238,291.269,7.375,7.884,43.937,41.377,41.377,2.56,-11.101,-14.052,2.951,7.375,41.377,0.21862723567986656
178,7_7,2_2_3_4,45.112,45.112,44.172,44.172,-3.061,-3.061,-6.438,-6.438,1.096,0.904,0.945,1.072,-0.84,-8.128,0.66,-0.17,-0.2,0.06,-0.362,0.302,0.025,0.379,1.02,2.25,1.08,1.5,164.182,185.535,642.238,98.427,1.002,1.002,-0.542,-7.282,-0.01,-0.01,-0.228,-0.228,2.7,2.7,636.378,636.378,6.442,7.586,44.172,44.172,44.172,0.0,-6.438,-6.438,0.0,6.442,44.172,0.4998851820531652
444,5_6,1_6_4_9,43.733,41.138,41.111,41.628,-10.965,-19.959,-18.433,-14.519,1.002,1.146,0.881,1.168,-0.824,-7.852,0.06,0.42,0.0,-0.27,0.311,0.232,-0.432,0.413,1.08,1.0,1.53,1.1,98.427,291.269,60.96,334.486,0.973,1.035,1.346,-8.569,-0.2,0.0,-0.219,-0.469,2.25,1.0,642.238,60.96,7.745,9.198,41.111,41.138,41.111,-0.027,-18.433,-19.959,1.526,7.745,41.111,0.1918599320178633
416,2_8,2_3_3_7,35.463,36.175,37.004,36.97,-3.854,-10.828,-15.802,-13.741,1.15,0.904,1.054,0.988,-1.599,-7.693,0.66,-0.01,0.06,0.06,-0.442,0.316,0.462,0.351,1.02,1.08,1.08,2.7,164.182,636.378,98.427,98.427,0.99,0.949,-1.494,-9.69,0.66,0.45,-0.29,-0.26,1.02,1.75,164.182,467.957,8.091,6.199,35.463,36.175,35.463,-0.712,-15.802,-13.741,-2.061,6.199,35.463,-0.37649244047458486
870,3_3,1_3_3_9,33.423,33.423,36.535,36.535,-24.325,-24.325,-24.841,-24.841,0.989,1.077,0.921,1.096,-1.371,-8.529,0.06,0.42,0.06,0.06,0.227,0.248,0.246,0.442,1.08,1.08,1.08,1.1,98.427,291.269,98.427,98.427,1.074,1.074,1.92,-7.114,-0.27,-0.27,0.023,0.023,1.53,1.53,334.486,334.486,5.744,10.449,33.423,33.423,33.423,0.0,-24.841,-24.841,0.0,5.744,33.423,-0.5817755211906958
882,1_6,4_3_6_3,36.573,34.899,36.808,36.111,-22.859,-23.888,-25.044,-25.319,0.974,1.148,0.988,1.086,0.515,-7.215,-0.17,-0.27,0.06,0.0,0.172,0.224,-0.424,0.388,1.5,1.08,1.0,1.53,185.535,334.486,98.427,60.96,0.983,1.082,1.33,-8.949,0.06,0.0,0.223,-0.568,1.08,1.0,98.427,60.96,9.464,8.545,36.573,34.899,34.899,1.674,-25.044,-25.319,0.275,8.545,34.899,-0.43324717455492145
680,5_8,1_6_6_7,40.037,38.068,40.862,38.546,-2.086,-6.96,-6.637,-19.696,1.07,1.128,1.004,1.007,-0.618,-7.216,0.06,-0.01,0.0,0.0,0.25,0.219,-0.372,-0.24,1.08,1.0,1.0,2.7,98.427,636.378,60.96,60.96,0.871,1.076,-0.346,-8.89,-0.2,0.45,-0.115,-0.378,2.25,1.75,642.238,467.957,8.272,6.87,40.037,38.068,38.068,1.968,-6.637,-19.696,13.059,6.87,38.068,-0.11435399671700222
177,5_5,2_2_3_3,56.871,56.871,55.04,55.04,-4.011,-4.011,-6.407,-6.407,1.12,0.915,1.012,1.053,-0.874,-7.598,0.66,-0.27,-0.2,0.06,-0.373,0.301,0.022,0.3,1.02,2.25,1.08,1.53,164.182,334.486,642.238,98.427,1.004,1.004,1.342,-8.123,-0.2,-0.2,-0.226,-0.226,2.25,2.25,642.238,642.238,7.249,8.94,55.04,55.04,55.04,0.0,-6.407,-6.407,0.0,7.249,55.04,1.5935207316721334
395,3_8,3_3_4_2,38.364,48.558,47.338,45.696,-3.022,-3.102,-5.233,-13.188,1.203,0.907,1.062,1.006,-0.664,-7.625,-0.27,0.66,0.06,-0.27,-0.473,0.302,0.365,0.244,1.53,1.08,1.53,1.02,334.486,164.182,98.427,334.486,0.88,1.182,0.092,-8.147,-0.27,0.45,0.225,-0.489,1.53,1.75,334.486,467.957,7.483,7.717,38.364,45.696,38.364,-7.333,-5.233,-13.188,7.955,7.483,38.364,-0.08456782422093911
911,4_4,3_3_2_8,38.426,38.426,39.527,39.527,-10.546,-10.546,-26.256,-26.256,1.085,0.94,0.912,1.087,-0.779,-7.52,-0.27,0.45,0.06,-0.2,0.08,0.242,0.306,0.014,1.53,1.08,2.25,1.75,334.486,467.957,98.427,642.238,1.012,1.013,1.714,-8.088,-0.17,-0.17,-0.243,-0.243,1.5,1.5,185.535,185.535,7.31,9.234,38.426,38.426,38.426,0.0,-26.256,-26.256,0.0,7.31,38.426,-0.07832882863054703
793,1_2,4_6_6_4,30.116,30.118,32.264,32.264,-21.283,-21.282,-22.449,-22.449,1.006,1.044,1.044,1.006,0.403,-7.392,-0.17,-0.17,0.0,0.0,-0.209,0.232,-0.282,-0.281,1.5,1.0,1.0,1.5,185.535,185.535,60.96,60.96,0.884,1.149,-0.36,-9.308,0.06,0.66,0.34,-0.479,1.08,1.02,98.427,164.182,9.711,7.031,30.116,30.118,30.116,-0.002,-22.449,-22.449,0.0,7.031,30.116,-0.9145554956652936
960,1_4,4_6_4_1,38.208,37.452,39.423,38.906,-19.609,-29.487,-28.154,-29.765,1.048,1.053,1.145,1.101,0.529,-7.533,-0.17,0.06,0.0,-0.27,0.17,0.225,0.194,-0.324,1.5,1.0,1.53,1.08,185.535,98.427,60.96,334.486,1.019,1.055,1.656,-8.44,0.06,-0.17,0.208,-0.334,1.08,1.5,98.427,185.535,8.969,9.189,38.208,37.452,37.452,0.756,-28.154,-29.765,1.612,8.969,37.452,-0.1763414367763769
684,1_8,4_6_1_7,33.153,32.011,33.436,32.726,-17.349,-16.178,-20.238,-19.776,1.039,1.103,1.09,0.918,-1.266,-7.488,-0.17,-0.01,0.0,0.66,-0.178,0.242,-0.27,-0.18,1.5,1.0,1.02,2.7,185.535,636.378,60.96,164.182,0.894,1.125,-0.239,-9.257,0.06,0.45,0.324,-0.475,1.08,1.75,98.427,467.957,7.991,7.249,33.153,32.011,32.011,1.142,-20.238,-19.776,-0.462,7.249,32.011,-0.7238636143138079
383,4_4,3_1_3_3,36.156,36.156,39.347,39.347,-9.888,-9.888,-12.755,-12.755,0.878,1.212,0.982,1.063,-0.297,-7.407,-0.27,-0.27,0.66,0.06,0.273,0.25,-0.349,0.33,1.53,1.02,1.08,1.53,334.486,334.486,164.182,98.427,1.012,1.013,1.714,-8.088,-0.17,-0.17,-0.243,-0.243,1.5,1.5,185.535,185.535,7.791,9.122,36.156,36.156,36.156,0.0,-12.755,-12.755,0.0,7.791,36.156,-0.30675657040778853
956,4_8,1_4_4_1,37.112,37.108,37.345,36.098,-18.717,-17.968,-30.46,-29.629,1.124,0.911,0.911,1.124,0.616,-7.666,0.06,0.06,-0.27,-0.27,0.195,0.233,0.154,0.154,1.08,1.53,1.53,1.08,98.427,98.427,334.486,334.486,0.873,1.087,-0.165,-8.898,-0.17,0.45,-0.122,-0.391,1.5,1.75,185.535,467.957,9.514,7.501,37.112,36.098,36.098,1.014,-30.46,-29.629,-0.832,7.501,36.098,-0.31259305015363875
751,5_8,1_4_6_7,39.433,36.744,40.328,39.638,-5.0,-10.255,-10.102,-21.317,1.061,1.059,1.057,1.042,-0.642,-7.255,0.06,-0.01,-0.27,0.0,0.182,0.226,0.189,-0.283,1.08,1.53,1.0,2.7,98.427,636.378,334.486,60.96,0.871,1.076,-0.346,-8.89,-0.2,0.45,-0.115,-0.378,2.25,1.75,642.238,467.957,8.248,6.908,39.433,36.744,36.744,2.689,-10.102,-21.317,11.216,6.908,36.744,-0.2475867412602035
257,2_3,4_2_1_8,45.533,41.377,43.815,44.222,-7.489,-5.563,-8.092,-9.29,1.018,1.06,1.001,1.028,-1.368,-8.282,-0.17,0.45,-0.2,0.66,-0.171,0.249,-0.049,-0.082,1.5,2.25,1.02,1.75,185.535,467.957,642.238,164.182,1.209,0.871,0.011,-8.258,0.66,-0.27,-0.5,0.238,1.02,1.53,164.182,334.486,6.889,8.293,43.815,41.377,41.377,2.438,-8.092,-9.29,1.198,6.889,41.377,0.21862723567986656
538,1_5,4_4_4_4,46.888,46.917,48.667,48.686,-5.946,-5.948,-16.608,-16.372,1.137,0.874,0.874,1.137,0.77,-7.24,-0.17,-0.17,-0.27,-0.27,-0.263,0.251,0.239,0.239,1.5,1.53,1.53,1.5,185.535,185.535,334.486,334.486,1.011,1.054,1.418,-8.429,0.06,-0.2,0.22,-0.329,1.08,2.25,98.427,642.238,9.199,8.657,46.888,46.917,46.888,-0.029,-16.608,-16.372,-0.236,8.657,46.888,0.7731934404967719
335,4_8,1_2_1_5,44.019,44.95,47.726,43.392,-6.705,-11.21,-7.084,-11.446,1.044,1.078,1.103,0.943,-0.44,-8.246,0.06,-0.2,-0.2,0.66,0.258,0.23,-0.122,-0.188,1.08,2.25,1.02,2.25,98.427,642.238,642.238,164.182,0.873,1.087,-0.165,-8.898,-0.17,0.45,-0.122,-0.391,1.5,1.75,185.535,467.957,8.458,8.081,44.019,43.392,43.392,0.627,-7.084,-11.446,4.362,8.081,43.392,0.4213945923675939
15,5_8,2_4_2_5,65.155,58.918,68.428,61.518,28.869,18.3,28.94,16.924,1.234,0.814,1.033,0.957,0.019,-8.007,0.66,-0.2,-0.27,-0.2,-0.521,0.306,0.445,-0.066,1.02,1.53,2.25,2.25,164.182,642.238,334.486,642.238,0.871,1.076,-0.346,-8.89,-0.2,0.45,-0.115,-0.378,2.25,1.75,642.238,467.957,8.908,7.661,65.155,58.918,58.918,6.237,28.869,16.924,11.945,7.661,58.918,1.983759842955015
324,2_5,4_1_1_4,39.925,39.926,42.502,42.565,-1.495,-1.501,-11.119,-11.117,0.891,1.127,1.127,0.891,-0.905,-8.379,-0.17,-0.17,0.66,0.66,-0.073,0.267,-0.197,-0.197,1.5,1.02,1.02,1.5,185.535,185.535,164.182,164.182,1.102,0.862,-0.393,-8.926,0.66,-0.2,-0.389,-0.1,1.02,2.25,164.182,642.238,8.021,7.986,39.925,39.926,39.925,-0.001,-11.119,-11.117,-0.001,7.986,39.925,0.07251398411133994
758,6_9,1_1_3_5,30.745,30.617,30.686,31.855,-20.933,-19.433,-21.679,-21.45,0.879,1.164,0.965,1.059,-0.779,-8.281,0.06,-0.2,0.66,0.06,0.377,0.252,-0.328,0.408,1.08,1.02,1.08,2.25,98.427,642.238,164.182,98.427,0.896,1.023,-0.657,-9.131,0.0,0.42,-0.355,-0.364,1.0,1.1,60.96,291.269,8.351,7.624,30.686,30.617,30.617,0.069,-21.679,-21.45,-0.229,7.624,30.617,-0.8641403861364839
222,3_7,3_4_4_5,46.991,49.328,48.87,49.849,-0.793,1.988,-5.36,-8.2,1.031,1.09,0.971,1.098,0.749,-6.914,-0.27,-0.2,-0.27,-0.27,0.095,0.233,0.161,0.254,1.53,1.53,1.53,2.25,334.486,642.238,334.486,334.486,0.967,1.124,0.024,-7.025,-0.27,-0.01,0.156,-0.362,1.53,2.7,334.486,636.378,7.775,6.939,46.991,49.328,46.991,-2.337,-5.36,-8.2,2.84,6.939,46.991,0.783558223493713
179,3_3,2_3_2_7,41.651,41.651,45.002,45.002,-4.687,-4.687,-6.477,-6.477,1.194,0.811,1.026,0.959,-0.686,-8.126,0.66,-0.01,0.06,-0.2,-0.463,0.312,0.526,-0.091,1.02,1.08,2.25,2.7,164.182,636.378,98.427,642.238,1.074,1.074,1.92,-7.114,-0.27,-0.27,0.023,0.023,1.53,1.53,334.486,334.486,6.428,10.046,41.651,41.651,41.651,0.0,-6.477,-6.477,0.0,6.428,41.651,0.24619957103095214
983,4_4,1_3_1_9,28.715,28.715,31.416,31.416,-30.491,-30.491,-32.626,-32.626,0.969,1.101,1.025,0.941,-2.24,-8.563,0.06,0.42,0.06,0.66,0.238,0.247,0.308,-0.155,1.08,1.08,1.02,1.1,98.427,291.269,98.427,164.182,1.012,1.013,1.714,-8.088,-0.17,-0.17,-0.243,-0.243,1.5,1.5,185.535,185.535,5.849,10.277,28.715,28.715,28.715,0.0,-32.626,-32.626,0.0,5.849,28.715,-1.0555366702159168
22,5_8,3_2_2_7,83.411,78.74,74.909,71.11,40.025,36.171,23.855,13.496,0.996,1.08,1.075,1.198,0.345,-7.187,-0.27,-0.01,-0.2,-0.2,0.13,0.218,-0.122,0.002,1.53,2.25,2.25,2.7,334.486,636.378,642.238,642.238,0.871,1.076,-0.346,-8.89,-0.2,0.45,-0.115,-0.378,2.25,1.75,642.238,467.957,9.235,6.841,74.909,71.11,71.11,3.799,23.855,13.496,10.359,6.841,71.11,3.2106281371171845
356,2_7,1_6_6_2,35.129,33.985,36.171,35.07,-14.75,-10.689,-11.457,-12.046,0.949,1.098,0.921,1.113,-1.001,-8.259,0.06,0.66,0.0,0.0,0.294,0.226,-0.394,-0.148,1.08,1.0,1.0,1.02,98.427,164.182,60.96,60.96,1.095,0.903,-1.149,-8.015,0.66,-0.01,-0.373,-0.136,1.02,2.7,164.182,636.378,7.014,7.11,35.129,33.985,33.985,1.144,-14.75,-12.046,-2.704,7.014,33.985,-0.5252220450326301
666,3_4,1_1_1_9,19.283,28.679,21.836,31.896,-18.318,-17.367,-19.049,-19.202,0.877,1.17,1.027,0.949,-2.237,-9.067,0.06,0.42,0.66,0.66,0.408,0.258,-0.281,-0.095,1.08,1.02,1.02,1.1,98.427,291.269,164.182,164.182,1.007,1.095,1.831,-7.467,-0.27,-0.17,0.106,-0.335,1.53,1.5,334.486,185.535,5.231,10.897,19.283,28.679,19.283,-9.396,-19.049,-19.202,0.153,5.231,19.283,-2.004669031644524
861,1_8,3_3_4_3,36.347,37.224,36.677,36.763,-12.264,-11.491,-22.716,-24.47,1.086,0.918,1.107,1.004,0.783,-6.906,-0.27,-0.27,0.06,-0.27,0.063,0.239,0.272,0.146,1.53,1.08,1.53,1.53,334.486,334.486,98.427,334.486,0.894,1.125,-0.239,-9.257,0.06,0.45,0.324,-0.475,1.08,1.75,98.427,467.957,10.04,6.667,36.347,36.763,36.347,-0.416,-22.716,-24.47,1.754,6.667,36.347,-0.2875364388309367
340,2_5,4_4_4_1,43.664,40.712,45.503,41.238,-3.322,-20.474,-16.425,-11.496,1.075,1.05,1.026,1.058,0.686,-7.443,-0.17,0.06,-0.27,-0.27,0.189,0.23,0.159,0.233,1.5,1.53,1.53,1.08,185.535,98.427,334.486,334.486,1.102,0.862,-0.393,-8.926,0.66,-0.2,-0.389,-0.1,1.02,2.25,164.182,642.238,9.612,7.05,43.664,40.712,40.712,2.952,-16.425,-20.474,4.048,7.05,40.712,0.15170897652485985
431,1_8,5_3_3_2,39.169,38.967,41.196,40.806,-8.172,-10.289,-18.34,-14.166,1.146,0.91,1.052,0.966,-1.177,-8.309,-0.2,0.66,0.06,0.06,-0.446,0.316,0.469,0.328,2.25,1.08,1.08,1.02,642.238,164.182,98.427,98.427,0.894,1.125,-0.239,-9.257,0.06,0.45,0.324,-0.475,1.08,1.75,98.427,467.957,8.081,8.07,39.169,38.967,38.967,0.203,-18.34,-14.166,-4.174,8.07,38.967,-0.023888560656323797
551,2_9,1_6_6_8,30.674,29.845,31.546,31.315,-15.513,-19.833,-15.99,-16.641,0.976,1.104,0.906,1.074,-0.858,-8.155,0.06,0.45,0.0,0.0,0.288,0.225,-0.389,-0.162,1.08,1.0,1.0,1.75,98.427,467.957,60.96,60.96,0.993,0.929,-1.74,-9.532,0.66,0.42,-0.296,-0.254,1.02,1.1,164.182,291.269,8.674,6.415,30.674,29.845,29.845,0.829,-15.99,-19.833,3.842,6.415,29.845,-0.9418259441329732
833,5_7,2_1_3_6,37.427,39.886,35.037,38.929,-27.042,-18.564,-27.813,-23.491,0.974,1.016,1.02,1.003,-2.23,-8.832,0.66,0.0,0.66,0.06,-0.24,0.321,-0.138,0.393,1.02,1.02,1.08,1.0,164.182,60.96,164.182,98.427,1.04,1.094,0.231,-7.776,-0.2,-0.01,-0.199,-0.259,2.25,2.7,642.238,636.378,5.547,9.063,35.037,38.929,35.037,-3.891,-27.813,-23.491,-4.323,5.547,35.037,-0.41936037791824354
203,3_8,2_2_4_6,45.855,46.798,52.117,51.29,-4.852,-6.352,-5.79,-7.443,1.089,0.886,0.909,1.148,-0.602,-8.058,0.66,0.0,-0.2,-0.27,-0.365,0.302,0.063,0.304,1.02,2.25,1.53,1.0,164.182,60.96,642.238,334.486,0.88,1.182,0.092,-8.147,-0.27,0.45,0.225,-0.489,1.53,1.75,334.486,467.957,7.545,8.15,45.855,46.798,45.855,-0.943,-5.79,-7.443,1.654,7.545,45.855,0.6692437236439568
630,7_8,1_4_6_9,34.813,36.122,35.02,34.94,-14.28,-15.247,-17.389,-18.443,0.985,1.074,1.034,1.115,-1.136,-7.971,0.06,0.42,-0.27,0.0,0.231,0.233,0.169,-0.202,1.08,1.53,1.0,1.1,98.427,291.269,334.486,60.96,0.918,1.064,-0.93,-7.913,-0.01,0.45,-0.153,-0.358,2.7,1.75,636.378,467.957,6.776,7.041,34.813,34.94,34.813,-0.127,-17.389,-18.443,1.054,6.776,34.813,-0.44190126521256123
93,1_7,5_2_3_2,50.048,45.617,52.183,48.508,1.261,-2.74,6.156,0.208,1.219,0.76,1.047,0.924,-0.453,-8.307,-0.2,0.66,-0.2,0.06,-0.472,0.311,0.53,-0.107,2.25,2.25,1.08,1.02,642.238,164.182,642.238,98.427,0.988,1.077,-0.192,-7.615,0.06,-0.01,0.249,-0.355,1.08,2.7,98.427,636.378,7.162,8.115,50.048,45.617,45.617,4.432,1.261,-2.74,4.001,7.162,45.617,0.6452940308937438
558,5_6,1_2_4_5,56.264,55.676,60.811,52.037,9.135,-0.575,-14.147,-16.739,1.082,1.083,1.017,1.061,0.912,-7.574,0.06,-0.2,-0.2,-0.27,0.252,0.227,-0.172,0.299,1.08,2.25,1.53,2.25,98.427,642.238,642.238,334.486,0.973,1.035,1.346,-8.569,-0.2,0.0,-0.219,-0.469,2.25,1.0,642.238,60.96,9.48,8.92,56.264,52.037,52.037,4.227,-14.147,-16.739,2.592,8.92,52.037,1.2913319613826817
68,3_4,5_2_3_1,50.118,48.455,52.852,50.24,-3.787,-7.194,-0.393,4.021,1.121,0.832,1.037,0.953,0.586,-7.964,-0.2,0.06,-0.2,0.06,0.144,0.233,0.32,-0.097,2.25,2.25,1.08,1.08,642.238,98.427,642.238,98.427,1.007,1.095,1.831,-7.467,-0.27,-0.17,0.106,-0.335,1.53,1.5,334.486,185.535,8.053,9.794,50.118,48.455,48.455,1.664,-3.787,-7.194,3.407,8.053,48.455,0.9308790225958631
622,4_6,3_4_3_7,38.267,38.064,38.817,39.472,-17.837,-11.494,-21.742,-18.248,0.998,1.123,0.927,1.112,-0.486,-6.889,-0.27,-0.01,-0.27,0.06,0.117,0.237,0.138,0.393,1.53,1.53,1.08,2.7,334.486,636.378,334.486,98.427,0.975,1.037,1.376,-8.571,-0.17,0.0,-0.226,-0.472,1.5,1.0,185.535,60.96,8.085,8.265,38.267,38.064,38.064,0.203,-21.742,-18.248,-3.494,8.085,38.064,-0.1147565125615434
284,2_3,5_1_3_4,40.974,38.966,42.29,42.169,-7.357,-7.171,-6.556,-10.059,1.055,0.988,1.124,0.859,-0.808,-7.988,-0.2,-0.17,0.66,0.06,-0.279,0.263,0.403,-0.246,2.25,1.02,1.08,1.5,642.238,185.535,164.182,98.427,1.209,0.871,0.011,-8.258,0.66,-0.27,-0.5,0.238,1.02,1.53,164.182,334.486,7.45,7.998,40.974,38.966,38.966,2.008,-7.357,-10.059,2.702,7.45,38.966,-0.02398918961745891
844,4_4,4_1_6_1,34.425,34.425,34.802,34.802,-16.223,-16.223,-23.965,-23.965,1.031,1.129,1.118,0.881,-0.51,-8.176,-0.17,0.06,0.66,0.0,0.266,0.225,-0.355,-0.213,1.5,1.02,1.0,1.08,185.535,98.427,164.182,60.96,1.012,1.013,1.714,-8.088,-0.17,-0.17,-0.243,-0.243,1.5,1.5,185.535,185.535,7.578,9.89,34.425,34.425,34.425,0.0,-23.965,-23.965,0.0,7.578,34.425,-0.480945302133077
434,1_4,2_6_6_5,39.414,40.696,40.103,44.297,-14.279,-9.412,-17.503,-14.242,1.116,0.906,1.06,0.929,-0.933,-7.994,0.66,-0.2,0.0,0.0,-0.387,0.289,-0.14,-0.308,1.02,1.0,1.0,2.25,164.182,642.238,60.96,60.96,1.019,1.055,1.656,-8.44,0.06,-0.17,0.208,-0.334,1.08,1.5,98.427,185.535,7.507,9.65,39.414,40.696,39.414,-1.282,-17.503,-14.242,-3.262,7.507,39.414,0.02109258497117727
153,2_7,4_3_2_3,37.077,40.34,38.093,39.882,-5.053,-3.926,-5.792,-5.312,0.962,1.116,0.822,1.147,0.922,-7.297,-0.17,-0.27,0.06,-0.2,0.169,0.229,-0.194,0.396,1.5,1.08,2.25,1.53,185.535,334.486,98.427,642.238,1.095,0.903,-1.149,-8.015,0.66,-0.01,-0.373,-0.136,1.02,2.7,164.182,636.378,8.937,6.148,37.077,39.882,37.077,-2.806,-5.792,-5.312,-0.48,6.148,37.077,-0.2140772972021326
75,3_3,4_2_2_6,68.936,68.936,67.869,67.869,10.388,10.388,2.935,2.935,1.029,1.011,1.093,1.137,1.079,-7.757,-0.17,0.0,-0.2,-0.2,-0.222,0.235,-0.044,-0.019,1.5,2.25,2.25,1.0,185.535,60.96,642.238,642.238,1.074,1.074,1.92,-7.114,-0.27,-0.27,0.023,0.023,1.53,1.53,334.486,334.486,8.194,9.677,67.869,67.869,67.869,0.0,2.935,2.935,0.0,8.194,67.869,2.88448967407752
730,2_4,5_2_6_4,40.599,39.404,46.672,43.176,-3.913,-5.933,-19.79,-20.733,1.109,1.112,0.998,1.014,0.841,-7.405,-0.2,-0.17,-0.2,0.0,-0.225,0.233,-0.257,-0.039,2.25,2.25,1.0,1.5,642.238,185.535,642.238,60.96,1.11,0.864,-0.212,-8.953,0.66,-0.17,-0.399,-0.107,1.02,1.5,164.182,185.535,9.793,7.193,40.599,39.404,39.404,1.195,-19.79,-20.733,0.943,7.193,39.404,0.020086295359823987
446,4_4,5_1_3_1,37.324,37.324,39.665,39.665,-13.984,-13.984,-14.595,-14.595,1.062,0.995,1.133,0.854,-0.891,-8.317,-0.2,0.06,0.66,0.06,0.179,0.24,0.326,-0.253,2.25,1.02,1.08,1.08,642.238,98.427,164.182,98.427,1.012,1.013,1.714,-8.088,-0.17,-0.17,-0.243,-0.243,1.5,1.5,185.535,185.535,7.197,10.031,37.324,37.324,37.324,0.0,-14.595,-14.595,0.0,7.197,37.324,-0.18922194380170151
188,3_7,4_2_6_7,43.149,40.888,41.705,40.887,-3.434,-3.916,-6.083,-6.81,1.026,1.024,1.02,1.063,-0.415,-7.03,-0.17,-0.01,-0.2,0.0,-0.206,0.237,-0.063,-0.22,1.5,2.25,1.0,2.7,185.535,636.378,642.238,60.96,0.967,1.124,0.024,-7.025,-0.27,-0.01,0.156,-0.362,1.53,2.7,334.486,636.378,6.61,7.055,41.705,40.887,40.887,0.818,-6.083,-6.81,0.726,6.61,40.887,0.16931904472354556
271,2_5,5_3_3_7,49.043,47.733,58.321,49.1,17.301,8.682,-8.71,-9.844,1.049,0.978,1.016,1.05,-0.718,-7.339,-0.2,-0.01,0.06,0.06,-0.263,0.268,0.344,0.379,2.25,1.08,1.08,2.7,642.238,636.378,98.427,98.427,1.102,0.862,-0.393,-8.926,0.66,-0.2,-0.389,-0.1,1.02,2.25,164.182,642.238,8.208,6.946,49.043,47.733,47.733,1.31,-8.71,-9.844,1.134,6.946,47.733,0.8582249126561413
236,2_3,4_3_2_8,44.548,43.633,41.747,41.408,-6.302,-6.258,-7.86,-8.625,1.119,0.864,0.929,1.052,-0.478,-8.08,-0.17,0.45,0.06,-0.2,-0.29,0.262,0.388,-0.001,1.5,1.08,2.25,1.75,185.535,467.957,98.427,642.238,1.209,0.871,0.011,-8.258,0.66,-0.27,-0.5,0.238,1.02,1.53,164.182,334.486,7.779,8.091,41.747,41.408,41.408,0.338,-7.86,-8.625,0.765,7.779,41.408,0.22174673347506224
487,8_8,2_2_6_8,35.204,35.204,33.535,33.535,-14.455,-14.455,-15.54,-15.54,1.097,0.894,1.002,1.095,-1.407,-8.465,0.66,0.45,-0.2,0.0,-0.36,0.3,0.061,-0.172,1.02,2.25,1.0,1.75,164.182,467.957,642.238,60.96,0.949,1.031,-0.671,-9.446,0.45,0.45,-0.246,-0.325,1.75,1.75,467.957,467.957,8.039,7.794,33.535,33.535,33.535,0.0,-15.54,-15.54,0.0,7.794,33.535,-0.5705050775435373
117,2_5,3_1_6_2,42.87,37.871,46.469,40.191,-6.323,0.695,1.43,-2.327,1.125,0.937,1.224,0.818,-1.235,-7.887,-0.27,0.66,0.66,0.0,-0.386,0.293,-0.128,-0.326,1.53,1.02,1.0,1.02,334.486,164.182,164.182,60.96,1.102,0.862,-0.393,-8.926,0.66,-0.2,-0.389,-0.1,1.02,2.25,164.182,642.238,7.691,7.495,42.87,37.871,37.871,4.999,-6.323,-2.327,-3.996,7.495,37.871,-0.13417790206066543
943,1_1,3_2_1_7,42.929,42.929,42.085,42.085,-17.019,-17.019,-28.69,-28.69,1.004,1.108,1.078,1.042,-1.012,-7.319,-0.27,-0.01,-0.2,0.66,0.164,0.23,-0.127,-0.161,1.53,2.25,1.02,2.7,334.486,636.378,642.238,164.182,1.061,1.061,1.545,-8.806,0.06,0.06,0.124,0.124,1.08,1.08,98.427,98.427,7.794,8.864,42.085,42.085,42.085,0.0,-28.69,-28.69,0.0,7.794,42.085,0.2898725401636931
512,6_9,3_1_3_9,34.339,36.354,33.631,34.582,-9.0,-10.077,-14.814,-15.897,0.804,1.244,0.897,1.135,-1.315,-8.038,-0.27,0.42,0.66,0.06,0.327,0.257,-0.368,0.524,1.53,1.02,1.08,1.1,334.486,291.269,164.182,98.427,0.896,1.023,-0.657,-9.131,0.0,0.42,-0.355,-0.364,1.0,1.1,60.96,291.269,7.816,7.381,33.631,34.582,33.631,-0.951,-14.814,-15.897,1.083,7.381,33.631,-0.5608446972745434
825,7_8,3_6_3_1,31.557,35.34,35.381,34.299,-13.606,-13.932,-25.353,-23.229,1.058,1.009,1.164,0.982,0.496,-7.532,-0.27,0.06,0.0,0.06,0.134,0.231,0.31,-0.431,1.53,1.0,1.08,1.08,334.486,98.427,60.96,98.427,0.918,1.064,-0.93,-7.913,-0.01,0.45,-0.153,-0.358,2.7,1.75,636.378,467.957,8.408,6.601,31.557,34.299,31.557,-2.742,-25.353,-23.229,-2.124,6.601,31.557,-0.7695491626692564
591,2_4,4_1_6_6,33.954,32.627,35.694,33.137,-15.22,-23.393,-22.22,-17.602,0.87,1.115,1.057,1.033,-0.614,-8.161,-0.17,0.0,0.66,0.0,-0.088,0.261,-0.221,-0.253,1.5,1.02,1.0,1.0,185.535,60.96,164.182,60.96,1.11,0.864,-0.212,-8.953,0.66,-0.17,-0.399,-0.107,1.02,1.5,164.182,185.535,8.339,7.948,33.954,32.627,32.627,1.328,-22.22,-23.393,1.173,7.948,32.627,-0.6618761742544331
126,2_3,2_4_3_8,43.012,43.532,43.914,45.266,0.482,-8.682,-11.674,-3.462,1.155,0.924,0.895,1.102,-1.515,-8.382,0.66,0.45,-0.27,0.06,-0.427,0.31,0.355,0.44,1.02,1.53,1.08,1.75,164.182,467.957,334.486,98.427,1.209,0.871,0.011,-8.258,0.66,-0.27,-0.5,0.238,1.02,1.53,164.182,334.486,6.742,8.393,43.012,43.532,43.012,-0.52,-11.674,-8.682,-2.993,6.742,43.012,0.3831555871361612
116,2_7,3_1_3_9,42.52,38.599,43.41,40.069,0.956,0.49,-1.273,-2.322,0.804,1.244,0.897,1.135,-1.315,-8.038,-0.27,0.42,0.66,0.06,0.327,0.257,-0.368,0.524,1.53,1.02,1.08,1.1,334.486,291.269,164.182,98.427,1.095,0.903,-1.149,-8.015,0.66,-0.01,-0.373,-0.136,1.02,2.7,164.182,636.378,6.701,6.889,42.52,38.599,38.599,3.921,-1.273,-2.322,1.049,6.701,38.599,-0.06092001835413227
473,2_5,3_2_6_4,44.985,37.742,42.347,40.616,-4.803,-2.844,-6.323,-15.167,0.993,1.079,1.106,1.098,0.796,-6.916,-0.27,-0.17,-0.2,0.0,0.134,0.219,-0.138,-0.262,1.53,2.25,1.0,1.5,334.486,185.535,642.238,60.96,1.102,0.862,-0.393,-8.926,0.66,-0.2,-0.389,-0.1,1.02,2.25,164.182,642.238,9.722,6.523,42.347,37.742,37.742,4.605,-6.323,-15.167,8.844,6.523,37.742,-0.1471590380471259
693,4_4,2_6_1_8,29.146,29.146,30.054,30.054,-23.338,-23.338,-19.955,-19.955,1.022,0.928,1.022,0.921,-2.433,-8.904,0.66,0.45,0.0,0.66,-0.312,0.3,-0.155,-0.128,1.02,1.0,1.02,1.75,164.182,467.957,60.96,164.182,1.012,1.013,1.714,-8.088,-0.17,-0.17,-0.243,-0.243,1.5,1.5,185.535,185.535,5.656,10.618,29.146,29.146,29.146,0.0,-23.338,-23.338,0.0,5.656,29.146,-1.0121655879665816
57,4_6,2_2_2_9,67.298,64.078,65.099,61.716,8.993,6.823,7.343,6.65,1.206,1.087,0.878,1.059,-0.845,-8.685,0.66,0.42,-0.2,-0.2,-0.38,0.3,0.09,0.073,1.02,2.25,2.25,1.1,164.182,291.269,642.238,642.238,0.975,1.037,1.376,-8.571,-0.17,0.0,-0.226,-0.472,1.5,1.0,185.535,60.96,7.725,10.061,65.099,61.716,61.716,3.383,7.343,6.65,0.693,7.725,61.716,2.2653196762117203
863,1_7,1_1_6_9,34.428,33.254,35.245,33.866,-22.833,-17.542,-18.007,-24.578,0.848,1.163,0.953,1.048,-1.555,-8.621,0.06,0.42,0.66,0.0,0.395,0.252,-0.304,-0.156,1.08,1.02,1.0,1.1,98.427,291.269,164.182,60.96,0.988,1.077,-0.192,-7.615,0.06,-0.01,0.249,-0.355,1.08,2.7,98.427,636.378,6.06,8.429,34.428,33.254,33.254,1.174,-22.833,-24.578,1.745,6.06,33.254,-0.59878181562257
912,1_7,4_6_4_1,35.238,37.356,37.519,38.203,-17.165,-26.295,-26.365,-26.297,1.048,1.053,1.145,1.101,0.529,-7.533,-0.17,0.06,0.0,-0.27,0.17,0.225,0.194,-0.324,1.5,1.0,1.53,1.08,185.535,98.427,60.96,334.486,0.988,1.077,-0.192,-7.615,0.06,-0.01,0.249,-0.355,1.08,2.7,98.427,636.378,8.144,7.341,35.238,37.356,35.238,-2.119,-26.365,-26.297,-0.068,7.341,35.238,-0.39913395673003843
369,3_8,3_2_3_1,44.594,45.841,42.378,44.665,-8.282,-9.241,-20.34,-12.501,1.115,0.854,1.129,0.948,0.845,-7.492,-0.27,0.06,-0.2,0.06,0.143,0.232,0.318,-0.203,1.53,2.25,1.08,1.08,334.486,98.427,642.238,98.427,0.88,1.182,0.092,-8.147,-0.27,0.45,0.225,-0.489,1.53,1.75,334.486,467.957,8.991,7.584,42.378,44.665,42.378,-2.288,-20.34,-12.501,-7.839,7.584,42.378,0.3193568257763502
268,7_8,2_4_6_2,39.862,35.172,36.777,38.284,-11.682,-11.996,-13.83,-9.707,1.174,0.905,1.028,1.102,-1.659,-8.194,0.66,0.66,-0.27,0.0,-0.452,0.304,0.399,-0.214,1.02,1.53,1.0,1.02,164.182,164.182,334.486,60.96,0.918,1.064,-0.93,-7.913,-0.01,0.45,-0.153,-0.358,2.7,1.75,636.378,467.957,6.254,7.264,36.777,35.172,35.172,1.605,-13.83,-11.996,-1.835,6.254,35.172,-0.4057754681649717
46,5_9,5_1_2_1,49.223,56.534,49.197,61.403,-0.578,8.622,-4.147,9.16,1.044,1.078,1.103,0.943,-0.44,-8.246,-0.2,0.06,0.66,-0.2,0.258,0.23,-0.122,-0.188,2.25,1.02,2.25,1.08,642.238,98.427,164.182,642.238,0.876,1.056,-0.708,-8.875,-0.2,0.42,-0.122,-0.373,2.25,1.1,642.238,291.269,8.435,7.538,49.197,56.534,49.197,-7.337,-4.147,8.622,-12.77,7.538,49.197,1.0055457117582922
349,2_3,1_4_6_8,36.54,36.941,39.527,39.036,-10.428,-11.842,-12.244,-11.871,1.001,1.076,1.017,1.112,-0.884,-7.915,0.06,0.45,-0.27,0.0,0.22,0.232,0.174,-0.204,1.08,1.53,1.0,1.75,98.427,467.957,334.486,60.96,1.209,0.871,0.011,-8.258,0.66,-0.27,-0.5,0.238,1.02,1.53,164.182,334.486,7.374,7.925,36.54,36.941,36.54,-0.401,-12.244,-11.871,-0.373,7.374,36.54,-0.2681150493318147
195,5_6,4_2_1_8,43.235,43.602,41.448,45.568,-7.846,-6.497,-14.234,-7.188,1.018,1.06,1.001,1.028,-1.368,-8.282,-0.17,0.45,-0.2,0.66,-0.171,0.249,-0.049,-0.082,1.5,2.25,1.02,1.75,185.535,467.957,642.238,164.182,0.973,1.035,1.346,-8.569,-0.2,0.0,-0.219,-0.469,2.25,1.0,642.238,60.96,7.2,9.628,41.448,43.602,41.448,-2.154,-14.234,-7.188,-7.046,7.2,41.448,0.2257718919204761
999,1_1,1_1_2_6,36.01,36.01,36.468,36.468,-31.176,-31.176,-38.172,-38.172,0.911,1.143,1.036,1.033,-0.456,-8.433,0.06,0.0,0.66,-0.2,0.358,0.247,-0.28,-0.034,1.08,1.02,2.25,1.0,98.427,60.96,164.182,642.238,1.061,1.061,1.545,-8.806,0.06,0.06,0.124,0.124,1.08,1.08,98.427,98.427,8.351,9.978,36.01,36.01,36.01,0.0,-38.172,-38.172,0.0,8.351,36.01,-0.3214483987335495
834,5_6,1_3_4_5,46.199,44.311,51.8,42.69,-7.463,-12.964,-19.718,-23.502,1.096,0.919,1.048,1.008,0.31,-7.752,0.06,-0.2,0.06,-0.27,0.175,0.238,0.272,0.23,1.08,1.08,1.53,2.25,98.427,642.238,98.427,334.486,0.973,1.035,1.346,-8.569,-0.2,0.0,-0.219,-0.469,2.25,1.0,642.238,60.96,8.879,9.098,46.199,42.69,42.69,3.509,-19.718,-23.502,3.784,8.879,42.69,0.3507530616505787
736,6_7,3_4_4_6,36.688,39.369,35.85,38.412,-11.694,-16.752,-14.144,-20.851,1.001,1.108,0.972,1.126,0.646,-7.06,-0.27,0.0,-0.27,-0.27,0.103,0.235,0.15,0.253,1.53,1.53,1.53,1.0,334.486,60.96,334.486,334.486,1.0,1.0,-0.294,-7.636,0.0,-0.01,-0.429,-0.25,1.0,2.7,60.96,636.378,8.282,6.766,35.85,38.412,35.85,-2.562,-14.144,-20.851,6.706,6.766,35.85,-0.3375490325152049
263,1_4,3_1_2_7,41.545,45.712,43.823,43.374,-10.121,-5.17,-11.548,-9.576,0.985,1.154,1.017,1.069,-0.031,-7.857,-0.27,-0.01,0.66,-0.2,0.255,0.245,-0.292,-0.002,1.53,1.02,2.25,2.7,334.486,636.378,164.182,642.238,1.019,1.055,1.656,-8.44,0.06,-0.17,0.208,-0.334,1.08,1.5,98.427,185.535,8.409,9.513,41.545,43.374,41.545,-1.829,-11.548,-9.576,-1.972,8.409,41.545,0.23553290115060502
443,2_6,5_1_6_9,34.36,34.386,33.283,34.958,-14.224,-13.667,-13.257,-14.488,0.822,1.123,0.94,1.052,-1.521,-8.367,-0.2,0.42,0.66,0.0,-0.04,0.265,-0.222,-0.147,2.25,1.02,1.0,1.1,642.238,291.269,164.182,60.96,1.071,0.882,-0.457,-9.433,0.66,0.0,-0.38,-0.33,1.02,1.0,164.182,60.96,7.912,7.909,33.283,34.386,33.283,-1.102,-14.224,-14.488,0.264,7.909,33.283,-0.5958635757496447
675,4_9,2_1_6_2,32.277,31.944,32.629,32.704,-13.338,-13.976,-20.163,-19.594,0.966,1.011,0.978,1.062,-2.519,-9.082,0.66,0.66,0.66,0.0,-0.236,0.32,-0.106,-0.159,1.02,1.02,1.0,1.02,164.182,164.182,164.182,60.96,0.875,1.066,-0.546,-8.904,-0.17,0.42,-0.127,-0.385,1.5,1.1,185.535,291.269,6.385,8.536,32.277,31.944,31.944,0.333,-20.163,-19.594,-0.569,6.385,31.944,-0.7306057547098765
304,5_7,4_2_1_3,50.706,52.865,50.725,52.349,-3.463,9.817,-9.721,-10.551,0.955,1.165,1.045,1.027,0.05,-7.607,-0.17,-0.27,-0.2,0.66,0.248,0.244,-0.285,-0.035,1.5,2.25,1.02,1.53,185.535,334.486,642.238,164.182,1.04,1.094,0.231,-7.776,-0.2,-0.01,-0.199,-0.259,2.25,2.7,642.238,636.378,7.827,7.838,50.706,52.349,50.706,-1.644,-9.721,-10.551,0.83,7.827,50.706,1.157394814111533
341,5_6,4_4_6_4,43.246,42.979,42.321,43.918,-10.631,-11.104,-12.297,-11.503,1.042,1.02,1.127,1.088,0.562,-7.277,-0.17,-0.17,-0.27,0.0,-0.28,0.245,0.272,-0.318,1.5,1.53,1.0,1.5,185.535,185.535,334.486,60.96,0.973,1.035,1.346,-8.569,-0.2,0.0,-0.219,-0.469,2.25,1.0,642.238,60.96,9.131,8.624,42.321,42.979,42.321,-0.658,-12.297,-11.503,-0.794,8.624,42.321,0.3136209749916351
966,1_7,4_4_6_1,36.027,34.355,36.088,35.533,-21.683,-29.402,-30.193,-30.27,1.08,1.159,1.029,1.04,0.566,-7.478,-0.17,0.06,-0.27,0.0,0.261,0.222,-0.404,0.272,1.5,1.53,1.0,1.08,185.535,98.427,334.486,60.96,0.988,1.077,-0.192,-7.615,0.06,-0.01,0.249,-0.355,1.08,2.7,98.427,636.378,8.181,7.286,36.027,34.355,34.355,1.672,-30.193,-30.27,0.077,7.286,34.355,-0.48798932941255146
149,1_7,5_2_1_2,46.062,42.619,47.761,48.534,-3.766,-7.977,0.979,-5.063,1.149,1.034,1.041,0.944,-1.551,-8.444,-0.2,0.66,-0.2,0.66,-0.28,0.315,-0.062,-0.039,2.25,2.25,1.02,1.02,642.238,164.182,642.238,164.182,0.988,1.077,-0.192,-7.615,0.06,-0.01,0.249,-0.355,1.08,2.7,98.427,636.378,6.064,8.252,46.062,42.619,42.619,3.444,-3.766,-7.977,4.211,6.064,42.619,0.3436084054099692
124,5_8,4_3_2_2,46.785,46.869,44.404,46.442,0.7,1.947,-18.037,-2.674,1.096,0.904,0.945,1.072,-0.84,-8.128,-0.17,0.66,0.06,-0.2,-0.362,0.302,0.025,0.379,1.5,1.08,2.25,1.02,185.535,164.182,98.427,642.238,0.871,1.076,-0.346,-8.89,-0.2,0.45,-0.115,-0.378,2.25,1.75,642.238,467.957,8.05,7.781,44.404,46.442,44.404,-2.039,-18.037,-2.674,-15.363,7.781,44.404,0.5232311010365667
786,1_1,3_1_2_1,41.798,41.798,42.326,42.326,-20.315,-20.315,-22.346,-22.346,1.041,1.079,1.184,0.928,-0.073,-7.794,-0.27,0.06,0.66,-0.2,0.251,0.227,-0.123,-0.287,1.53,1.02,2.25,1.08,334.486,98.427,164.182,642.238,1.061,1.061,1.545,-8.806,0.06,0.06,0.124,0.124,1.08,1.08,98.427,98.427,8.733,9.339,41.798,41.798,41.798,0.0,-22.346,-22.346,0.0,8.733,41.798,0.26099202831784823
50,2_4,1_2_2_4,67.892,68.093,64.277,67.937,8.202,9.499,6.734,8.095,1.119,1.104,1.017,0.998,1.151,-7.933,0.06,-0.17,-0.2,-0.2,0.222,0.22,-0.118,-0.041,1.08,2.25,2.25,1.5,98.427,185.535,642.238,642.238,1.11,0.864,-0.212,-8.953,0.66,-0.17,-0.399,-0.107,1.02,1.5,164.182,185.535,10.104,7.72,64.277,67.937,64.277,-3.66,6.734,8.095,-1.36,7.72,64.277,2.523030445679348
353,2_4,4_3_6_5,36.798,39.677,39.013,42.783,-7.558,-5.051,-16.04,-11.991,1.057,1.018,1.074,0.986,0.267,-7.513,-0.17,-0.2,0.06,0.0,-0.306,0.254,0.389,-0.33,1.5,1.08,1.0,2.25,185.535,642.238,98.427,60.96,1.11,0.864,-0.212,-8.953,0.66,-0.17,-0.399,-0.107,1.02,1.5,164.182,185.535,9.219,7.301,36.798,39.677,36.798,-2.879,-16.04,-11.991,-4.049,7.301,36.798,-0.24215277735889446
927,3_6,3_3_6_1,35.429,33.97,36.8,36.226,-22.717,-23.566,-26.616,-27.189,1.03,1.139,1.089,1.028,0.424,-7.402,-0.27,0.06,0.06,0.0,0.261,0.225,-0.416,0.311,1.53,1.08,1.0,1.08,334.486,98.427,98.427,60.96,0.973,1.133,1.54,-7.815,-0.27,0.0,0.121,-0.576,1.53,1.0,334.486,60.96,8.24,8.941,35.429,33.97,33.97,1.459,-26.616,-27.189,0.573,8.24,33.97,-0.5267314794496605
142,2_3,4_2_4_4,45.654,45.518,46.165,45.445,-4.86,-6.13,-4.879,-4.705,0.992,1.027,0.902,1.149,0.943,-7.284,-0.17,-0.17,-0.2,-0.27,-0.197,0.241,-0.073,0.309,1.5,2.25,1.53,1.5,185.535,185.535,642.238,334.486,1.209,0.871,0.011,-8.258,0.66,-0.27,-0.5,0.238,1.02,1.53,164.182,334.486,9.2,7.294,45.654,45.445,45.445,0.209,-4.879,-6.13,1.251,7.294,45.445,0.6279858495784642
470,2_7,1_6_4_9,41.972,39.849,42.139,40.694,-17.73,-3.584,-15.565,-15.138,1.002,1.146,0.881,1.168,-0.824,-7.852,0.06,0.42,0.0,-0.27,0.311,0.232,-0.432,0.413,1.08,1.0,1.53,1.1,98.427,291.269,60.96,334.486,1.095,0.903,-1.149,-8.015,0.66,-0.01,-0.373,-0.136,1.02,2.7,164.182,636.378,7.191,6.702,41.972,39.849,39.849,2.124,-17.73,-15.138,-2.592,6.702,39.849,0.0648661830650534
399,4_8,3_2_6_3,33.466,36.539,36.398,35.072,-10.327,-10.137,-16.865,-13.23,0.992,1.071,1.153,1.07,0.936,-6.74,-0.27,-0.27,-0.2,0.0,0.12,0.217,-0.128,-0.348,1.53,2.25,1.0,1.53,334.486,334.486,642.238,60.96,0.873,1.087,-0.165,-8.898,-0.17,0.45,-0.122,-0.391,1.5,1.75,185.535,467.957,9.834,6.575,33.466,35.072,33.466,-1.606,-16.865,-13.23,-3.634,6.575,33.466,-0.5774484758618759
625,5_5,2_6_1_6,41.032,41.032,36.228,36.228,-13.361,-13.361,-18.336,-18.336,1.091,0.961,1.099,0.849,-1.616,-8.781,0.66,0.0,0.0,0.66,-0.343,0.298,-0.143,-0.219,1.02,1.0,1.02,1.0,164.182,60.96,60.96,164.182,1.004,1.004,1.342,-8.123,-0.2,-0.2,-0.226,-0.226,2.25,2.25,642.238,642.238,6.507,10.123,36.228,36.228,36.228,0.0,-18.336,-18.336,0.0,6.507,36.228,-0.29951128520604314
320,1_7,2_6_2_3,36.887,35.993,37.583,36.356,-10.944,-10.142,-17.793,-11.064,1.169,0.981,1.11,0.932,-0.676,-7.306,0.66,-0.27,0.0,-0.2,-0.406,0.287,-0.128,-0.17,1.02,1.0,2.25,1.53,164.182,334.486,60.96,642.238,0.988,1.077,-0.192,-7.615,0.06,-0.01,0.249,-0.355,1.08,2.7,98.427,636.378,6.939,7.114,36.887,35.993,35.993,0.893,-17.793,-11.064,-6.729,6.939,35.993,-0.32315909107285
19,3_7,5_2_3_2,49.863,49.515,54.309,52.244,9.545,3.46,11.167,14.543,1.219,0.76,1.047,0.924,-0.453,-8.307,-0.2,0.66,-0.2,0.06,-0.472,0.311,0.53,-0.107,2.25,2.25,1.08,1.02,642.238,164.182,642.238,98.427,0.967,1.124,0.024,-7.025,-0.27,-0.01,0.156,-0.362,1.53,2.7,334.486,636.378,6.572,8.332,49.863,49.515,49.515,0.348,9.545,3.46,6.084,6.572,49.515,1.0375457213993327
809,8_8,5_1_3_1,34.305,34.305,35.006,35.006,-18.038,-18.038,-22.808,-22.808,1.062,0.995,1.133,0.854,-0.891,-8.317,-0.2,0.06,0.66,0.06,0.179,0.24,0.326,-0.253,2.25,1.02,1.08,1.08,642.238,98.427,164.182,98.427,0.949,1.031,-0.671,-9.446,0.45,0.45,-0.246,-0.325,1.75,1.75,467.957,467.957,8.555,7.646,34.305,34.305,34.305,0.0,-22.808,-22.808,0.0,7.646,34.305,-0.4930207774693186
790,4_6,4_1_3_7,31.796,34.165,32.575,35.512,-15.022,-15.764,-22.687,-22.403,0.884,1.133,1.006,1.058,-1.044,-7.435,-0.17,-0.01,0.66,0.06,-0.064,0.268,-0.261,0.442,1.5,1.02,1.08,2.7,185.535,636.378,164.182,98.427,0.975,1.037,1.376,-8.571,-0.17,0.0,-0.226,-0.472,1.5,1.0,185.535,60.96,7.526,8.811,31.796,34.165,31.796,-2.369,-22.687,-22.403,-0.284,7.526,31.796,-0.7454988409579081
808,3_7,1_1_4_3,35.66,34.6,36.396,36.209,-14.858,-12.588,-16.283,-22.794,1.011,1.13,1.131,0.993,-0.526,-7.491,0.06,-0.27,0.66,-0.27,0.354,0.248,-0.314,0.202,1.08,1.02,1.53,1.53,98.427,334.486,164.182,334.486,0.967,1.124,0.024,-7.025,-0.27,-0.01,0.156,-0.362,1.53,2.7,334.486,636.378,6.499,7.515,35.66,34.6,34.6,1.06,-16.283,-22.794,6.511,6.499,34.6,-0.4633352339343906
407,5_6,4_3_2_3,49.223,48.722,47.88,48.118,-3.283,-3.554,-4.694,-13.37,0.962,1.116,0.822,1.147,0.922,-7.297,-0.17,-0.27,0.06,-0.2,0.169,0.229,-0.194,0.396,1.5,1.08,2.25,1.53,185.535,334.486,98.427,642.238,0.973,1.035,1.346,-8.569,-0.2,0.0,-0.219,-0.469,2.25,1.0,642.238,60.96,9.491,8.644,47.88,48.118,47.88,-0.238,-4.694,-13.37,8.676,8.644,47.88,0.8730173699430381
537,2_7,1_4_3_9,36.936,37.641,38.794,38.317,-16.231,-6.317,-17.886,-16.368,0.969,1.102,0.851,1.138,-1.205,-8.218,0.06,0.42,-0.27,0.06,0.25,0.24,0.127,0.459,1.08,1.53,1.08,1.1,98.427,291.269,334.486,98.427,1.095,0.903,-1.149,-8.015,0.66,-0.01,-0.373,-0.136,1.02,2.7,164.182,636.378,6.81,7.069,36.936,37.641,36.936,-0.706,-17.886,-16.368,-1.518,6.81,36.936,-0.22826598072221657
620,4_9,4_4_6_7,34.87,29.46,35.748,32.359,-3.095,-2.547,-18.769,-18.203,1.044,1.029,1.042,1.04,-0.583,-7.05,-0.17,-0.01,-0.27,0.0,-0.266,0.247,0.267,-0.275,1.5,1.53,1.0,2.7,185.535,636.378,334.486,60.96,0.875,1.066,-0.546,-8.904,-0.17,0.42,-0.127,-0.385,1.5,1.1,185.535,291.269,8.32,6.504,34.87,29.46,29.46,5.409,-18.769,-18.203,-0.566,6.504,29.46,-0.9805680941700822
38,6_8,4_2_2_9,63.309,66.606,65.04,63.069,11.327,17.128,9.285,10.766,1.135,1.101,0.855,1.086,-0.616,-7.909,-0.17,0.42,-0.2,-0.2,-0.215,0.238,-0.049,0.1,1.5,2.25,2.25,1.1,185.535,291.269,642.238,642.238,0.895,1.043,-0.348,-9.411,0.0,0.45,-0.35,-0.368,1.0,1.75,60.96,467.957,8.795,7.56,63.309,63.069,63.069,0.24,9.285,10.766,-1.481,7.56,63.069,2.401470660627847
175,2_5,4_3_6_3,37.918,39.833,41.326,42.648,0.327,-2.724,-12.684,-6.285,0.974,1.148,0.988,1.086,0.515,-7.215,-0.17,-0.27,0.06,0.0,0.172,0.224,-0.424,0.388,1.5,1.08,1.0,1.53,185.535,334.486,98.427,60.96,1.102,0.862,-0.393,-8.926,0.66,-0.2,-0.389,-0.1,1.02,2.25,164.182,642.238,9.441,6.822,37.918,39.833,37.918,-1.915,-12.684,-6.285,-6.399,6.822,37.918,-0.12944834088730436
245,2_3,6_3_2_4,38.308,44.517,40.623,44.037,-17.713,-8.471,-9.879,-8.949,0.96,1.038,0.845,1.14,0.564,-7.936,0.0,-0.17,0.06,-0.2,-0.178,0.246,-0.111,0.409,1.0,1.08,2.25,1.5,60.96,185.535,98.427,642.238,1.209,0.871,0.011,-8.258,0.66,-0.27,-0.5,0.238,1.02,1.53,164.182,334.486,8.822,7.947,38.308,44.037,38.308,-5.728,-17.713,-8.949,-8.764,7.947,38.308,-0.09020304604451837
828,4_8,1_3_6_5,39.412,35.024,41.599,36.879,-10.837,-21.302,-19.146,-23.282,1.058,1.047,1.097,1.006,0.233,-7.837,0.06,-0.2,0.06,0.0,0.148,0.232,0.312,-0.338,1.08,1.08,1.0,2.25,98.427,642.238,98.427,60.96,0.873,1.087,-0.165,-8.898,-0.17,0.45,-0.122,-0.391,1.5,1.75,185.535,467.957,9.131,7.672,39.412,35.024,35.024,4.388,-19.146,-23.282,4.137,7.672,35.024,-0.4206685544130029
667,6_6,3_6_6_3,33.348,33.348,33.348,33.348,-19.206,-19.206,-19.209,-19.209,1.005,1.117,1.117,1.005,0.774,-6.78,-0.27,-0.27,0.0,0.0,0.125,0.215,-0.358,-0.358,1.53,1.0,1.0,1.53,334.486,334.486,60.96,60.96,0.998,0.998,1.102,-9.105,0.0,0.0,-0.454,-0.454,1.0,1.0,60.96,60.96,9.88,7.882,33.348,33.348,33.348,0.0,-19.209,-19.209,0.0,7.882,33.348,-0.5893226932758472
754,6_6,4_6_4_6,35.96,35.96,35.96,35.96,-21.353,-21.353,-21.352,-21.352,1.096,1.141,0.987,1.091,0.416,-7.57,-0.17,0.0,0.0,-0.27,-0.178,0.24,-0.328,0.288,1.5,1.0,1.53,1.0,185.535,60.96,60.96,334.486,0.998,0.998,1.102,-9.105,0.0,0.0,-0.454,-0.454,1.0,1.0,60.96,60.96,9.522,8.673,35.96,35.96,35.96,0.0,-21.353,-21.353,0.0,8.673,35.96,-0.32647984679031666
858,4_8,4_6_4_1,31.26,35.799,35.541,38.46,-15.726,-13.828,-24.135,-24.435,1.048,1.053,1.145,1.101,0.529,-7.533,-0.17,0.06,0.0,-0.27,0.17,0.225,0.194,-0.324,1.5,1.0,1.53,1.08,185.535,98.427,60.96,334.486,0.873,1.087,-0.165,-8.898,-0.17,0.45,-0.122,-0.391,1.5,1.75,185.535,467.957,9.427,7.368,31.26,35.799,31.26,-4.539,-24.135,-24.435,0.3,7.368,31.26,-0.7994359641264547
154,4_8,5_1_1_7,37.224,37.437,38.174,40.612,-6.455,-4.03,-10.812,-5.313,0.929,1.114,1.112,0.914,-1.545,-7.839,-0.2,-0.01,0.66,0.66,-0.066,0.268,-0.183,-0.166,2.25,1.02,1.02,2.7,642.238,636.378,164.182,164.182,0.873,1.087,-0.165,-8.898,-0.17,0.45,-0.122,-0.391,1.5,1.75,185.535,467.957,7.353,7.673,37.224,37.437,37.224,-0.213,-10.812,-5.313,-5.499,7.353,37.224,-0.19928483991523652
287,7_8,2_4_2_1,47.547,42.879,42.601,42.896,-6.664,-6.969,-9.483,-10.104,0.994,1.09,0.902,1.182,-0.37,-8.386,0.66,0.06,-0.27,-0.2,0.279,0.232,-0.19,0.416,1.02,1.53,2.25,1.08,164.182,98.427,334.486,642.238,0.918,1.064,-0.93,-7.913,-0.01,0.45,-0.153,-0.358,2.7,1.75,636.378,467.957,7.543,7.456,42.601,42.879,42.601,-0.278,-9.483,-10.104,0.621,7.456,42.601,0.3417970841095328
602,8_8,5_1_3_8,36.373,36.373,37.786,37.786,-13.603,-13.603,-17.796,-17.796,0.824,1.141,0.9,1.125,-1.379,-8.539,-0.2,0.45,0.66,0.06,-0.027,0.273,-0.261,0.52,2.25,1.02,1.08,1.75,642.238,467.957,164.182,98.427,0.949,1.031,-0.671,-9.446,0.45,0.45,-0.246,-0.325,1.75,1.75,467.957,467.957,8.068,7.868,36.373,36.373,36.373,0.0,-17.796,-17.796,0.0,7.868,36.373,-0.28492008584141804
569,2_5,4_4_6_1,37.078,38.109,40.216,37.487,-9.975,-25.3,-22.425,-17.053,1.08,1.159,1.029,1.04,0.566,-7.478,-0.17,0.06,-0.27,0.0,0.261,0.222,-0.404,0.272,1.5,1.53,1.0,1.08,185.535,98.427,334.486,60.96,1.102,0.862,-0.393,-8.926,0.66,-0.2,-0.389,-0.1,1.02,2.25,164.182,642.238,9.492,7.085,37.078,37.487,37.078,-0.409,-22.425,-25.3,2.875,7.085,37.078,-0.21397666824099676
743,6_7,1_1_6_2,29.882,24.687,30.583,25.984,-19.777,-20.277,-21.086,-21.043,0.852,1.165,0.977,1.107,-1.491,-8.72,0.06,0.66,0.66,0.0,0.391,0.253,-0.304,-0.138,1.08,1.02,1.0,1.02,98.427,164.182,164.182,60.96,1.0,1.0,-0.294,-7.636,0.0,-0.01,-0.429,-0.25,1.0,2.7,60.96,636.378,6.145,8.426,29.882,24.687,24.687,5.195,-21.086,-21.043,-0.043,6.145,24.687,-1.4608701256691006
17,5_5,4_2_2_7,106.471,106.471,89.335,89.335,59.145,59.145,16.268,16.268,1.122,1.084,0.98,1.071,0.39,-7.684,-0.17,-0.01,-0.2,-0.2,-0.222,0.234,-0.035,0.003,1.5,2.25,2.25,2.7,185.535,636.378,642.238,642.238,1.004,1.004,1.342,-8.123,-0.2,-0.2,-0.226,-0.226,2.25,2.25,642.238,642.238,8.513,9.026,89.335,89.335,89.335,0.0,16.268,16.268,0.0,8.513,89.335,5.04459095380891
127,7_9,3_2_1_3,43.789,41.315,44.135,43.518,-1.586,0.377,-3.722,-3.471,1.014,1.142,1.105,1.002,0.064,-7.285,-0.27,-0.27,-0.2,0.66,0.247,0.244,-0.283,-0.123,1.53,2.25,1.02,1.53,334.486,334.486,642.238,164.182,0.939,1.048,-1.088,-8.015,-0.01,0.42,-0.156,-0.35,2.7,1.1,636.378,291.269,8.079,6.196,43.789,41.315,41.315,2.473,-3.722,-3.471,-0.251,6.196,41.315,0.21238824008947446
322,1_2,5_2_1_6,39.64,42.048,43.765,44.135,-13.97,-15.089,-10.75,-11.101,0.968,1.029,1.091,1.084,-0.329,-8.194,-0.2,0.0,-0.2,0.66,-0.183,0.241,-0.032,-0.176,2.25,2.25,1.02,1.0,642.238,60.96,642.238,164.182,0.884,1.149,-0.36,-9.308,0.06,0.66,0.34,-0.479,1.08,1.02,98.427,164.182,8.979,7.833,39.64,42.048,39.64,-2.408,-13.97,-15.089,1.119,7.833,39.64,0.04383473018776595
255,4_9,3_1_4_5,39.374,38.672,42.982,43.386,-6.198,-8.596,-13.279,-9.185,0.922,1.19,1.009,1.064,-0.243,-7.491,-0.27,-0.2,0.66,-0.27,0.272,0.248,-0.334,0.307,1.53,1.02,1.53,2.25,334.486,642.238,164.182,334.486,0.875,1.066,-0.546,-8.904,-0.17,0.42,-0.127,-0.385,1.5,1.1,185.535,291.269,8.66,6.945,39.374,38.672,38.672,0.702,-13.279,-9.185,-4.094,6.945,38.672,-0.05357410419125179
657,1_8,3_4_4_8,33.379,37.75,36.522,39.278,-9.132,-11.89,-20.394,-19.039,1.004,1.103,0.887,1.189,-0.336,-7.216,-0.27,0.45,-0.27,-0.27,0.138,0.241,0.135,0.374,1.53,1.53,1.53,1.75,334.486,467.957,334.486,334.486,0.894,1.125,-0.239,-9.257,0.06,0.45,0.324,-0.475,1.08,1.75,98.427,467.957,8.922,6.977,33.379,37.75,33.379,-4.372,-20.394,-19.039,-1.355,6.977,33.379,-0.5862031954806515
964,2_2,1_4_1_1,32.762,32.762,33.252,33.252,-20.835,-20.835,-30.052,-30.052,0.964,1.146,1.088,1.032,-0.678,-8.258,0.06,0.06,-0.27,0.66,0.373,0.252,-0.323,0.204,1.08,1.53,1.02,1.08,98.427,98.427,334.486,164.182,0.978,0.978,-1.736,-9.745,0.66,0.66,-0.268,-0.268,1.02,1.02,164.182,164.182,9.067,6.523,32.762,32.762,32.762,0.0,-30.052,-30.052,0.0,6.523,32.762,-0.6482912645011613
190,2_9,4_2_3_9,34.67,37.858,39.397,37.737,-5.006,-6.418,-6.053,-6.885,0.935,1.051,0.797,1.168,-0.787,-8.151,-0.17,0.42,-0.2,0.06,-0.148,0.251,-0.122,0.517,1.5,2.25,1.08,1.1,185.535,291.269,642.238,98.427,0.993,0.929,-1.74,-9.532,0.66,0.42,-0.296,-0.254,1.02,1.1,164.182,291.269,8.744,6.411,34.67,37.737,34.67,-3.067,-6.053,-6.885,0.831,6.411,34.67,-0.4562912066549162
115,2_2,2_2_4_9,47.893,47.893,47.566,47.566,-2.224,-2.224,-2.206,-2.206,1.124,0.966,0.887,1.154,-1.112,-8.393,0.66,0.42,-0.2,-0.27,-0.344,0.307,0.024,0.404,1.02,2.25,1.53,1.1,164.182,291.269,642.238,334.486,0.978,0.978,-1.736,-9.745,0.66,0.66,-0.268,-0.268,1.02,1.02,164.182,164.182,8.633,6.657,47.566,47.566,47.566,0.0,-2.224,-2.224,0.0,6.657,47.566,0.8414198761465387
616,3_3,2_1_4_2,28.865,28.865,25.845,25.845,-17.033,-17.033,-18.056,-18.056,1.017,1.043,0.937,1.127,-2.402,-8.792,0.66,0.66,0.66,-0.27,-0.218,0.326,-0.139,0.405,1.02,1.02,1.53,1.02,164.182,164.182,164.182,334.486,1.074,1.074,1.92,-7.114,-0.27,-0.27,0.023,0.023,1.53,1.53,334.486,334.486,4.712,10.712,25.845,25.845,25.845,0.0,-18.056,-18.056,0.0,4.712,25.845,-1.3443417886743674
606,1_5,3_4_6_1,40.132,41.828,43.045,42.54,-13.228,-16.252,-21.821,-17.835,1.091,1.164,1.09,1.013,0.656,-7.091,-0.27,0.06,-0.27,0.0,0.25,0.222,-0.4,0.194,1.53,1.53,1.0,1.08,334.486,98.427,334.486,60.96,1.011,1.054,1.418,-8.429,0.06,-0.2,0.22,-0.329,1.08,2.25,98.427,642.238,9.085,8.508,40.132,41.828,40.132,-1.695,-21.821,-17.835,-3.986,8.508,40.132,0.09334417906635717
180,3_5,4_4_2_6,53.722,56.457,54.366,48.102,0.625,-14.406,-3.461,-6.525,1.037,1.002,1.086,1.111,0.732,-7.665,-0.17,0.0,-0.27,-0.2,-0.262,0.248,0.275,-0.072,1.5,1.53,2.25,1.0,185.535,60.96,334.486,642.238,0.998,1.101,1.621,-7.471,-0.27,-0.2,0.12,-0.333,1.53,2.25,334.486,642.238,8.203,9.286,53.722,48.102,48.102,5.62,-3.461,-14.406,10.945,8.203,48.102,0.895356999315085
301,7_9,4_1_6_8,34.126,35.042,34.946,36.058,-11.087,-9.206,-11.674,-10.497,0.835,1.13,0.934,1.061,-1.292,-8.322,-0.17,0.45,0.66,0.0,-0.053,0.265,-0.232,-0.15,1.5,1.02,1.0,1.75,185.535,467.957,164.182,60.96,0.939,1.048,-1.088,-8.015,-0.01,0.42,-0.156,-0.35,2.7,1.1,636.378,291.269,6.723,7.233,34.126,35.042,34.126,-0.916,-11.674,-10.497,-1.177,6.723,34.126,-0.5110333615125462
759,3_3,4_4_3_8,44.777,44.777,41.665,41.665,-18.23,-18.23,-21.451,-21.451,0.97,1.066,0.866,1.145,-0.764,-7.924,-0.17,0.45,-0.27,0.06,-0.208,0.259,0.205,0.47,1.5,1.53,1.08,1.75,185.535,467.957,334.486,98.427,1.074,1.074,1.92,-7.114,-0.27,-0.27,0.023,0.023,1.53,1.53,334.486,334.486,6.35,9.844,41.665,41.665,41.665,0.0,-21.451,-21.451,0.0,6.35,41.665,0.2476083764868466
712,4_9,2_3_6_1,35.82,34.771,36.163,35.023,-19.054,-11.317,-19.197,-20.35,0.941,1.128,0.902,1.166,-1.026,-8.464,0.66,0.06,0.06,0.0,0.321,0.234,-0.44,0.511,1.02,1.08,1.0,1.08,164.182,98.427,98.427,60.96,0.875,1.066,-0.546,-8.904,-0.17,0.42,-0.127,-0.385,1.5,1.1,185.535,291.269,7.877,7.918,35.82,34.771,34.771,1.049,-19.197,-20.35,1.154,7.877,34.771,-0.44612768158024607
723,8_8,2_6_1_8,31.883,31.883,32.674,32.674,-19.132,-19.132,-20.644,-20.644,1.022,0.928,1.022,0.921,-2.433,-8.904,0.66,0.45,0.0,0.66,-0.312,0.3,-0.155,-0.128,1.02,1.0,1.02,1.75,164.182,467.957,60.96,164.182,0.949,1.031,-0.671,-9.446,0.45,0.45,-0.246,-0.325,1.75,1.75,467.957,467.957,7.013,8.233,31.883,31.883,31.883,0.0,-20.644,-20.644,0.0,7.013,31.883,-0.7367441213391328
685,2_6,6_3_2_8,33.41,33.285,31.87,33.434,-27.973,-19.738,-19.032,-19.823,1.132,0.843,0.929,1.042,-0.565,-8.469,0.0,0.45,0.06,-0.2,-0.525,0.256,0.4,-0.007,1.0,1.08,2.25,1.75,60.96,467.957,98.427,642.238,1.071,0.882,-0.457,-9.433,0.66,0.0,-0.38,-0.33,1.02,1.0,164.182,60.96,8.868,8.012,31.87,33.285,31.87,-1.415,-27.973,-19.823,-8.15,8.012,31.87,-0.7380522978338921
979,6_6,1_3_6_3,32.819,32.819,32.819,32.819,-31.741,-31.741,-31.741,-31.741,1.058,1.009,1.164,0.982,0.496,-7.532,0.06,-0.27,0.06,0.0,0.134,0.231,0.31,-0.431,1.08,1.08,1.0,1.53,98.427,334.486,98.427,60.96,0.998,0.998,1.102,-9.105,0.0,0.0,-0.454,-0.454,1.0,1.0,60.96,60.96,9.601,8.634,32.819,32.819,32.819,0.0,-31.741,-31.741,0.0,8.634,32.819,-0.6425554137164462
517,1_3,3_6_2_2,38.832,36.353,39.865,37.791,-12.009,-14.219,-15.323,-16.023,1.158,0.88,1.15,0.988,-0.683,-7.428,-0.27,0.66,0.0,-0.2,-0.416,0.291,0.081,-0.385,1.53,1.0,2.25,1.02,334.486,164.182,60.96,642.238,1.104,1.048,1.779,-7.75,0.06,-0.27,0.121,0.017,1.08,1.53,98.427,334.486,7.067,9.207,38.832,36.353,36.353,2.479,-15.323,-16.023,0.701,7.067,36.353,-0.28693266506412457
984,1_7,1_4_1_1,33.682,33.975,35.283,36.161,-31.978,-32.164,-33.515,-32.949,0.964,1.146,1.088,1.032,-0.678,-8.258,0.06,0.06,-0.27,0.66,0.373,0.252,-0.323,0.204,1.08,1.53,1.02,1.08,98.427,98.427,334.486,164.182,0.988,1.077,-0.192,-7.615,0.06,-0.01,0.249,-0.355,1.08,2.7,98.427,636.378,6.936,8.066,33.682,33.975,33.682,-0.293,-33.515,-32.949,-0.566,6.936,33.682,-0.5557126202566405
45,3_5,3_6_1_5,46.691,56.815,49.966,58.556,3.662,9.808,-1.546,9.352,1.006,1.149,1.097,0.925,-0.497,-7.451,-0.27,-0.2,0.0,0.66,0.167,0.224,-0.356,-0.193,1.53,1.0,1.02,2.25,334.486,642.238,60.96,164.182,0.998,1.101,1.621,-7.471,-0.27,-0.2,0.12,-0.333,1.53,2.25,334.486,642.238,6.974,9.072,46.691,56.815,46.691,-10.124,-1.546,9.352,-10.898,6.974,46.691,0.7533695351531087
909,8_8,2_1_3_1,29.612,29.612,30.165,30.165,-24.407,-24.407,-26.13,-26.13,0.964,1.106,1.02,0.989,-2.28,-8.628,0.66,0.06,0.66,0.06,0.242,0.248,0.306,-0.136,1.02,1.02,1.08,1.08,164.182,98.427,164.182,98.427,0.949,1.031,-0.671,-9.446,0.45,0.45,-0.246,-0.325,1.75,1.75,467.957,467.957,7.166,7.957,29.612,29.612,29.612,0.0,-26.13,-26.13,0.0,7.166,29.612,-0.9652724920775094
157,1_2,3_1_4_2,36.305,42.923,39.061,43.694,-5.706,-3.98,-13.284,-5.573,1.208,0.895,1.226,0.869,-0.875,-7.929,-0.27,0.66,0.66,-0.27,-0.472,0.302,0.435,-0.36,1.53,1.02,1.53,1.02,334.486,164.182,164.182,334.486,0.884,1.149,-0.36,-9.308,0.06,0.66,0.34,-0.479,1.08,1.02,98.427,164.182,8.433,7.568,36.305,42.923,36.305,-6.618,-13.284,-5.573,-7.71,7.568,36.305,-0.2917628551986215
851,1_3,4_6_6_2,39.146,33.914,39.789,36.011,-15.723,-16.789,-22.773,-24.242,1.114,0.904,1.062,0.929,-0.951,-7.985,-0.17,0.66,0.0,0.0,-0.387,0.288,-0.144,-0.312,1.5,1.0,1.0,1.02,185.535,164.182,60.96,60.96,1.104,1.048,1.779,-7.75,0.06,-0.27,0.121,0.017,1.08,1.53,98.427,334.486,6.799,9.764,39.146,33.914,33.914,5.233,-22.773,-24.242,1.47,6.799,33.914,-0.5323667012732397
171,3_5,3_2_3_5,61.898,60.344,60.597,62.185,12.32,15.133,12.32,-6.119,0.96,1.115,0.805,1.151,0.854,-7.314,-0.27,-0.2,-0.2,0.06,0.17,0.229,-0.193,0.408,1.53,2.25,1.08,2.25,334.486,642.238,642.238,98.427,0.998,1.101,1.621,-7.471,-0.27,-0.2,0.12,-0.333,1.53,2.25,334.486,642.238,8.325,8.935,60.597,60.344,60.344,0.252,12.32,-6.119,18.438,8.325,60.344,2.127256741534022
16,3_3,5_2_2_1,74.676,74.676,72.98,72.98,13.277,13.277,16.821,16.821,1.116,1.101,1.011,0.997,1.094,-7.91,-0.2,0.06,-0.2,-0.2,0.218,0.219,-0.115,-0.028,2.25,2.25,2.25,1.08,642.238,98.427,642.238,642.238,1.074,1.074,1.92,-7.114,-0.27,-0.27,0.023,0.023,1.53,1.53,334.486,334.486,8.208,9.83,72.98,72.98,72.98,0.0,13.277,13.277,0.0,8.208,72.98,3.3988042944402865
511,1_3,2_2_6_8,35.98,36.991,37.697,38.904,-17.196,-17.093,-17.845,-15.887,1.097,0.894,1.002,1.095,-1.407,-8.465,0.66,0.45,-0.2,0.0,-0.36,0.3,0.061,-0.172,1.02,2.25,1.0,1.75,164.182,467.957,642.238,60.96,1.104,1.048,1.779,-7.75,0.06,-0.27,0.121,0.017,1.08,1.53,98.427,334.486,6.343,10.243,35.98,36.991,35.98,-1.011,-17.845,-17.093,-0.752,6.343,35.98,-0.3244672675676101
48,3_7,4_1_2_5,49.587,51.254,52.01,53.12,0.591,3.713,14.6,8.535,1.077,1.086,1.025,0.977,-0.095,-8.026,-0.17,-0.2,0.66,-0.2,-0.107,0.26,-0.192,-0.024,1.5,1.02,2.25,2.25,185.535,642.238,164.182,642.238,0.967,1.124,0.024,-7.025,-0.27,-0.01,0.156,-0.362,1.53,2.7,334.486,636.378,6.93,8.05,49.587,51.254,49.587,-1.667,0.591,3.713,-3.122,6.93,49.587,1.0447910066010782
971,1_2,1_2_3_1,37.105,38.75,37.691,38.898,-20.814,-20.815,-29.535,-30.59,0.974,1.083,0.922,1.101,0.56,-8.138,0.06,0.06,-0.2,0.06,0.273,0.231,-0.197,0.315,1.08,2.25,1.08,1.08,98.427,98.427,642.238,98.427,0.884,1.149,-0.36,-9.308,0.06,0.66,0.34,-0.479,1.08,1.02,98.427,164.182,9.868,7.777,37.105,38.75,37.105,-1.645,-29.535,-30.59,1.054,7.777,37.105,-0.21125968629034297
940,1_1,3_4_4_5,43.046,43.046,44.533,44.533,-17.293,-17.293,-28.408,-28.408,1.031,1.09,0.971,1.098,0.749,-6.914,-0.27,-0.2,-0.27,-0.27,0.095,0.233,0.161,0.254,1.53,1.53,1.53,2.25,334.486,642.238,334.486,334.486,1.061,1.061,1.545,-8.806,0.06,0.06,0.124,0.124,1.08,1.08,98.427,98.427,9.556,8.459,43.046,43.046,43.046,0.0,-28.408,-28.408,0.0,8.459,43.046,0.38657697181476297
515,4_9,3_3_3_7,33.846,35.45,36.803,39.226,-3.919,-3.341,-15.942,-15.978,1.029,1.063,0.996,1.075,-0.61,-7.111,-0.27,-0.01,0.06,0.06,0.09,0.244,0.254,0.375,1.53,1.08,1.08,2.7,334.486,636.378,98.427,98.427,0.875,1.066,-0.546,-8.904,-0.17,0.42,-0.127,-0.385,1.5,1.1,185.535,291.269,8.294,6.564,33.846,35.45,33.846,-1.604,-15.942,-15.978,0.036,6.564,33.846,-0.5392094706304439
952,1_6,1_4_6_9,33.176,34.646,34.383,35.309,-28.872,-28.343,-30.353,-29.518,0.985,1.074,1.034,1.115,-1.136,-7.971,0.06,0.42,-0.27,0.0,0.231,0.233,0.169,-0.202,1.08,1.53,1.0,1.1,98.427,291.269,334.486,60.96,0.983,1.082,1.33,-8.949,0.06,0.0,0.223,-0.568,1.08,1.0,98.427,60.96,7.813,9.301,33.176,34.646,33.176,-1.469,-30.353,-29.518,-0.835,7.813,33.176,-0.6066308745911269
480,6_9,3_6_3_9,32.4,36.026,32.188,35.019,-8.299,-8.765,-14.127,-15.339,0.88,1.165,0.892,1.158,-0.979,-7.588,-0.27,0.42,0.0,0.06,0.24,0.234,-0.454,0.509,1.53,1.0,1.08,1.1,334.486,291.269,60.96,98.427,0.896,1.023,-0.657,-9.131,0.0,0.42,-0.355,-0.364,1.0,1.1,60.96,291.269,8.151,6.931,32.188,35.019,32.188,-2.831,-14.127,-15.339,1.213,6.931,32.188,-0.7060522881928512
283,4_5,3_4_3_7,48.296,47.994,49.716,50.31,-11.729,-5.909,-9.374,-10.048,0.998,1.123,0.927,1.112,-0.486,-6.889,-0.27,-0.01,-0.27,0.06,0.117,0.237,0.138,0.393,1.53,1.53,1.08,2.7,334.486,636.378,334.486,98.427,0.999,1.017,1.462,-8.094,-0.17,-0.2,-0.228,-0.241,1.5,2.25,185.535,642.238,7.608,8.351,48.296,47.994,47.994,0.302,-11.729,-10.048,-1.681,7.608,47.994,0.8844890715124676
718,1_2,1_6_2_7,34.602,34.583,35.716,35.001,-19.419,-17.078,-20.466,-20.555,1.046,1.114,0.987,1.044,0.374,-7.83,0.06,-0.01,0.0,-0.2,0.243,0.219,-0.357,-0.023,1.08,1.0,2.25,2.7,98.427,636.378,60.96,642.238,0.884,1.149,-0.36,-9.308,0.06,0.66,0.34,-0.479,1.08,1.02,98.427,164.182,9.682,7.47,34.602,34.583,34.583,0.019,-20.466,-20.555,0.09,7.47,34.583,-0.46504592627369185
877,1_9,5_2_6_3,37.005,30.243,41.091,39.014,-8.53,-8.434,-5.467,-25.167,1.068,1.146,1.002,1.032,0.909,-7.034,-0.2,-0.27,-0.2,0.0,0.126,0.216,-0.344,-0.035,2.25,2.25,1.0,1.53,642.238,334.486,642.238,60.96,0.895,1.103,-0.687,-9.217,0.06,0.42,0.317,-0.467,1.08,1.1,98.427,291.269,10.126,6.347,37.005,30.243,30.243,6.762,-8.53,-25.167,16.637,6.347,30.243,-0.9017756176011045
225,7_8,2_3_1_3,38.346,35.689,40.196,39.362,-5.523,-4.743,-8.293,-8.297,1.179,0.892,1.249,0.801,-1.25,-8.112,0.66,-0.27,0.06,0.66,-0.47,0.312,0.535,-0.37,1.02,1.08,1.02,1.53,164.182,334.486,98.427,164.182,0.918,1.064,-0.93,-7.913,-0.01,0.45,-0.153,-0.358,2.7,1.75,636.378,467.957,6.663,7.182,38.346,35.689,35.689,2.657,-8.293,-8.297,0.004,6.663,35.689,-0.3537502952579962
26,4_7,5_2_4_2,60.463,53.865,62.637,61.797,10.586,9.128,12.479,12.422,1.234,0.814,1.033,0.957,0.019,-8.007,-0.2,0.66,-0.2,-0.27,-0.521,0.306,0.445,-0.066,2.25,2.25,1.53,1.02,642.238,164.182,642.238,334.486,0.988,1.057,0.019,-7.55,-0.17,-0.01,-0.201,-0.267,1.5,2.7,185.535,636.378,7.569,8.025,60.463,53.865,53.865,6.598,10.586,9.128,1.458,7.569,53.865,1.475281702338099
954,5_6,1_4_1_1,35.232,34.001,35.663,34.159,-25.158,-25.114,-30.03,-29.589,0.964,1.146,1.088,1.032,-0.678,-8.258,0.06,0.06,-0.27,0.66,0.373,0.252,-0.323,0.204,1.08,1.53,1.02,1.08,98.427,98.427,334.486,164.182,0.973,1.035,1.346,-8.569,-0.2,0.0,-0.219,-0.469,2.25,1.0,642.238,60.96,7.89,9.605,35.232,34.001,34.001,1.231,-30.03,-29.589,-0.441,7.89,34.001,-0.5236119816544648
437,8_9,2_1_2_9,39.343,34.87,38.92,36.594,-12.546,-12.63,-13.931,-14.361,1.121,1.043,0.931,1.023,-1.945,-9.016,0.66,0.42,0.66,-0.2,-0.253,0.321,-0.081,0.055,1.02,1.02,2.25,1.1,164.182,291.269,164.182,642.238,0.968,0.942,-1.586,-9.126,0.45,0.42,-0.289,-0.275,1.75,1.1,467.957,291.269,7.181,7.431,38.92,34.87,34.87,4.05,-13.931,-14.361,0.43,7.181,34.87,-0.4361654144278469
951,8_8,3_2_3_1,35.037,35.037,35.77,35.77,-13.112,-13.112,-29.374,-29.374,1.115,0.854,1.129,0.948,0.845,-7.492,-0.27,0.06,-0.2,0.06,0.143,0.232,0.318,-0.203,1.53,2.25,1.08,1.08,334.486,98.427,642.238,98.427,0.949,1.031,-0.671,-9.446,0.45,0.45,-0.246,-0.325,1.75,1.75,467.957,467.957,10.291,6.821,35.037,35.037,35.037,0.0,-29.374,-29.374,0.0,6.821,35.037,-0.41936037791824354
364,2_5,3_4_4_1,41.793,37.761,43.245,39.261,-4.334,-19.405,-14.707,-12.346,1.102,1.001,1.112,1.021,0.811,-7.074,-0.27,0.06,-0.27,-0.27,0.179,0.229,0.161,0.154,1.53,1.53,1.53,1.08,334.486,98.427,334.486,334.486,1.102,0.862,-0.393,-8.926,0.66,-0.2,-0.389,-0.1,1.02,2.25,164.182,642.238,9.737,6.681,41.793,37.761,37.761,4.031,-14.707,-19.405,4.697,6.681,37.761,-0.14524708778555373
229,3_3,3_2_6_7,42.408,42.408,41.367,41.367,-8.163,-8.163,-8.379,-8.379,0.995,1.089,1.039,1.093,-0.387,-6.709,-0.27,-0.01,-0.2,0.0,0.15,0.221,-0.145,-0.216,1.53,2.25,1.0,2.7,334.486,636.378,642.238,60.96,1.074,1.074,1.92,-7.114,-0.27,-0.27,0.023,0.023,1.53,1.53,334.486,334.486,6.728,8.629,41.367,41.367,41.367,0.0,-8.379,-8.379,0.0,6.728,41.367,0.21762094606851254
37,6_7,4_2_2_7,73.043,64.675,65.353,67.326,14.065,16.221,10.389,10.779,1.122,1.084,0.98,1.071,0.39,-7.684,-0.17,-0.01,-0.2,-0.2,-0.222,0.234,-0.035,0.003,1.5,2.25,2.25,2.7,185.535,636.378,642.238,642.238,1.0,1.0,-0.294,-7.636,0.0,-0.01,-0.429,-0.25,1.0,2.7,60.96,636.378,8.026,7.391,65.353,64.675,64.675,0.678,10.389,10.779,-0.39,7.391,64.675,2.563080772211216
965,3_4,1_3_3_6,37.187,39.364,37.506,39.005,-29.273,-27.807,-29.85,-30.119,1.028,1.055,0.983,1.06,-0.042,-8.386,0.06,0.0,0.06,0.06,0.19,0.242,0.253,0.341,1.08,1.08,1.08,1.0,98.427,60.96,98.427,98.427,1.007,1.095,1.831,-7.467,-0.27,-0.17,0.106,-0.335,1.53,1.5,334.486,185.535,7.425,10.217,37.187,39.005,37.187,-1.817,-29.85,-30.119,0.27,7.425,37.187,-0.20300811147724432
374,2_8,4_1_2_3,33.698,34.473,34.825,35.879,-11.702,-10.565,-12.601,-12.59,0.98,1.111,1.093,1.05,-0.122,-7.441,-0.17,-0.27,0.66,-0.2,0.159,0.228,-0.128,-0.193,1.5,1.02,2.25,1.53,185.535,334.486,164.182,642.238,0.99,0.949,-1.494,-9.69,0.66,0.45,-0.29,-0.26,1.02,1.75,164.182,467.957,9.568,5.946,33.698,34.473,33.698,-0.774,-12.601,-12.59,-0.011,5.946,33.698,-0.5541025568784751
469,3_5,4_6_4_8,48.384,46.462,49.542,49.216,5.967,4.791,-14.17,-15.116,1.012,1.118,0.877,1.195,-0.392,-7.64,-0.17,0.45,0.0,-0.27,-0.144,0.247,-0.345,0.417,1.5,1.0,1.53,1.75,185.535,467.957,60.96,334.486,0.998,1.101,1.621,-7.471,-0.27,-0.2,0.12,-0.333,1.53,2.25,334.486,642.238,7.079,9.261,48.384,46.462,46.462,1.921,-14.17,-15.116,0.946,7.079,46.462,0.730325503053114
967,2_8,4_4_1_6,28.204,27.231,29.703,29.254,-25.113,-22.377,-23.017,-30.392,0.995,1.055,1.097,0.968,-0.74,-7.946,-0.17,0.0,-0.27,0.66,-0.233,0.255,0.275,-0.226,1.5,1.53,1.02,1.0,185.535,60.96,334.486,164.182,0.99,0.949,-1.494,-9.69,0.66,0.45,-0.29,-0.26,1.02,1.75,164.182,467.957,8.95,6.452,28.204,27.231,27.231,0.973,-25.113,-30.392,5.279,6.452,27.231,-1.204870048540774
850,1_9,1_4_3_5,38.368,33.01,37.931,38.49,-23.068,-13.048,-18.557,-24.223,1.021,1.08,0.866,1.112,0.356,-7.787,0.06,-0.2,-0.27,0.06,0.2,0.232,0.148,0.352,1.08,1.53,1.08,2.25,98.427,642.238,334.486,98.427,0.895,1.103,-0.687,-9.217,0.06,0.42,0.317,-0.467,1.08,1.1,98.427,291.269,9.573,7.099,37.931,33.01,33.01,4.921,-23.068,-24.223,1.155,7.099,33.01,-0.6233352821395951
704,4_9,2_3_3_6,34.888,35.597,35.985,36.261,-18.575,-20.106,-19.426,-20.207,1.13,0.921,1.028,0.998,-1.3,-8.643,0.66,0.0,0.06,0.06,-0.434,0.317,0.46,0.33,1.02,1.08,1.08,1.0,164.182,60.96,98.427,98.427,0.875,1.066,-0.546,-8.904,-0.17,0.42,-0.127,-0.385,1.5,1.1,185.535,291.269,7.603,8.097,34.888,35.597,34.888,-0.709,-19.426,-20.207,0.782,7.603,34.888,-0.4343540931274105
841,2_2,1_4_6_6,25.919,25.919,29.509,29.509,-29.859,-29.859,-23.832,-23.832,1.037,1.056,1.129,1.101,0.272,-7.732,0.06,0.0,-0.27,0.0,0.181,0.226,0.184,-0.308,1.08,1.53,1.0,1.0,98.427,60.96,334.486,60.96,0.978,0.978,-1.736,-9.745,0.66,0.66,-0.268,-0.268,1.02,1.02,164.182,164.182,10.017,5.996,25.919,25.919,25.919,0.0,-29.859,-29.859,0.0,5.996,25.919,-1.3368952455503513
194,4_5,3_6_6_8,44.974,42.949,48.295,46.319,-10.114,1.696,-4.274,-7.084,0.911,1.14,0.897,1.112,-0.726,-7.323,-0.27,0.45,0.0,0.0,0.211,0.225,-0.402,-0.153,1.53,1.0,1.0,1.75,334.486,467.957,60.96,60.96,0.999,1.017,1.462,-8.094,-0.17,-0.2,-0.228,-0.241,1.5,2.25,185.535,642.238,7.368,8.785,44.974,42.949,42.949,2.024,-10.114,-7.084,-3.03,7.368,42.949,0.376815962584634
854,2_8,1_3_3_5,34.076,34.197,34.228,35.001,-12.255,-19.44,-25.206,-24.379,1.037,1.035,0.996,1.036,0.112,-8.116,0.06,-0.2,0.06,0.06,0.182,0.24,0.261,0.338,1.08,1.08,1.08,2.25,98.427,642.238,98.427,98.427,0.99,0.949,-1.494,-9.69,0.66,0.45,-0.29,-0.26,1.02,1.75,164.182,467.957,9.803,6.622,34.076,34.197,34.076,-0.121,-25.206,-24.379,-0.827,6.622,34.076,-0.5160648095693133
864,1_5,1_4_1_4,38.012,40.844,39.325,43.583,-29.872,-15.047,-22.419,-24.66,1.039,1.08,1.123,0.934,-0.556,-8.018,0.06,-0.17,-0.27,0.66,0.204,0.232,0.207,-0.249,1.08,1.53,1.02,1.5,98.427,185.535,334.486,164.182,1.011,1.054,1.418,-8.429,0.06,-0.2,0.22,-0.329,1.08,2.25,98.427,642.238,7.873,9.436,38.012,40.844,38.012,-2.832,-29.872,-24.66,-5.212,7.873,38.012,-0.11998921854058148
503,2_9,4_1_1_1,33.213,33.87,33.639,32.764,-13.3,-14.781,-14.801,-15.783,0.92,1.154,1.135,0.887,-0.955,-8.682,-0.17,0.06,0.66,0.66,0.374,0.252,-0.27,-0.201,1.5,1.02,1.02,1.08,185.535,98.427,164.182,164.182,0.993,0.929,-1.74,-9.532,0.66,0.42,-0.296,-0.254,1.02,1.1,164.182,291.269,8.577,6.942,33.213,32.764,32.764,0.45,-14.801,-15.783,0.982,6.942,32.764,-0.6480900065788904
969,6_6,1_1_1_2,24.915,24.915,24.915,24.915,-30.527,-30.527,-30.527,-30.527,0.819,1.183,1.014,0.983,-2.442,-8.956,0.06,0.66,0.66,0.66,0.423,0.257,-0.284,-0.072,1.08,1.02,1.02,1.02,98.427,164.182,164.182,164.182,0.998,0.998,1.102,-9.105,0.0,0.0,-0.454,-0.454,1.0,1.0,60.96,60.96,6.663,10.058,24.915,24.915,24.915,0.0,-30.527,-30.527,0.0,6.663,24.915,-1.4379267225302415
830,1_9,4_6_2_1,33.306,31.099,33.838,34.464,-21.51,-22.545,-22.718,-23.332,1.013,1.045,1.109,1.083,0.65,-7.568,-0.17,0.06,0.0,-0.2,0.231,0.222,-0.139,-0.269,1.5,1.0,2.25,1.08,185.535,98.427,60.96,642.238,0.895,1.103,-0.687,-9.217,0.06,0.42,0.317,-0.467,1.08,1.1,98.427,291.269,9.867,6.881,33.306,31.099,31.099,2.207,-22.718,-23.332,0.613,6.881,31.099,-0.815637226869246
579,3_6,6_3_2_9,35.386,37.473,36.959,39.551,-15.591,-16.091,-15.913,-17.346,1.133,0.84,0.907,1.032,-1.098,-8.449,0.0,0.42,0.06,-0.2,-0.519,0.256,0.396,0.005,1.0,1.08,2.25,1.1,60.96,291.269,98.427,642.238,0.973,1.133,1.54,-7.815,-0.27,0.0,0.121,-0.576,1.53,1.0,334.486,60.96,6.717,9.989,35.386,37.473,35.386,-2.087,-15.913,-17.346,1.433,6.717,35.386,-0.3842408704820065
968,1_7,2_1_3_1,31.588,30.695,31.555,31.837,-23.141,-29.816,-30.604,-30.439,0.964,1.106,1.02,0.989,-2.28,-8.628,0.66,0.06,0.66,0.06,0.242,0.248,0.306,-0.136,1.02,1.02,1.08,1.08,164.182,98.427,164.182,98.427,0.988,1.077,-0.192,-7.615,0.06,-0.01,0.249,-0.355,1.08,2.7,98.427,636.378,5.334,8.436,31.555,30.695,30.695,0.861,-30.604,-30.439,-0.165,5.334,30.695,-0.8562913271679268
162,1_9,4_2_4_2,44.151,47.627,46.393,47.266,-5.007,-5.763,-4.991,-5.726,1.232,0.84,1.046,0.949,-0.12,-8.185,-0.17,0.66,-0.2,-0.27,-0.453,0.301,0.427,-0.105,1.5,2.25,1.53,1.02,185.535,164.182,642.238,334.486,0.895,1.103,-0.687,-9.217,0.06,0.42,0.317,-0.467,1.08,1.1,98.427,291.269,9.097,7.498,44.151,47.266,44.151,-3.115,-5.007,-5.763,0.757,7.498,44.151,0.4977719738693235
908,4_5,3_3_1_6,36.135,34.667,38.161,36.593,-23.527,-25.092,-19.477,-26.117,1.016,1.087,1.095,0.924,-0.846,-7.668,-0.27,0.0,0.06,0.66,0.091,0.244,0.315,-0.24,1.53,1.08,1.02,1.0,334.486,60.96,98.427,164.182,0.999,1.017,1.462,-8.094,-0.17,-0.2,-0.228,-0.241,1.5,2.25,185.535,642.238,7.248,9.13,36.135,34.667,34.667,1.468,-23.527,-26.117,2.589,7.248,34.667,-0.4565930935383222
152,2_3,3_6_3_7,41.64,36.954,42.686,38.841,-7.954,-2.754,-12.465,-5.3,0.985,1.157,0.984,1.105,-0.446,-6.881,-0.27,-0.01,0.0,0.06,0.186,0.227,-0.43,0.435,1.53,1.0,1.08,2.7,334.486,636.378,60.96,98.427,1.209,0.871,0.011,-8.258,0.66,-0.27,-0.5,0.238,1.02,1.53,164.182,334.486,7.812,6.892,41.64,36.954,36.954,4.686,-12.465,-5.3,-7.164,6.892,36.954,-0.22645465942178022
801,2_2,1_3_6_2,32.508,32.508,32.777,32.777,-22.461,-22.461,-22.631,-22.631,0.987,1.091,0.923,1.072,-1.351,-8.24,0.06,0.66,0.06,0.0,0.219,0.24,0.283,-0.208,1.08,1.08,1.0,1.02,98.427,164.182,98.427,60.96,0.978,0.978,-1.736,-9.745,0.66,0.66,-0.268,-0.268,1.02,1.02,164.182,164.182,8.394,6.505,32.508,32.508,32.508,0.0,-22.631,-22.631,0.0,6.505,32.508,-0.6738510206295396
993,1_8,1_1_3_1,32.582,34.217,33.127,34.278,-25.029,-25.657,-33.988,-34.818,0.871,1.173,0.98,1.064,-0.837,-8.658,0.06,0.06,0.66,0.06,0.385,0.255,-0.337,0.318,1.08,1.02,1.08,1.08,98.427,98.427,164.182,98.427,0.894,1.125,-0.239,-9.257,0.06,0.45,0.324,-0.475,1.08,1.75,98.427,467.957,8.42,8.418,32.582,34.217,32.582,-1.635,-33.988,-34.818,0.83,8.418,32.582,-0.666404477505524
755,5_7,1_3_1_5,53.071,42.92,53.692,43.464,6.341,-17.502,-1.618,-21.367,1.062,0.995,1.133,0.854,-0.891,-8.317,0.06,-0.2,0.06,0.66,0.179,0.24,0.326,-0.253,1.08,1.08,1.02,2.25,98.427,642.238,98.427,164.182,1.04,1.094,0.231,-7.776,-0.2,-0.01,-0.199,-0.259,2.25,2.7,642.238,636.378,6.885,8.548,53.071,42.92,42.92,10.152,-1.618,-21.367,19.75,6.885,42.92,0.3738977227117093
111,6_7,5_2_4_8,53.845,53.042,53.747,52.571,2.545,2.374,5.312,-1.533,1.005,1.027,0.827,1.21,0.156,-7.9,-0.2,0.45,-0.2,-0.27,-0.192,0.241,-0.057,0.438,2.25,2.25,1.53,1.75,642.238,467.957,642.238,334.486,1.0,1.0,-0.294,-7.636,0.0,-0.01,-0.429,-0.25,1.0,2.7,60.96,636.378,7.791,7.606,53.747,52.571,52.571,1.176,2.545,-1.533,4.079,7.606,52.571,1.3450678266289575
226,3_7,2_3_1_4,35.457,26.85,36.952,28.397,-7.977,-7.029,-8.491,-8.311,1.15,0.901,1.158,0.799,-1.5,-8.592,0.66,-0.17,0.06,0.66,-0.445,0.316,0.531,-0.278,1.02,1.08,1.02,1.5,164.182,185.535,98.427,164.182,0.967,1.124,0.024,-7.025,-0.27,-0.01,0.156,-0.362,1.53,2.7,334.486,636.378,5.525,8.617,35.457,26.85,26.85,8.607,-8.491,-8.311,-0.18,5.525,26.85,-1.2432096827333419
688,5_7,3_4_1_6,36.909,39.264,36.397,39.625,-23.89,-14.452,-26.134,-19.89,0.979,1.119,1.094,1.003,-0.681,-7.41,-0.27,0.0,-0.27,0.66,0.124,0.236,0.193,-0.223,1.53,1.53,1.02,1.0,334.486,60.96,334.486,164.182,1.04,1.094,0.231,-7.776,-0.2,-0.01,-0.199,-0.259,2.25,2.7,642.238,636.378,7.095,7.641,36.397,39.264,36.397,-2.868,-26.134,-19.89,-6.245,7.095,36.397,-0.2825049907741696
103,2_5,1_2_2_7,70.579,81.096,65.241,72.266,12.884,33.079,10.137,-0.541,1.103,1.094,0.994,1.053,0.27,-7.822,0.06,-0.01,-0.2,-0.2,0.232,0.221,-0.125,-0.004,1.08,2.25,2.25,2.7,98.427,636.378,642.238,642.238,1.102,0.862,-0.393,-8.926,0.66,-0.2,-0.389,-0.1,1.02,2.25,164.182,642.238,9.196,7.429,65.241,72.266,65.241,-7.025,10.137,-0.541,10.678,7.429,65.241,2.6200367642138236
421,1_2,2_1_4_2,37.721,38.514,39.524,39.188,-13.179,-12.646,-20.949,-13.876,1.017,1.043,0.937,1.127,-2.402,-8.792,0.66,0.66,0.66,-0.27,-0.218,0.326,-0.139,0.405,1.02,1.02,1.53,1.02,164.182,164.182,164.182,334.486,0.884,1.149,-0.36,-9.308,0.06,0.66,0.34,-0.479,1.08,1.02,98.427,164.182,6.906,8.432,37.721,38.514,37.721,-0.793,-20.949,-13.876,-7.073,6.906,37.721,-0.1492722462309683
419,6_7,5_1_4_7,36.621,31.387,41.563,33.708,-9.323,-10.751,-17.531,-13.857,0.95,1.11,1.011,1.052,-0.934,-7.255,-0.2,-0.01,0.66,-0.27,-0.069,0.266,-0.235,0.333,2.25,1.02,1.53,2.7,642.238,636.378,164.182,334.486,1.0,1.0,-0.294,-7.636,0.0,-0.01,-0.429,-0.25,1.0,2.7,60.96,636.378,6.701,6.961,36.621,31.387,31.387,5.234,-17.531,-13.857,-3.674,6.701,31.387,-0.7866560860622656
750,2_9,3_2_6_3,23.928,25.918,26.466,25.998,-15.234,-14.727,-13.441,-21.267,0.992,1.071,1.153,1.07,0.936,-6.74,-0.27,-0.27,-0.2,0.0,0.12,0.217,-0.128,-0.348,1.53,2.25,1.0,1.53,334.486,334.486,642.238,60.96,0.993,0.929,-1.74,-9.532,0.66,0.42,-0.296,-0.254,1.02,1.1,164.182,291.269,10.468,5.0,23.928,25.918,23.928,-1.99,-15.234,-21.267,6.033,5.0,23.928,-1.5372475071708303
586,3_9,1_3_3_7,40.016,40.309,41.561,41.977,-17.369,-13.943,-17.82,-17.552,1.057,1.001,1.027,1.039,-0.778,-7.534,0.06,-0.01,0.06,0.06,0.188,0.242,0.257,0.366,1.08,1.08,1.08,2.7,98.427,636.378,98.427,98.427,0.875,1.158,-0.377,-8.19,-0.27,0.42,0.224,-0.481,1.53,1.1,334.486,291.269,7.412,7.157,40.016,40.309,40.016,-0.293,-17.82,-17.552,-0.269,7.157,40.016,0.08167121957465677
780,2_6,5_1_4_1,34.149,32.188,32.845,32.711,-21.461,-25.557,-21.937,-22.123,1.047,1.063,1.117,0.919,-0.709,-8.034,-0.2,0.06,0.66,-0.27,0.204,0.233,0.209,-0.237,2.25,1.02,1.53,1.08,642.238,98.427,164.182,334.486,1.071,0.882,-0.457,-9.433,0.66,0.0,-0.38,-0.33,1.02,1.0,164.182,60.96,8.724,7.577,32.845,32.188,32.188,0.657,-21.937,-25.557,3.62,7.577,32.188,-0.7060522881928512
672,3_8,1_3_1_3,41.234,35.245,41.617,38.448,-10.619,-10.51,-13.526,-19.416,1.082,0.938,1.232,0.847,-0.437,-8.017,0.06,-0.27,0.06,0.66,0.165,0.238,0.325,-0.358,1.08,1.08,1.02,1.53,98.427,334.486,98.427,164.182,0.88,1.182,0.092,-8.147,-0.27,0.45,0.225,-0.489,1.53,1.75,334.486,467.957,7.709,8.108,41.234,35.245,35.245,5.989,-13.526,-19.416,5.891,7.709,35.245,-0.3984295540020912
119,2_9,3_2_4_9,41.135,39.127,40.836,40.995,-0.733,-1.263,-9.497,-2.371,0.971,1.122,0.855,1.184,-0.467,-7.55,-0.27,0.42,-0.2,-0.27,0.184,0.233,-0.2,0.421,1.53,2.25,1.53,1.1,334.486,291.269,642.238,334.486,0.993,0.929,-1.74,-9.532,0.66,0.42,-0.296,-0.254,1.02,1.1,164.182,291.269,9.065,5.81,40.836,39.127,39.127,1.709,-9.497,-2.371,-7.126,5.81,39.127,-0.00778792687466766
53,1_8,4_2_2_3,67.198,65.042,65.265,61.763,10.802,9.29,6.401,7.757,1.015,1.072,1.094,1.143,1.29,-7.168,-0.17,-0.27,-0.2,-0.2,0.121,0.219,-0.117,-0.034,1.5,2.25,2.25,1.53,185.535,334.486,642.238,642.238,0.894,1.125,-0.239,-9.257,0.06,0.45,0.324,-0.475,1.08,1.75,98.427,467.957,10.547,6.929,65.265,61.763,61.763,3.503,6.401,7.757,-1.356,6.929,61.763,2.2700492373850816
151,7_9,3_4_4_7,35.336,39.356,38.944,40.92,1.782,-0.834,-4.882,-5.275,1.049,1.072,0.976,1.109,-0.282,-6.683,-0.27,-0.01,-0.27,-0.27,0.104,0.236,0.153,0.291,1.53,1.53,1.53,2.7,334.486,636.378,334.486,334.486,0.939,1.048,-1.088,-8.015,-0.01,0.42,-0.156,-0.35,2.7,1.1,636.378,291.269,7.733,5.594,35.336,39.356,35.336,-4.02,-4.882,-5.275,0.393,5.594,35.336,-0.38927231853877436
403,3_8,5_3_1_5,42.783,41.585,45.404,44.276,-6.754,-6.663,-14.029,-13.33,0.86,1.124,0.977,1.057,-0.826,-7.995,-0.2,-0.2,0.06,0.66,-0.063,0.267,-0.244,0.415,2.25,1.08,1.02,2.25,642.238,642.238,98.427,164.182,0.88,1.182,0.092,-8.147,-0.27,0.45,0.225,-0.489,1.53,1.75,334.486,467.957,7.32,8.087,42.783,41.585,41.585,1.198,-14.029,-13.33,-0.7,7.32,41.585,0.2395580595960189
945,1_9,6_3_2_1,39.316,34.232,39.057,37.53,-21.034,-21.536,-21.026,-28.765,0.975,1.079,0.887,1.12,0.499,-8.169,0.0,0.06,0.06,-0.2,0.272,0.229,-0.197,0.405,1.0,1.08,2.25,1.08,60.96,98.427,98.427,642.238,0.895,1.103,-0.687,-9.217,0.06,0.42,0.317,-0.467,1.08,1.1,98.427,291.269,9.716,7.482,39.057,34.232,34.232,4.825,-21.034,-28.765,7.732,7.482,34.232,-0.500366691632199
207,3_8,4_6_3_2,35.555,42.486,36.713,42.449,-5.408,-5.806,-13.172,-7.615,1.172,0.899,1.087,0.899,-1.013,-8.146,-0.17,0.66,0.0,0.06,-0.475,0.307,0.516,-0.361,1.5,1.0,1.08,1.02,185.535,164.182,60.96,98.427,0.88,1.182,0.092,-8.147,-0.27,0.45,0.225,-0.489,1.53,1.75,334.486,467.957,7.134,8.237,35.555,42.449,35.555,-6.894,-13.172,-7.615,-5.557,7.134,35.555,-0.36723457605013293
658,4_6,6_3_2_2,37.711,37.387,37.033,38.117,-18.291,-18.721,-18.482,-19.064,1.076,0.902,0.867,1.119,-0.929,-8.559,0.0,0.66,0.06,-0.2,-0.35,0.305,0.02,0.392,1.0,1.08,2.25,1.02,60.96,164.182,98.427,642.238,0.975,1.037,1.376,-8.571,-0.17,0.0,-0.226,-0.472,1.5,1.0,185.535,60.96,7.642,9.935,37.033,37.387,37.033,-0.354,-18.482,-19.064,0.582,7.642,37.033,-0.2185049714920876
843,1_7,3_6_4_4,32.712,38.535,34.977,38.073,-16.728,-16.105,-17.671,-23.88,1.059,1.169,1.02,1.066,0.769,-6.995,-0.27,-0.17,0.0,-0.27,0.162,0.222,-0.408,0.279,1.53,1.0,1.53,1.5,334.486,185.535,60.96,334.486,0.988,1.077,-0.192,-7.615,0.06,-0.01,0.249,-0.355,1.08,2.7,98.427,636.378,8.384,6.803,32.712,38.073,32.712,-5.361,-17.671,-23.88,6.209,6.803,32.712,-0.6533227125579284
762,1_8,3_6_3_8,32.853,37.178,34.224,39.547,-10.079,-11.0,-20.775,-21.506,0.912,1.165,0.892,1.174,-0.657,-7.606,-0.27,0.45,0.0,0.06,0.225,0.233,-0.449,0.51,1.53,1.0,1.08,1.75,334.486,467.957,60.96,98.427,0.894,1.125,-0.239,-9.257,0.06,0.45,0.324,-0.475,1.08,1.75,98.427,467.957,8.6,7.367,32.853,37.178,32.853,-4.325,-20.775,-21.506,0.731,7.367,32.853,-0.6391340290378444
8,2_5,2_2_2_2,77.196,74.233,76.81,22.834,30.874,28.593,22.307,24.414,1.156,0.987,0.986,1.155,-0.583,-8.849,0.66,0.66,-0.2,-0.2,-0.373,0.301,0.086,0.086,1.02,2.25,2.25,1.02,164.182,164.182,642.238,642.238,1.102,0.862,-0.393,-8.926,0.66,-0.2,-0.389,-0.1,1.02,2.25,164.182,642.238,8.342,8.456,76.81,22.834,22.834,53.976,22.307,24.414,-2.107,8.342,22.834,-1.6473355906529017
807,1_9,2_4_1_6,35.481,33.473,36.366,35.007,-17.901,-25.01,-26.206,-22.755,1.155,0.921,1.117,0.958,-1.305,-8.483,0.66,0.0,-0.27,0.66,-0.435,0.307,0.419,-0.251,1.02,1.53,1.02,1.0,164.182,60.96,334.486,164.182,0.895,1.103,-0.687,-9.217,0.06,0.42,0.317,-0.467,1.08,1.1,98.427,291.269,7.911,7.796,35.481,33.473,33.473,2.008,-26.206,-25.01,-1.196,7.796,33.473,-0.5767440731339286
36,2_7,5_3_2_5,48.409,51.026,49.943,52.078,4.386,6.065,7.75,11.006,0.968,1.027,0.785,1.157,0.731,-7.724,-0.2,-0.2,0.06,-0.2,-0.179,0.241,-0.088,0.414,2.25,1.08,2.25,2.25,642.238,642.238,98.427,642.238,1.095,0.903,-1.149,-8.015,0.66,-0.01,-0.373,-0.136,1.02,2.7,164.182,636.378,8.746,6.575,48.409,51.026,48.409,-2.618,4.386,6.065,-1.68,6.575,48.409,0.9262500903836371
452,5_8,5_1_3_2,39.243,49.196,41.003,58.934,-14.354,4.866,-16.899,-14.862,1.142,0.922,1.15,0.782,-1.678,-8.481,-0.2,0.66,0.66,0.06,-0.445,0.313,0.533,-0.265,2.25,1.02,1.08,1.02,642.238,164.182,164.182,98.427,0.871,1.076,-0.346,-8.89,-0.2,0.45,-0.115,-0.378,2.25,1.75,642.238,467.957,7.211,8.135,39.243,49.196,39.243,-9.953,-16.899,-14.862,-2.037,7.211,39.243,0.0038850326170327357
651,1_5,4_3_6_4,43.612,44.046,44.839,45.667,-8.618,-8.213,-18.821,-18.908,1.057,1.018,1.075,0.987,0.269,-7.513,-0.17,-0.17,0.06,0.0,-0.306,0.254,0.385,-0.334,1.5,1.08,1.0,1.5,185.535,185.535,98.427,60.96,1.011,1.054,1.418,-8.429,0.06,-0.2,0.22,-0.329,1.08,2.25,98.427,642.238,8.698,8.931,43.612,44.046,43.612,-0.435,-18.821,-18.908,0.087,8.698,43.612,0.44353296381737045
253,1_7,2_3_2_9,40.191,41.613,40.659,40.97,-8.742,-6.858,-10.485,-9.098,1.201,0.792,0.934,1.003,-1.562,-8.768,0.66,0.42,0.06,-0.2,-0.444,0.317,0.515,-0.014,1.02,1.08,2.25,1.1,164.182,291.269,98.427,642.238,0.988,1.077,-0.192,-7.615,0.06,-0.01,0.249,-0.355,1.08,2.7,98.427,636.378,6.053,8.576,40.191,40.97,40.191,-0.779,-10.485,-9.098,-1.388,6.053,40.191,0.09928128777334319
303,2_7,2_1_1_5,36.239,38.579,38.418,40.272,-6.951,-2.869,-8.283,-10.546,1.017,1.013,1.138,0.833,-2.175,-8.867,0.66,-0.2,0.66,0.66,-0.253,0.32,-0.066,-0.201,1.02,1.02,1.02,2.25,164.182,642.238,164.182,164.182,1.095,0.903,-1.149,-8.015,0.66,-0.01,-0.373,-0.136,1.02,2.7,164.182,636.378,5.84,7.717,36.239,38.579,36.239,-2.34,-8.283,-10.546,2.263,5.84,36.239,-0.29840436663355474
746,8_9,1_1_4_3,27.233,26.729,30.412,30.23,-21.185,-20.768,-30.936,-21.154,1.011,1.13,1.131,0.993,-0.526,-7.491,0.06,-0.27,0.66,-0.27,0.354,0.248,-0.314,0.202,1.08,1.02,1.53,1.53,98.427,334.486,164.182,334.486,0.968,0.942,-1.586,-9.126,0.45,0.42,-0.289,-0.275,1.75,1.1,467.957,291.269,8.6,5.905,27.233,26.729,26.729,0.504,-30.936,-21.154,-9.782,5.905,26.729,-1.2553857870307192
571,5_9,2_6_6_1,40.1,39.966,41.035,40.599,-17.547,-17.263,-16.908,-17.093,0.949,1.098,0.921,1.113,-1.001,-8.259,0.66,0.06,0.0,0.0,0.294,0.226,-0.394,-0.148,1.02,1.0,1.0,1.08,164.182,98.427,60.96,60.96,0.876,1.056,-0.708,-8.875,-0.2,0.42,-0.122,-0.373,2.25,1.1,642.238,291.269,7.874,7.551,40.1,39.966,39.966,0.134,-17.547,-17.263,-0.284,7.551,39.966,0.07663977151788963
623,7_9,1_1_3_3,34.539,34.124,33.752,35.48,-13.445,-14.01,-21.429,-18.291,0.903,1.157,1.039,1.038,-0.676,-7.797,0.06,-0.27,0.66,0.06,0.366,0.251,-0.33,0.319,1.08,1.02,1.08,1.53,98.427,334.486,164.182,98.427,0.939,1.048,-1.088,-8.015,-0.01,0.42,-0.156,-0.35,2.7,1.1,636.378,291.269,7.339,6.709,33.752,34.124,33.752,-0.372,-21.429,-18.291,-3.138,6.709,33.752,-0.5486685929771661
732,2_8,1_2_1_1,36.829,35.854,35.676,35.207,-17.555,-18.903,-20.591,-20.762,0.978,1.134,1.085,0.998,-0.415,-8.438,0.06,0.06,-0.2,0.66,0.354,0.248,-0.273,-0.13,1.08,2.25,1.02,1.08,98.427,98.427,642.238,164.182,0.99,0.949,-1.494,-9.69,0.66,0.45,-0.29,-0.26,1.02,1.75,164.182,467.957,9.275,6.943,35.676,35.207,35.207,0.469,-20.591,-20.762,0.172,6.943,35.207,-0.4022534545252341
891,6_8,4_4_1_7,29.919,28.971,30.896,29.324,-17.223,-16.675,-26.434,-25.637,1.055,1.02,1.106,0.912,-1.309,-7.505,-0.17,-0.01,-0.27,0.66,-0.24,0.254,0.284,-0.213,1.5,1.53,1.02,2.7,185.535,636.378,334.486,164.182,0.895,1.043,-0.348,-9.411,0.0,0.45,-0.35,-0.368,1.0,1.75,60.96,467.957,8.102,7.157,29.919,28.971,28.971,0.948,-26.434,-25.637,-0.796,7.157,28.971,-1.0297756561652676
262,1_7,3_3_2_3,42.111,42.703,42.257,41.837,-9.281,-9.086,-20.705,-9.441,0.962,1.115,0.867,1.112,0.935,-7.05,-0.27,-0.27,0.06,-0.2,0.166,0.229,-0.195,0.325,1.53,1.08,2.25,1.53,334.486,334.486,98.427,642.238,0.988,1.077,-0.192,-7.615,0.06,-0.01,0.249,-0.355,1.08,2.7,98.427,636.378,8.549,6.858,42.111,41.837,41.837,0.274,-20.705,-9.441,-11.264,6.858,41.837,0.264916557802127
610,1_9,3_6_3_7,28.79,34.287,32.603,36.943,-7.733,-8.751,-12.425,-17.946,0.985,1.157,0.984,1.105,-0.446,-6.881,-0.27,-0.01,0.0,0.06,0.186,0.227,-0.43,0.435,1.53,1.0,1.08,2.7,334.486,636.378,60.96,98.427,0.895,1.103,-0.687,-9.217,0.06,0.42,0.317,-0.467,1.08,1.1,98.427,291.269,8.771,6.194,28.79,34.287,28.79,-5.497,-12.425,-17.946,5.52,6.194,28.79,-1.0479894981307658
297,4_8,3_2_4_1,38.508,45.126,39.091,43.454,-9.084,-8.505,-20.32,-10.398,1.136,0.963,1.115,0.971,1.071,-7.316,-0.27,0.06,-0.2,-0.27,0.164,0.225,0.208,-0.183,1.53,2.25,1.53,1.08,334.486,98.427,642.238,334.486,0.873,1.087,-0.165,-8.898,-0.17,0.45,-0.122,-0.391,1.5,1.75,185.535,467.957,9.969,7.15,38.508,43.454,38.508,-4.945,-20.32,-10.398,-9.922,7.15,38.508,-0.07007725381744838
414,4_7,1_1_2_4,40.433,39.883,40.563,38.999,-11.732,-11.542,-12.651,-13.647,1.014,1.12,1.049,0.98,-0.269,-8.186,0.06,-0.17,0.66,-0.2,0.345,0.244,-0.272,-0.044,1.08,1.02,2.25,1.5,98.427,185.535,164.182,642.238,0.988,1.057,0.019,-7.55,-0.17,-0.01,-0.201,-0.267,1.5,2.7,185.535,636.378,7.281,8.204,40.433,38.999,38.999,1.434,-12.651,-13.647,0.996,7.281,38.999,-0.020668433899992286
150,1_9,5_2_6_7,37.258,36.261,42.085,39.712,-5.073,-8.085,-3.733,-5.227,1.007,1.004,1.062,1.112,-0.31,-7.073,-0.2,-0.01,-0.2,0.0,-0.207,0.233,-0.042,-0.21,2.25,2.25,1.0,2.7,642.238,636.378,642.238,60.96,0.895,1.103,-0.687,-9.217,0.06,0.42,0.317,-0.467,1.08,1.1,98.427,291.269,8.907,6.386,37.258,36.261,36.261,0.997,-5.073,-8.085,3.012,6.386,36.261,-0.29619052948857655
788,3_3,4_4_1_8,35.761,35.761,34.829,34.829,-25.806,-25.806,-22.378,-22.378,0.992,1.052,1.011,0.991,-1.691,-8.111,-0.17,0.45,-0.27,0.66,-0.206,0.259,0.27,-0.131,1.5,1.53,1.02,1.75,185.535,467.957,334.486,164.182,1.074,1.074,1.92,-7.114,-0.27,-0.27,0.023,0.023,1.53,1.53,334.486,334.486,5.424,10.031,34.829,34.829,34.829,0.0,-25.806,-25.806,0.0,5.424,34.829,-0.44029120183439585
640,6_7,2_3_4_4,35.096,35.754,35.35,37.419,-10.383,-10.578,-10.451,-18.587,1.181,0.847,1.072,0.946,-0.949,-8.036,0.66,-0.17,0.06,-0.27,-0.453,0.314,0.482,0.2,1.02,1.08,1.53,1.5,164.182,185.535,98.427,334.486,1.0,1.0,-0.294,-7.636,0.0,-0.01,-0.429,-0.25,1.0,2.7,60.96,636.378,6.686,7.742,35.096,35.754,35.096,-0.658,-10.451,-18.587,8.135,6.686,35.096,-0.4134232692112582
889,6_8,3_4_3_6,28.148,32.563,28.798,33.323,-16.702,-18.195,-25.009,-25.627,0.989,1.119,0.873,1.127,0.386,-7.24,-0.27,0.0,-0.27,0.06,0.115,0.236,0.135,0.362,1.53,1.53,1.08,1.0,334.486,60.96,334.486,98.427,0.895,1.043,-0.348,-9.411,0.0,0.45,-0.35,-0.368,1.0,1.75,60.96,467.957,9.797,6.892,28.148,32.563,28.148,-4.415,-25.009,-25.627,0.618,6.892,28.148,-1.1125932911796594
550,7_7,2_1_6_7,35.753,35.753,36.343,36.343,-6.027,-6.027,-16.603,-16.603,1.041,1.0,1.047,0.932,-2.132,-7.726,0.66,-0.01,0.66,0.0,-0.283,0.312,-0.088,-0.259,1.02,1.02,1.0,2.7,164.182,636.378,164.182,60.96,1.002,1.002,-0.542,-7.282,-0.01,-0.01,-0.228,-0.228,2.7,2.7,636.378,636.378,5.15,7.184,35.753,35.753,35.753,0.0,-16.603,-16.603,0.0,5.15,35.753,-0.34731004174533386
886,4_7,1_4_6_2,36.444,33.432,36.28,36.09,-14.351,-15.002,-23.829,-25.561,0.994,1.072,1.056,1.161,-1.026,-8.033,0.06,0.66,-0.27,0.0,0.223,0.233,0.171,-0.188,1.08,1.53,1.0,1.02,98.427,164.182,334.486,60.96,0.988,1.057,0.019,-7.55,-0.17,-0.01,-0.201,-0.267,1.5,2.7,185.535,636.378,6.524,8.052,36.28,33.432,33.432,2.848,-23.829,-25.561,1.731,6.524,33.432,-0.5808698605404776
488,2_5,1_4_4_7,41.444,44.408,41.119,45.79,-15.851,1.318,-16.546,-15.563,1.099,1.01,1.011,1.07,-0.408,-7.07,0.06,-0.01,-0.27,-0.27,0.197,0.232,0.155,0.282,1.08,1.53,1.53,2.7,98.427,636.378,334.486,334.486,1.102,0.862,-0.393,-8.926,0.66,-0.2,-0.389,-0.1,1.02,2.25,164.182,642.238,8.518,6.677,41.119,44.408,41.119,-3.289,-16.546,-15.563,-0.983,6.677,41.119,0.19266496370694636
147,5_5,4_6_6_3,59.617,59.617,61.456,61.456,1.345,1.345,-4.849,-4.849,0.978,1.109,1.064,1.051,0.569,-6.995,-0.17,-0.27,0.0,0.0,0.141,0.216,-0.368,-0.275,1.5,1.0,1.0,1.53,185.535,334.486,60.96,60.96,1.004,1.004,1.342,-8.123,-0.2,-0.2,-0.226,-0.226,2.25,2.25,642.238,642.238,8.692,8.337,59.617,59.617,59.617,0.0,-4.849,-4.849,0.0,8.337,59.617,2.0540994867886235
146,5_5,3_6_6_8,56.512,56.512,61.151,61.151,-0.41,-0.41,-4.763,-4.763,0.911,1.14,0.897,1.112,-0.726,-7.323,-0.27,0.45,0.0,0.0,0.211,0.225,-0.402,-0.153,1.53,1.0,1.0,1.75,334.486,467.957,60.96,60.96,1.004,1.004,1.342,-8.123,-0.2,-0.2,-0.226,-0.226,2.25,2.25,642.238,642.238,7.397,8.664,56.512,56.512,56.512,0.0,-4.763,-4.763,0.0,7.397,56.512,1.7416465624633666
720,2_2,3_3_6_5,28.992,28.992,31.32,31.32,-19.697,-19.697,-20.584,-20.584,1.038,1.085,1.095,1.034,0.396,-7.125,-0.27,-0.2,0.06,0.0,0.045,0.233,0.318,-0.329,1.53,1.08,1.0,2.25,334.486,642.238,98.427,60.96,0.978,0.978,-1.736,-9.745,0.66,0.66,-0.268,-0.268,1.02,1.02,164.182,164.182,10.141,5.389,28.992,28.992,28.992,0.0,-20.584,-20.584,0.0,5.389,28.992,-1.0276624479814251
931,4_4,1_3_3_2,35.159,35.159,35.473,35.473,-27.085,-27.085,-27.525,-27.525,0.986,1.085,0.913,1.14,-1.25,-8.642,0.06,0.66,0.06,0.06,0.229,0.249,0.244,0.457,1.08,1.08,1.08,1.02,98.427,164.182,98.427,98.427,1.012,1.013,1.714,-8.088,-0.17,-0.17,-0.243,-0.243,1.5,1.5,185.535,185.535,6.838,10.356,35.159,35.159,35.159,0.0,-27.525,-27.525,0.0,6.838,35.159,-0.407083644659731
739,4_6,2_1_4_9,33.103,31.169,30.436,31.953,-20.575,-20.467,-20.556,-20.941,1.018,1.036,0.944,1.057,-2.409,-8.827,0.66,0.42,0.66,-0.27,-0.222,0.324,-0.135,0.383,1.02,1.02,1.53,1.1,164.182,291.269,164.182,334.486,0.975,1.037,1.376,-8.571,-0.17,0.0,-0.226,-0.472,1.5,1.0,185.535,60.96,6.162,10.203,30.436,31.169,30.436,-0.733,-20.575,-20.941,0.367,6.162,30.436,-0.882354228101982
659,2_4,5_2_6_2,42.824,39.52,48.943,43.989,0.55,-4.772,-15.152,-19.09,1.181,1.039,1.017,0.963,-0.52,-7.942,-0.2,0.66,-0.2,0.0,-0.394,0.291,-0.122,-0.059,2.25,2.25,1.0,1.02,642.238,164.182,642.238,60.96,1.11,0.864,-0.212,-8.953,0.66,-0.17,-0.399,-0.107,1.02,1.5,164.182,185.535,8.433,7.73,42.824,39.52,39.52,3.304,-15.152,-19.09,3.938,7.73,39.52,0.031759254851524386
348,2_4,5_1_1_8,37.509,36.397,41.502,37.452,-5.275,-10.71,-5.791,-11.829,0.868,1.13,1.017,0.978,-1.933,-8.788,-0.2,0.45,0.66,0.66,-0.036,0.272,-0.195,-0.084,2.25,1.02,1.02,1.75,642.238,467.957,164.182,164.182,1.11,0.864,-0.212,-8.953,0.66,-0.17,-0.399,-0.107,1.02,1.5,164.182,185.535,7.02,8.576,37.509,36.397,36.397,1.112,-5.791,-11.829,6.038,7.02,36.397,-0.2825049907741696
463,3_3,4_2_1_8,41.316,41.316,42.219,42.219,-9.756,-9.756,-15.048,-15.048,1.018,1.06,1.001,1.028,-1.368,-8.282,-0.17,0.45,-0.2,0.66,-0.171,0.249,-0.049,-0.082,1.5,2.25,1.02,1.75,185.535,467.957,642.238,164.182,1.074,1.074,1.92,-7.114,-0.27,-0.27,0.023,0.023,1.53,1.53,334.486,334.486,5.746,10.202,41.316,41.316,41.316,0.0,-15.048,-15.048,0.0,5.746,41.316,0.2124888690506103
325,1_4,3_1_2_4,40.71,43.932,43.268,44.493,-12.621,-10.225,-13.691,-11.179,0.955,1.165,1.045,1.027,0.05,-7.607,-0.27,-0.17,0.66,-0.2,0.248,0.244,-0.285,-0.035,1.53,1.02,2.25,1.5,334.486,185.535,164.182,642.238,1.019,1.055,1.656,-8.44,0.06,-0.17,0.208,-0.334,1.08,1.5,98.427,185.535,8.49,9.263,40.71,43.932,40.71,-3.222,-13.691,-11.179,-2.513,8.49,40.71,0.1515077186025889
186,1_9,3_2_3_9,32.62,45.832,37.138,45.156,-4.487,-7.418,-6.212,-6.682,0.919,1.134,0.799,1.178,-0.764,-7.619,-0.27,0.42,-0.2,0.06,0.212,0.236,-0.216,0.515,1.53,2.25,1.08,1.1,334.486,291.269,642.238,98.427,0.895,1.103,-0.687,-9.217,0.06,0.42,0.317,-0.467,1.08,1.1,98.427,291.269,8.453,6.932,32.62,45.156,32.62,-12.536,-6.212,-7.418,1.205,6.932,32.62,-0.6625805769823812
123,4_4,4_6_6_5,43.281,43.281,46.646,46.646,-3.886,-3.886,-2.647,-2.647,1.008,1.044,1.044,1.007,0.419,-7.403,-0.17,-0.2,0.0,0.0,-0.21,0.232,-0.277,-0.278,1.5,1.0,1.0,2.25,185.535,642.238,60.96,60.96,1.012,1.013,1.714,-8.088,-0.17,-0.17,-0.243,-0.243,1.5,1.5,185.535,185.535,8.507,9.118,43.281,43.281,43.281,0.0,-3.886,-3.886,0.0,8.507,43.281,0.4102247776815698
853,6_6,1_6_6_3,32.082,32.082,32.082,32.082,-24.284,-24.284,-24.284,-24.284,1.036,1.104,1.119,0.976,0.596,-7.256,0.06,-0.27,0.0,0.0,0.225,0.216,-0.361,-0.369,1.08,1.0,1.0,1.53,98.427,334.486,60.96,60.96,0.998,0.998,1.102,-9.105,0.0,0.0,-0.454,-0.454,1.0,1.0,60.96,60.96,9.702,8.358,32.082,32.082,32.082,0.0,-24.284,-24.284,0.0,8.358,32.082,-0.7167189580731983
608,3_3,4_6_3_9,37.762,37.762,37.951,37.951,-17.105,-17.105,-17.933,-17.933,0.882,1.08,0.898,1.126,-1.16,-8.052,-0.17,0.42,0.0,0.06,-0.116,0.249,-0.361,0.505,1.5,1.0,1.08,1.1,185.535,291.269,60.96,98.427,1.074,1.074,1.92,-7.114,-0.27,-0.27,0.023,0.023,1.53,1.53,334.486,334.486,5.954,9.972,37.762,37.762,37.762,0.0,-17.933,-17.933,0.0,5.954,37.762,-0.14514645882441862
143,2_9,2_3_2_4,36.053,34.558,37.398,38.114,-6.414,-3.989,-5.995,-4.709,1.206,0.798,1.055,0.926,-0.556,-8.24,0.66,-0.17,0.06,-0.2,-0.47,0.311,0.528,-0.124,1.02,1.08,2.25,1.5,164.182,185.535,98.427,642.238,0.993,0.929,-1.74,-9.532,0.66,0.42,-0.296,-0.254,1.02,1.1,164.182,291.269,8.975,6.5,36.053,34.558,34.558,1.494,-6.414,-4.709,-1.706,6.5,34.558,-0.4675616503020754
958,6_8,1_4_3_3,32.874,28.782,31.817,31.201,-18.655,-18.365,-28.728,-29.716,1.026,1.068,0.945,1.072,0.6,-7.451,0.06,-0.27,-0.27,0.06,0.187,0.231,0.146,0.262,1.08,1.53,1.08,1.53,98.427,334.486,334.486,98.427,0.895,1.043,-0.348,-9.411,0.0,0.45,-0.35,-0.368,1.0,1.75,60.96,467.957,10.011,7.103,31.817,28.782,28.782,3.034,-28.728,-29.716,0.988,7.103,28.782,-1.0487945298198484
197,2_4,4_3_2_4,37.316,40.196,39.331,41.199,-8.045,-7.399,-8.082,-7.251,0.972,1.034,0.85,1.133,0.713,-7.656,-0.17,-0.17,0.06,-0.2,-0.185,0.244,-0.104,0.398,1.5,1.08,2.25,1.5,185.535,185.535,98.427,642.238,1.11,0.864,-0.212,-8.953,0.66,-0.17,-0.399,-0.107,1.02,1.5,164.182,185.535,9.665,7.444,37.316,40.196,37.316,-2.881,-8.082,-7.399,-0.683,7.444,37.316,-0.19002697549078384
609,1_2,4_6_6_7,31.936,30.91,33.593,32.748,-16.56,-16.366,-18.388,-17.938,1.052,1.09,0.995,1.012,-0.592,-7.024,-0.17,-0.01,0.0,0.0,-0.195,0.234,-0.288,-0.236,1.5,1.0,1.0,2.7,185.535,636.378,60.96,60.96,0.884,1.149,-0.36,-9.308,0.06,0.66,0.34,-0.479,1.08,1.02,98.427,164.182,8.716,6.664,31.936,30.91,30.91,1.026,-18.388,-17.938,-0.45,6.664,30.91,-0.8346561005238268
279,5_8,3_4_4_7,45.377,44.563,46.56,47.865,8.716,5.222,1.356,-10.017,1.049,1.072,0.976,1.109,-0.282,-6.683,-0.27,-0.01,-0.27,-0.27,0.104,0.236,0.153,0.291,1.53,1.53,1.53,2.7,334.486,636.378,334.486,334.486,0.871,1.076,-0.346,-8.89,-0.2,0.45,-0.115,-0.378,2.25,1.75,642.238,467.957,8.608,6.336,45.377,44.563,44.563,0.815,1.356,-10.017,11.373,6.336,44.563,0.539231105857087
293,2_8,4_2_3_7,34.66,33.004,34.233,34.398,-7.807,-8.319,-9.956,-10.295,0.994,1.048,0.913,1.116,-0.274,-7.232,-0.17,-0.01,-0.2,0.06,-0.176,0.246,-0.108,0.444,1.5,2.25,1.08,2.7,185.535,636.378,642.238,98.427,0.99,0.949,-1.494,-9.69,0.66,0.45,-0.29,-0.26,1.02,1.75,164.182,467.957,9.416,5.737,34.233,33.004,33.004,1.229,-9.956,-10.295,0.34,5.737,33.004,-0.6239390559064072
400,2_2,3_1_4_3,30.406,30.406,30.935,30.935,-11.595,-11.595,-13.261,-13.261,0.957,1.175,1.089,1.028,-0.167,-7.133,-0.27,-0.27,0.66,-0.27,0.262,0.247,-0.331,0.215,1.53,1.02,1.53,1.53,334.486,334.486,164.182,334.486,0.978,0.978,-1.736,-9.745,0.66,0.66,-0.268,-0.268,1.02,1.02,164.182,164.182,9.578,5.397,30.406,30.406,30.406,0.0,-13.261,-13.261,0.0,5.397,30.406,-0.8853730969360426
122,3_5,3_6_6_5,50.875,58.925,54.044,57.221,5.706,12.957,-5.648,-2.588,0.979,1.108,1.064,1.051,0.568,-7.0,-0.27,-0.2,0.0,0.0,0.14,0.216,-0.364,-0.272,1.53,1.0,1.0,2.25,334.486,642.238,60.96,60.96,0.998,1.101,1.621,-7.471,-0.27,-0.2,0.12,-0.333,1.53,2.25,334.486,642.238,8.039,8.621,50.875,57.221,50.875,-6.346,-5.648,-2.588,-3.06,8.039,50.875,1.1744011085434067
183,3_6,5_1_2_7,40.069,46.6,39.996,47.64,-6.705,-6.053,-7.212,-6.628,0.991,1.089,1.011,1.04,-0.37,-8.017,-0.2,-0.01,0.66,-0.2,-0.092,0.261,-0.186,-0.002,2.25,1.02,2.25,2.7,642.238,636.378,164.182,642.238,0.973,1.133,1.54,-7.815,-0.27,0.0,0.121,-0.576,1.53,1.0,334.486,60.96,7.445,9.557,39.996,46.6,39.996,-6.604,-7.212,-6.628,-0.584,7.445,39.996,0.0796586403519502
202,9_9,4_2_1_3,33.586,33.586,35.272,35.272,-4.129,-4.129,-7.429,-7.429,0.955,1.165,1.045,1.027,0.05,-7.607,-0.17,-0.27,-0.2,0.66,0.248,0.244,-0.285,-0.035,1.5,2.25,1.02,1.53,185.535,334.486,642.238,164.182,0.947,0.946,-1.736,-9.188,0.42,0.42,-0.281,-0.281,1.1,1.1,291.269,291.269,9.239,5.872,33.586,33.586,33.586,0.0,-7.429,-7.429,0.0,5.872,33.586,-0.5653730005256343
438,6_8,3_6_3_8,30.131,33.745,31.565,33.442,-11.764,-11.988,-18.618,-14.385,0.912,1.165,0.892,1.174,-0.657,-7.606,-0.27,0.45,0.0,0.06,0.225,0.233,-0.449,0.51,1.53,1.0,1.08,1.75,334.486,467.957,60.96,98.427,0.895,1.043,-0.348,-9.411,0.0,0.45,-0.35,-0.368,1.0,1.75,60.96,467.957,8.754,7.258,30.131,33.442,30.131,-3.311,-18.618,-14.385,-4.233,7.258,30.131,-0.9130460612482634
246,3_7,4_6_2_3,42.242,41.691,41.565,40.764,-6.272,-7.062,-9.65,-8.981,0.993,1.079,1.106,1.098,0.796,-6.916,-0.17,-0.27,0.0,-0.2,0.134,0.219,-0.138,-0.262,1.5,1.0,2.25,1.53,185.535,334.486,60.96,642.238,0.967,1.124,0.024,-7.025,-0.27,-0.01,0.156,-0.362,1.53,2.7,334.486,636.378,7.821,6.94,41.565,40.764,40.764,0.801,-9.65,-8.981,-0.669,6.94,40.764,0.15694168250389795
415,5_8,4_4_3_9,43.729,46.374,43.949,46.836,2.505,5.714,-14.683,-13.728,0.948,1.07,0.854,1.138,-1.11,-7.96,-0.17,0.42,-0.27,0.06,-0.195,0.26,0.201,0.469,1.5,1.53,1.08,1.1,185.535,291.269,334.486,98.427,0.871,1.076,-0.346,-8.89,-0.2,0.45,-0.115,-0.378,2.25,1.75,642.238,467.957,7.779,7.614,43.729,46.374,43.729,-2.645,-14.683,-13.728,-0.954,7.614,43.729,0.455306552270206
932,4_4,1_1_3_7,31.65,31.65,32.481,32.481,-22.871,-22.871,-27.533,-27.533,0.919,1.159,1.013,1.051,-1.105,-7.614,0.06,-0.01,0.66,0.06,0.381,0.253,-0.332,0.435,1.08,1.02,1.08,2.7,98.427,636.378,164.182,98.427,1.012,1.013,1.714,-8.088,-0.17,-0.17,-0.243,-0.243,1.5,1.5,185.535,185.535,6.984,9.328,31.65,31.65,31.65,0.0,-27.533,-27.533,0.0,6.984,31.65,-0.7601906692836691
765,5_9,1_3_4_7,45.834,40.583,45.569,41.513,2.614,-20.311,-20.877,-21.552,1.094,0.929,1.024,1.046,-0.574,-7.239,0.06,-0.01,0.06,-0.27,0.183,0.24,0.265,0.264,1.08,1.08,1.53,2.7,98.427,636.378,98.427,334.486,0.876,1.056,-0.708,-8.875,-0.2,0.42,-0.122,-0.373,2.25,1.1,642.238,291.269,8.301,6.53,45.569,40.583,40.583,4.986,-20.877,-21.552,0.675,6.53,40.583,0.1387278405383994
906,3_6,2_6_1_6,30.064,19.157,31.856,21.567,-25.804,-25.856,-26.459,-25.952,1.091,0.961,1.099,0.849,-1.616,-8.781,0.66,0.0,0.0,0.66,-0.343,0.298,-0.143,-0.219,1.02,1.0,1.02,1.0,164.182,60.96,60.96,164.182,0.973,1.133,1.54,-7.815,-0.27,0.0,0.121,-0.576,1.53,1.0,334.486,60.96,6.2,10.321,30.064,19.157,19.157,10.907,-26.459,-25.952,-0.507,6.2,19.157,-2.017348280747578
835,8_8,1_4_3_9,36.462,36.462,35.318,35.318,-15.843,-15.843,-23.523,-23.523,0.969,1.102,0.851,1.138,-1.205,-8.218,0.06,0.42,-0.27,0.06,0.25,0.24,0.127,0.459,1.08,1.53,1.08,1.1,98.427,291.269,334.486,98.427,0.949,1.031,-0.671,-9.446,0.45,0.45,-0.246,-0.325,1.75,1.75,467.957,467.957,8.241,7.547,35.318,35.318,35.318,0.0,-23.523,-23.523,0.0,7.547,35.318,-0.3910836398392107
887,5_6,1_4_1_9,36.478,31.196,34.771,33.28,-20.154,-21.556,-23.626,-25.598,0.986,1.096,1.023,0.982,-2.027,-8.404,0.06,0.42,-0.27,0.66,0.255,0.24,0.19,-0.139,1.08,1.53,1.02,1.1,98.427,291.269,334.486,164.182,0.973,1.035,1.346,-8.569,-0.2,0.0,-0.219,-0.469,2.25,1.0,642.238,60.96,6.542,9.751,34.771,31.196,31.196,3.575,-23.626,-25.598,1.972,6.542,31.196,-0.805876217639117
129,8_9,5_2_1_6,37.522,37.29,39.508,43.289,-9.905,-9.495,-5.41,-3.62,0.968,1.029,1.091,1.084,-0.329,-8.194,-0.2,0.0,-0.2,0.66,-0.183,0.241,-0.032,-0.176,2.25,2.25,1.02,1.0,642.238,60.96,642.238,164.182,0.968,0.942,-1.586,-9.126,0.45,0.42,-0.289,-0.275,1.75,1.1,467.957,291.269,8.797,6.608,37.522,37.29,37.29,0.231,-9.905,-9.495,-0.409,6.608,37.29,-0.19264332848030324
637,4_9,4_6_2_5,42.498,40.36,47.726,42.344,-2.302,-3.562,-18.446,-18.546,1.109,1.112,0.998,1.014,0.841,-7.405,-0.17,-0.2,0.0,-0.2,-0.225,0.233,-0.257,-0.039,1.5,1.0,2.25,2.25,185.535,642.238,60.96,642.238,0.875,1.066,-0.546,-8.904,-0.17,0.42,-0.127,-0.385,1.5,1.1,185.535,291.269,9.744,6.859,42.498,40.36,40.36,2.138,-18.446,-18.546,0.1,6.859,40.36,0.11628758220521679
402,2_7,1_2_1_2,39.403,37.501,38.739,38.326,-9.971,-12.283,-12.977,-13.285,0.979,1.091,1.013,1.059,-1.743,-8.647,0.06,0.66,-0.2,0.66,0.293,0.236,-0.142,-0.071,1.08,2.25,1.02,1.02,98.427,164.182,642.238,164.182,1.095,0.903,-1.149,-8.015,0.66,-0.01,-0.373,-0.136,1.02,2.7,164.182,636.378,6.272,7.498,38.739,37.501,37.501,1.238,-12.977,-13.285,0.308,6.272,37.501,-0.17141061768074486
784,4_6,2_2_3_1,35.351,35.585,36.391,34.832,-22.082,-22.209,-22.99,-22.232,1.091,0.939,0.914,1.082,-1.031,-8.442,0.66,0.06,-0.2,0.06,0.188,0.241,0.302,0.016,1.02,2.25,1.08,1.08,164.182,98.427,642.238,98.427,0.975,1.037,1.376,-8.571,-0.17,0.0,-0.226,-0.472,1.5,1.0,185.535,60.96,7.539,9.817,35.351,34.832,34.832,0.518,-22.99,-22.232,-0.758,7.539,34.832,-0.4399893149509898
770,7_9,1_3_6_7,35.564,31.828,34.081,35.147,-9.728,-10.802,-15.12,-21.724,1.087,0.984,1.033,0.974,-0.822,-7.391,0.06,-0.01,0.06,0.0,0.159,0.233,0.305,-0.302,1.08,1.08,1.0,2.7,98.427,636.378,98.427,60.96,0.939,1.048,-1.088,-8.015,-0.01,0.42,-0.156,-0.35,2.7,1.1,636.378,291.269,7.193,6.303,34.081,31.828,31.828,2.252,-15.12,-21.724,6.603,6.303,31.828,-0.742278714201577
735,6_6,3_6_4_9,34.823,34.823,34.8,34.8,-20.843,-20.843,-20.841,-20.841,0.955,1.172,0.87,1.193,-0.65,-7.344,-0.27,0.42,0.0,-0.27,0.225,0.232,-0.443,0.421,1.53,1.0,1.53,1.1,334.486,291.269,60.96,334.486,0.998,0.998,1.102,-9.105,0.0,0.0,-0.454,-0.454,1.0,1.0,60.96,60.96,8.455,8.446,34.8,34.8,34.8,0.0,-20.843,-20.843,0.0,8.446,34.8,-0.4432094417073213
913,1_4,3_3_2_7,41.362,45.778,43.34,43.534,-12.786,-7.588,-14.136,-26.347,1.069,0.985,1.013,1.034,0.347,-7.325,-0.27,-0.01,0.06,-0.2,0.05,0.236,0.323,-0.072,1.53,1.08,2.25,2.7,334.486,636.378,98.427,642.238,1.019,1.055,1.656,-8.44,0.06,-0.17,0.208,-0.334,1.08,1.5,98.427,185.535,8.787,8.981,41.362,43.534,41.362,-2.172,-14.136,-26.347,12.211,8.787,41.362,0.21711780126283625
219,4_7,3_6_2_9,37.256,37.83,37.942,39.44,-4.829,-4.093,-8.618,-8.155,0.995,1.15,0.875,1.117,-0.877,-7.333,-0.27,0.42,0.0,-0.2,0.197,0.226,-0.383,0.074,1.53,1.0,2.25,1.1,334.486,291.269,60.96,642.238,0.988,1.057,0.019,-7.55,-0.17,-0.01,-0.201,-0.267,1.5,2.7,185.535,636.378,6.673,7.352,37.256,37.83,37.256,-0.574,-8.618,-8.155,-0.463,6.673,37.256,-0.196064713158905
641,8_8,2_6_4_3,34.038,34.038,31.441,31.441,-16.473,-16.473,-18.587,-18.587,1.158,0.996,1.113,0.943,-0.887,-7.295,0.66,-0.27,0.0,-0.27,-0.393,0.29,-0.177,0.157,1.02,1.0,1.53,1.53,164.182,334.486,60.96,334.486,0.949,1.031,-0.671,-9.446,0.45,0.45,-0.246,-0.325,1.75,1.75,467.957,467.957,8.56,6.624,31.441,31.441,31.441,0.0,-18.587,-18.587,0.0,6.624,31.441,-0.7812221221609569
915,2_7,1_1_3_6,32.926,32.322,34.099,32.615,-27.129,-27.342,-21.107,-26.487,0.857,1.172,1.024,1.05,-1.053,-8.39,0.06,0.0,0.66,0.06,0.388,0.252,-0.336,0.411,1.08,1.02,1.08,1.0,98.427,60.96,164.182,98.427,1.095,0.903,-1.149,-8.015,0.66,-0.01,-0.373,-0.136,1.02,2.7,164.182,636.378,6.962,7.24,32.926,32.322,32.322,0.603,-27.129,-27.342,0.213,6.962,32.322,-0.6925680074007144
752,4_5,4_3_1_2,39.056,38.16,39.322,40.019,-7.582,-22.493,-21.323,-21.319,0.995,1.012,1.045,0.978,-2.102,-8.456,-0.17,0.66,0.06,0.66,-0.256,0.319,-0.13,0.381,1.5,1.08,1.02,1.02,185.535,164.182,98.427,164.182,0.999,1.017,1.462,-8.094,-0.17,-0.2,-0.228,-0.241,1.5,2.25,185.535,642.238,5.991,9.918,39.056,38.16,38.16,0.896,-21.323,-22.493,1.169,5.991,38.16,-0.10509613229255028
806,4_9,6_3_2_6,35.655,32.864,34.818,34.27,-16.147,-16.315,-22.734,-22.751,0.997,1.014,0.959,1.093,0.194,-8.114,0.0,0.0,0.06,-0.2,-0.41,0.239,-0.103,0.401,1.0,1.08,2.25,1.0,60.96,60.96,98.427,642.238,0.875,1.066,-0.546,-8.904,-0.17,0.42,-0.127,-0.385,1.5,1.1,185.535,291.269,9.097,7.568,34.818,32.864,32.864,1.954,-22.734,-22.751,0.017,7.568,32.864,-0.6380271104653561
919,4_4,1_4_2_7,49.392,49.392,46.33,46.33,-4.365,-4.365,-26.707,-26.707,1.109,0.966,1.005,1.01,0.294,-7.841,0.06,-0.01,-0.27,-0.2,0.186,0.227,0.2,-0.054,1.08,1.53,2.25,2.7,98.427,636.378,334.486,642.238,1.012,1.013,1.714,-8.088,-0.17,-0.17,-0.243,-0.243,1.5,1.5,185.535,185.535,8.382,9.555,46.33,46.33,46.33,0.0,-26.707,-26.707,0.0,8.382,46.33,0.7170424801832475
624,7_7,4_6_4_6,39.264,39.264,39.484,39.484,-9.673,-9.673,-18.3,-18.3,1.096,1.141,0.987,1.091,0.416,-7.57,-0.17,0.0,0.0,-0.27,-0.178,0.24,-0.328,0.288,1.5,1.0,1.53,1.0,185.535,60.96,60.96,334.486,1.002,1.002,-0.542,-7.282,-0.01,-0.01,-0.228,-0.228,2.7,2.7,636.378,636.378,7.698,7.029,39.264,39.264,39.264,0.0,-18.3,-18.3,0.0,7.029,39.264,0.0059982408008751355
874,6_8,1_6_4_8,32.966,33.565,32.223,33.889,-25.965,-15.844,-25.61,-25.144,1.02,1.149,0.888,1.188,-0.446,-7.84,0.06,0.45,0.0,-0.27,0.301,0.231,-0.427,0.412,1.08,1.0,1.53,1.75,98.427,467.957,60.96,334.486,0.895,1.043,-0.348,-9.411,0.0,0.45,-0.35,-0.368,1.0,1.75,60.96,467.957,8.965,7.492,32.223,33.565,32.223,-1.342,-25.965,-25.144,-0.821,7.492,32.223,-0.7025302745531143
760,6_6,2_6_6_8,31.414,31.414,30.979,30.979,-21.472,-21.472,-21.471,-21.471,1.079,0.943,0.925,1.017,-1.695,-8.591,0.66,0.45,0.0,0.0,-0.341,0.296,-0.166,-0.191,1.02,1.0,1.0,1.75,164.182,467.957,60.96,60.96,0.998,0.998,1.102,-9.105,0.0,0.0,-0.454,-0.454,1.0,1.0,60.96,60.96,7.41,9.693,30.979,30.979,30.979,0.0,-21.472,-21.472,0.0,7.41,30.979,-0.8277127022054879
386,7_8,4_1_2_9,39.424,39.235,38.493,40.738,-7.847,-10.235,-10.67,-12.895,1.032,1.107,0.904,1.052,-1.062,-8.492,-0.17,0.42,0.66,-0.2,-0.08,0.266,-0.211,0.08,1.5,1.02,2.25,1.1,185.535,291.269,164.182,642.238,0.918,1.064,-0.93,-7.913,-0.01,0.45,-0.153,-0.358,2.7,1.75,636.378,467.957,6.85,7.562,38.493,39.235,38.493,-0.742,-10.67,-12.895,2.225,6.85,38.493,-0.07158668823447867
972,1_8,1_4_2_1,41.662,39.027,40.445,40.019,-20.157,-20.089,-23.822,-30.71,0.997,1.077,1.035,1.08,0.891,-7.976,0.06,0.06,-0.27,-0.2,0.258,0.227,-0.175,0.199,1.08,1.53,2.25,1.08,98.427,98.427,334.486,642.238,0.894,1.125,-0.239,-9.257,0.06,0.45,0.324,-0.475,1.08,1.75,98.427,467.957,10.148,7.736,40.445,39.027,39.027,1.418,-23.822,-30.71,6.887,7.736,39.027,-0.017850822988202657
509,5_6,5_3_3_6,41.345,46.544,40.978,48.521,-21.421,0.168,-13.926,-15.863,1.022,1.018,0.986,1.066,-0.035,-8.041,-0.2,0.0,0.06,0.06,-0.261,0.268,0.34,0.351,2.25,1.08,1.08,1.0,642.238,60.96,98.427,98.427,0.973,1.035,1.346,-8.569,-0.2,0.0,-0.219,-0.469,2.25,1.0,642.238,60.96,8.534,9.387,40.978,46.544,40.978,-5.566,-21.421,-15.863,-5.558,8.534,40.978,0.1784762801868624
267,3_9,1_2_4_3,45.109,40.957,47.294,42.51,-6.62,-2.974,-15.354,-9.678,1.065,1.084,1.101,1.028,1.028,-7.229,0.06,-0.27,-0.2,-0.27,0.245,0.224,-0.168,0.203,1.08,2.25,1.53,1.53,98.427,334.486,642.238,334.486,0.875,1.158,-0.377,-8.19,-0.27,0.42,0.224,-0.481,1.53,1.1,334.486,291.269,9.218,6.852,45.109,40.957,40.957,4.153,-15.354,-9.678,-5.676,6.852,40.957,0.17636307200301998
819,4_9,2_3_1_2,32.476,31.547,33.364,32.391,-13.869,-14.939,-21.888,-23.144,0.93,1.037,0.949,1.083,-2.795,-9.076,0.66,0.66,0.06,0.66,-0.204,0.325,-0.152,0.508,1.02,1.08,1.02,1.02,164.182,164.182,98.427,164.182,0.875,1.066,-0.546,-8.904,-0.17,0.42,-0.127,-0.385,1.5,1.1,185.535,291.269,6.109,8.529,32.476,31.547,31.547,0.929,-21.888,-23.144,1.256,6.109,31.547,-0.7705554522806097
441,7_7,3_1_3_3,40.3,40.3,40.741,40.741,-3.009,-3.009,-14.439,-14.439,0.878,1.212,0.982,1.063,-0.297,-7.407,-0.27,-0.27,0.66,0.06,0.273,0.25,-0.349,0.33,1.53,1.02,1.08,1.53,334.486,334.486,164.182,98.427,1.002,1.002,-0.542,-7.282,-0.01,-0.01,-0.228,-0.228,2.7,2.7,636.378,636.378,6.985,6.866,40.3,40.3,40.3,0.0,-14.439,-14.439,0.0,6.866,40.3,0.11024984453709565
496,3_6,5_1_4_4,34.384,39.353,34.596,40.765,-16.073,-14.314,-16.233,-15.709,1.032,1.036,1.11,0.92,-0.621,-7.772,-0.2,-0.17,0.66,-0.27,-0.248,0.253,0.287,-0.231,2.25,1.02,1.53,1.5,642.238,185.535,164.182,334.486,0.973,1.133,1.54,-7.815,-0.27,0.0,0.121,-0.576,1.53,1.0,334.486,60.96,7.194,9.312,34.384,39.353,34.384,-4.968,-16.233,-15.709,-0.524,7.194,34.384,-0.48507108953962597
112,6_9,1_2_2_1,56.612,57.28,58.313,51.31,0.234,-0.684,-1.534,-1.584,1.092,1.085,1.085,1.092,1.085,-8.181,0.06,0.06,-0.2,-0.2,0.238,0.224,-0.124,-0.124,1.08,2.25,2.25,1.08,98.427,98.427,642.238,642.238,0.896,1.023,-0.657,-9.131,0.0,0.42,-0.355,-0.364,1.0,1.1,60.96,291.269,10.215,7.524,56.612,51.31,51.31,5.302,-1.534,-1.584,0.05,7.524,51.31,1.2181747066372837
691,6_9,1_6_4_9,33.798,36.168,36.935,37.19,-19.05,-9.751,-19.792,-19.935,1.002,1.146,0.881,1.168,-0.824,-7.852,0.06,0.42,0.0,-0.27,0.311,0.232,-0.432,0.413,1.08,1.0,1.53,1.1,98.427,291.269,60.96,334.486,0.896,1.023,-0.657,-9.131,0.0,0.42,-0.355,-0.364,1.0,1.1,60.96,291.269,8.307,7.194,33.798,36.168,33.798,-2.37,-19.792,-19.935,0.143,7.194,33.798,-0.54403966076494
232,2_4,1_4_2_7,44.455,49.704,41.704,45.18,-20.054,-2.911,-9.868,-8.484,1.109,0.966,1.005,1.01,0.294,-7.841,0.06,-0.01,-0.27,-0.2,0.186,0.227,0.2,-0.054,1.08,1.53,2.25,2.7,98.427,636.378,334.486,642.238,1.11,0.864,-0.212,-8.953,0.66,-0.17,-0.399,-0.107,1.02,1.5,164.182,185.535,9.247,7.628,41.704,45.18,41.704,-3.476,-20.054,-8.484,-11.569,7.628,41.704,0.2515329059711253
869,4_8,1_6_1_2,31.513,31.756,32.793,33.644,-18.464,-18.039,-21.255,-24.828,0.974,1.128,0.996,1.017,-1.946,-8.713,0.06,0.66,0.0,0.66,0.315,0.234,-0.374,-0.086,1.08,1.0,1.02,1.02,98.427,164.182,60.96,164.182,0.873,1.087,-0.165,-8.898,-0.17,0.45,-0.122,-0.391,1.5,1.75,185.535,467.957,6.952,8.548,31.513,31.756,31.513,-0.243,-21.255,-24.828,3.573,6.952,31.513,-0.7739768369592115
607,1_9,3_6_6_5,28.858,34.736,35.157,37.801,-14.892,-11.754,-17.151,-17.873,0.979,1.108,1.064,1.051,0.568,-7.0,-0.27,-0.2,0.0,0.0,0.14,0.216,-0.364,-0.272,1.53,1.0,1.0,2.25,334.486,642.238,60.96,60.96,0.895,1.103,-0.687,-9.217,0.06,0.42,0.317,-0.467,1.08,1.1,98.427,291.269,9.784,6.313,28.858,34.736,28.858,-5.878,-17.151,-17.873,0.721,6.313,28.858,-1.041146728773562
671,2_4,1_3_4_9,38.281,42.262,39.988,39.915,-21.469,-17.559,-21.029,-19.35,1.063,0.958,0.924,1.109,-1.086,-8.261,0.06,0.42,0.06,-0.27,0.218,0.247,0.252,0.342,1.08,1.08,1.53,1.1,98.427,291.269,98.427,334.486,1.11,0.864,-0.212,-8.953,0.66,-0.17,-0.399,-0.107,1.02,1.5,164.182,185.535,7.867,8.049,38.281,39.915,38.281,-1.633,-21.469,-19.35,-2.12,7.867,38.281,-0.09292002799517289
373,1_9,4_2_3_8,35.519,40.117,40.209,41.577,-9.303,-12.378,-22.648,-12.586,0.954,1.051,0.811,1.175,-0.39,-8.147,-0.17,0.45,-0.2,0.06,-0.156,0.25,-0.118,0.518,1.5,2.25,1.08,1.75,185.535,467.957,642.238,98.427,0.895,1.103,-0.687,-9.217,0.06,0.42,0.317,-0.467,1.08,1.1,98.427,291.269,8.827,7.459,35.519,40.117,35.519,-4.598,-22.648,-12.586,-10.063,7.459,35.519,-0.37085721865100557
981,5_8,1_4_1_6,37.058,35.72,36.094,36.521,-31.901,-16.842,-32.421,-32.31,1.005,1.088,1.105,0.971,-0.825,-8.21,0.06,0.0,-0.27,0.66,0.217,0.234,0.197,-0.232,1.08,1.53,1.02,1.0,98.427,60.96,334.486,164.182,0.871,1.076,-0.346,-8.89,-0.2,0.45,-0.115,-0.378,2.25,1.75,642.238,467.957,8.064,7.863,36.094,35.72,35.72,0.373,-32.421,-32.31,-0.111,7.863,35.72,-0.3506307974628005
842,4_4,1_6_3_7,36.98,36.98,37.523,37.523,-19.393,-19.393,-23.841,-23.841,1.022,1.133,1.003,1.073,-0.608,-7.295,0.06,-0.01,0.0,0.06,0.28,0.227,-0.422,0.425,1.08,1.0,1.08,2.7,98.427,636.378,60.96,98.427,1.012,1.013,1.714,-8.088,-0.17,-0.17,-0.243,-0.243,1.5,1.5,185.535,185.535,7.48,9.009,36.98,36.98,36.98,0.0,-23.841,-23.841,0.0,7.48,36.98,-0.22383830643226152
233,2_9,2_4_4_1,36.614,37.525,37.549,36.946,-7.818,-9.068,-17.539,-8.49,1.029,1.078,0.907,1.193,-0.664,-7.961,0.66,0.06,-0.27,-0.27,0.235,0.239,0.138,0.373,1.02,1.53,1.53,1.08,164.182,98.427,334.486,334.486,0.993,0.929,-1.74,-9.532,0.66,0.42,-0.296,-0.254,1.02,1.1,164.182,291.269,8.868,6.221,36.614,36.946,36.614,-0.332,-17.539,-9.068,-8.471,6.221,36.614,-0.2606685062077991
785,1_1,3_6_2_9,35.039,35.039,36.61,36.61,-19.921,-19.921,-22.272,-22.272,0.995,1.15,0.875,1.117,-0.877,-7.333,-0.27,0.42,0.0,-0.2,0.197,0.226,-0.383,0.074,1.53,1.0,2.25,1.1,334.486,291.269,60.96,642.238,1.061,1.061,1.545,-8.806,0.06,0.06,0.124,0.124,1.08,1.08,98.427,98.427,7.929,8.878,35.039,35.039,35.039,0.0,-22.272,-22.272,0.0,7.929,35.039,-0.4191591199959726
676,5_6,1_3_2_9,40.946,40.399,40.337,39.602,-10.593,-16.539,-27.498,-19.605,1.102,0.91,0.917,1.038,-1.21,-8.329,0.06,0.42,0.06,-0.2,0.182,0.239,0.304,0.001,1.08,1.08,2.25,1.1,98.427,291.269,98.427,642.238,0.973,1.035,1.346,-8.569,-0.2,0.0,-0.219,-0.469,2.25,1.0,642.238,60.96,7.359,9.675,40.337,39.602,39.602,0.735,-27.498,-19.605,-7.893,7.359,39.602,0.04001082966462232
317,1_5,4_2_4_5,60.126,66.202,59.153,63.306,7.161,15.184,-13.726,-11.027,0.988,1.021,0.836,1.176,1.045,-7.557,-0.17,-0.2,-0.2,-0.27,-0.201,0.24,-0.08,0.302,1.5,2.25,1.53,2.25,185.535,642.238,642.238,334.486,1.011,1.054,1.418,-8.429,0.06,-0.2,0.22,-0.329,1.08,2.25,98.427,642.238,9.474,8.975,59.153,63.306,59.153,-4.153,-13.726,-11.027,-2.699,8.975,59.153,2.0074076488218218
648,5_9,1_4_3_7,45.575,39.818,44.451,41.359,0.483,-19.108,-18.926,-18.787,1.102,1.009,1.006,1.056,-0.58,-7.351,0.06,-0.01,-0.27,0.06,0.155,0.237,0.161,0.404,1.08,1.53,1.08,2.7,98.427,636.378,334.486,98.427,0.876,1.056,-0.708,-8.875,-0.2,0.42,-0.122,-0.373,2.25,1.1,642.238,291.269,8.295,6.643,44.451,39.818,39.818,4.633,-18.926,-19.108,0.182,6.643,39.818,0.061746685269857715
410,6_6,2_2_4_2,42.093,42.093,42.093,42.093,-13.442,-13.442,-13.442,-13.442,1.088,0.937,0.886,1.207,-1.068,-8.436,0.66,0.66,-0.2,-0.27,-0.34,0.308,0.021,0.414,1.02,2.25,1.53,1.02,164.182,164.182,642.238,334.486,0.998,0.998,1.102,-9.105,0.0,0.0,-0.454,-0.454,1.0,1.0,60.96,60.96,8.038,9.539,42.093,42.093,42.093,0.0,-13.442,-13.442,0.0,8.038,42.093,0.2906775718527762
898,2_4,4_3_1_6,32.879,31.769,33.206,32.832,-17.444,-25.67,-24.808,-25.766,1.029,1.019,1.098,0.883,-0.93,-8.195,-0.17,0.0,0.06,0.66,-0.265,0.264,0.391,-0.241,1.5,1.08,1.02,1.0,185.535,60.96,98.427,164.182,1.11,0.864,-0.212,-8.953,0.66,-0.17,-0.399,-0.107,1.02,1.5,164.182,185.535,8.022,7.983,32.879,31.769,31.769,1.11,-24.808,-25.766,0.958,7.983,31.769,-0.7482158229085626
709,8_8,4_6_1_8,31.398,31.398,31.85,31.85,-18.546,-18.546,-20.275,-20.275,0.963,1.09,0.991,0.991,-1.651,-8.327,-0.17,0.45,0.0,0.66,-0.139,0.247,-0.286,-0.098,1.5,1.0,1.02,1.75,185.535,467.957,60.96,164.182,0.949,1.031,-0.671,-9.446,0.45,0.45,-0.246,-0.325,1.75,1.75,467.957,467.957,7.795,7.656,31.398,31.398,31.398,0.0,-20.275,-20.275,0.0,7.656,31.398,-0.7855491674897768
358,3_9,1_3_2_9,38.007,37.645,39.929,40.21,-11.204,-10.137,-11.492,-12.103,1.102,0.91,0.917,1.038,-1.21,-8.329,0.06,0.42,0.06,-0.2,0.182,0.239,0.304,0.001,1.08,1.08,2.25,1.1,98.427,291.269,98.427,642.238,0.875,1.158,-0.377,-8.19,-0.27,0.42,0.224,-0.481,1.53,1.1,334.486,291.269,6.98,7.951,38.007,37.645,37.645,0.362,-11.492,-12.103,0.611,6.98,37.645,-0.15692004727725412
258,2_8,2_3_1_7,35.124,34.634,35.415,35.828,-8.293,-12.943,-10.862,-9.36,1.163,0.885,1.151,0.836,-2.056,-8.01,0.66,-0.01,0.06,0.66,-0.446,0.315,0.529,-0.256,1.02,1.08,1.02,2.7,164.182,636.378,98.427,164.182,0.99,0.949,-1.494,-9.69,0.66,0.45,-0.29,-0.26,1.02,1.75,164.182,467.957,7.634,6.515,35.124,34.634,34.634,0.489,-10.862,-12.943,2.081,6.515,34.634,-0.4599138492557889
744,6_8,2_6_4_4,28.641,31.905,28.303,29.482,-18.899,-19.635,-20.223,-21.151,1.152,1.025,1.041,0.972,-0.95,-7.796,0.66,-0.17,0.0,-0.27,-0.366,0.294,-0.18,0.244,1.02,1.0,1.53,1.5,164.182,185.535,60.96,334.486,0.895,1.043,-0.348,-9.411,0.0,0.45,-0.35,-0.368,1.0,1.75,60.96,467.957,8.461,7.447,28.303,29.482,28.303,-1.179,-20.223,-21.151,0.928,7.447,28.303,-1.0969958022036803
627,8_8,4_1_1_9,32.387,32.387,33.662,33.662,-17.631,-17.631,-18.414,-18.414,0.848,1.142,1.015,0.957,-2.138,-8.79,-0.17,0.42,0.66,0.66,-0.035,0.273,-0.211,-0.088,1.5,1.02,1.02,1.1,185.535,291.269,164.182,164.182,0.949,1.031,-0.671,-9.446,0.45,0.45,-0.246,-0.325,1.75,1.75,467.957,467.957,7.308,8.119,32.387,32.387,32.387,0.0,-18.414,-18.414,0.0,7.308,32.387,-0.686027124926917
632,3_4,2_6_2_5,45.623,45.812,48.72,51.19,-3.088,-1.368,5.657,-18.446,1.181,1.039,1.017,0.963,-0.52,-7.942,0.66,-0.2,0.0,-0.2,-0.394,0.291,-0.122,-0.059,1.02,1.0,2.25,2.25,164.182,642.238,60.96,642.238,1.007,1.095,1.831,-7.467,-0.27,-0.17,0.106,-0.335,1.53,1.5,334.486,185.535,6.947,9.773,45.623,45.812,45.623,-0.19,-3.088,-18.446,15.358,6.947,45.623,0.6458978046605559
282,3_5,3_1_4_7,43.314,46.582,42.458,46.862,2.811,2.203,-13.3,-10.047,0.934,1.188,1.002,1.077,-0.65,-7.075,-0.27,-0.01,0.66,-0.27,0.279,0.249,-0.338,0.339,1.53,1.02,1.53,2.7,334.486,636.378,164.182,334.486,0.998,1.101,1.621,-7.471,-0.27,-0.2,0.12,-0.333,1.53,2.25,334.486,642.238,6.821,8.696,42.458,46.582,42.458,-4.124,-13.3,-10.047,-3.253,6.821,42.458,0.3274071426671779
376,2_8,4_4_3_5,33.877,32.169,34.933,35.418,-8.951,-9.818,-19.46,-12.602,1.015,1.047,0.879,1.108,0.428,-7.521,-0.17,-0.2,-0.27,0.06,-0.251,0.253,0.226,0.36,1.5,1.53,1.08,2.25,185.535,642.238,334.486,98.427,0.99,0.949,-1.494,-9.69,0.66,0.45,-0.29,-0.26,1.02,1.75,164.182,467.957,10.119,6.026,33.877,32.169,32.169,1.708,-19.46,-12.602,-6.858,6.026,32.169,-0.7079642384544234
384,3_7,3_4_4_7,44.861,46.35,56.772,44.899,-0.18,1.881,-11.955,-12.823,1.049,1.072,0.976,1.109,-0.282,-6.683,-0.27,-0.01,-0.27,-0.27,0.104,0.236,0.153,0.291,1.53,1.53,1.53,2.7,334.486,636.378,334.486,334.486,0.967,1.124,0.024,-7.025,-0.27,-0.01,0.156,-0.362,1.53,2.7,334.486,636.378,6.744,6.707,44.861,44.899,44.861,-0.038,-11.955,-12.823,0.868,6.707,44.861,0.5692185362754203
224,3_7,5_1_1_1,37.486,38.336,39.581,35.6,-7.573,-10.459,-14.465,-8.294,0.932,1.15,1.127,0.88,-1.042,-8.674,-0.2,0.06,0.66,0.66,0.375,0.252,-0.268,-0.188,2.25,1.02,1.02,1.08,642.238,98.427,164.182,164.182,0.967,1.124,0.024,-7.025,-0.27,-0.01,0.156,-0.362,1.53,2.7,334.486,636.378,5.983,8.698,37.486,35.6,35.6,1.886,-14.465,-10.459,-4.007,5.983,35.6,-0.36270627279904205
953,1_7,1_1_3_8,32.784,30.469,33.674,31.082,-28.015,-26.143,-28.798,-29.528,0.826,1.184,0.935,1.108,-1.54,-8.644,0.06,0.45,0.66,0.06,0.415,0.258,-0.342,0.516,1.08,1.02,1.08,1.75,98.427,467.957,164.182,98.427,0.988,1.077,-0.192,-7.615,0.06,-0.01,0.249,-0.355,1.08,2.7,98.427,636.378,6.075,8.452,32.784,30.469,30.469,2.315,-28.798,-29.528,0.73,6.075,30.469,-0.8790334723845155
814,5_9,1_4_2_7,54.71,47.54,51.722,46.447,-12.014,-17.893,-21.192,-22.983,1.109,0.966,1.005,1.01,0.294,-7.841,0.06,-0.01,-0.27,-0.2,0.186,0.227,0.2,-0.054,1.08,1.53,2.25,2.7,98.427,636.378,334.486,642.238,0.876,1.056,-0.708,-8.875,-0.2,0.42,-0.122,-0.373,2.25,1.1,642.238,291.269,9.169,7.133,51.722,46.447,46.447,5.275,-21.192,-22.983,1.791,7.133,46.447,0.7288160686360836
472,3_8,2_6_6_1,37.828,32.632,38.043,33.755,-12.232,-11.931,-20.076,-15.16,0.949,1.098,0.921,1.113,-1.001,-8.259,0.66,0.06,0.0,0.0,0.294,0.226,-0.394,-0.148,1.02,1.0,1.0,1.08,164.182,98.427,60.96,60.96,0.88,1.182,0.092,-8.147,-0.27,0.45,0.225,-0.489,1.53,1.75,334.486,467.957,7.145,8.351,37.828,32.632,32.632,5.197,-20.076,-15.16,-4.916,7.145,32.632,-0.6613730294487569
347,4_9,3_1_2_1,37.449,39.431,39.29,42.532,-11.232,-9.955,-12.08,-11.72,1.041,1.079,1.184,0.928,-0.073,-7.794,-0.27,0.06,0.66,-0.2,0.251,0.227,-0.123,-0.287,1.53,1.02,2.25,1.08,334.486,98.427,164.182,642.238,0.875,1.066,-0.546,-8.904,-0.17,0.42,-0.127,-0.385,1.5,1.1,185.535,291.269,8.83,7.248,37.449,39.431,37.449,-1.983,-12.08,-11.72,-0.36,7.248,37.449,-0.17664332365978294
505,7_8,3_3_1_5,35.141,34.628,37.466,37.265,-10.003,-10.972,-20.505,-15.802,1.038,1.05,1.119,0.903,-0.727,-7.546,-0.27,-0.2,0.06,0.66,0.076,0.242,0.327,-0.245,1.53,1.08,1.02,2.25,334.486,642.238,98.427,164.182,0.918,1.064,-0.93,-7.913,-0.01,0.45,-0.153,-0.358,2.7,1.75,636.378,467.957,7.186,6.616,35.141,34.628,34.628,0.513,-20.505,-15.802,-4.703,6.616,34.628,-0.46051762302260096
639,6_7,1_1_2_2,36.024,30.779,35.851,31.953,-17.135,-17.749,-18.727,-18.579,0.968,1.143,0.918,1.093,-1.076,-8.759,0.06,0.66,0.66,-0.2,0.377,0.253,-0.286,0.085,1.08,1.02,2.25,1.02,98.427,164.182,164.182,642.238,1.0,1.0,-0.294,-7.636,0.0,-0.01,-0.429,-0.25,1.0,2.7,60.96,636.378,6.56,8.465,35.851,30.779,30.779,5.072,-18.727,-18.579,-0.148,6.56,30.779,-0.8478384944325575
987,1_1,3_2_1_6,39.322,39.322,38.131,38.131,-25.911,-25.911,-33.968,-33.968,0.96,1.116,1.091,1.052,-0.366,-7.547,-0.27,0.0,-0.2,0.66,0.167,0.23,-0.137,-0.177,1.53,2.25,1.02,1.0,334.486,60.96,642.238,164.182,1.061,1.061,1.545,-8.806,0.06,0.06,0.124,0.124,1.08,1.08,98.427,98.427,8.44,9.092,38.131,38.131,38.131,0.0,-33.968,-33.968,0.0,8.44,38.131,-0.10801437216547502
928,1_1,4_2_1_6,38.308,38.308,38.48,38.48,-29.09,-29.09,-27.477,-27.477,0.974,1.04,1.088,1.027,-0.362,-8.132,-0.17,0.0,-0.2,0.66,-0.185,0.246,-0.047,-0.179,1.5,2.25,1.02,1.0,185.535,60.96,642.238,164.182,1.061,1.061,1.545,-8.806,0.06,0.06,0.124,0.124,1.08,1.08,98.427,98.427,8.444,9.677,38.308,38.308,38.308,0.0,-29.09,-29.09,0.0,8.444,38.308,-0.09020304604451837
905,1_1,3_6_2_2,35.937,35.937,37.086,37.086,-19.079,-19.079,-25.95,-25.95,1.158,0.88,1.15,0.988,-0.683,-7.428,-0.27,0.66,0.0,-0.2,-0.416,0.291,0.081,-0.385,1.53,1.0,2.25,1.02,334.486,164.182,60.96,642.238,1.061,1.061,1.545,-8.806,0.06,0.06,0.124,0.124,1.08,1.08,98.427,98.427,8.123,8.974,35.937,35.937,35.937,0.0,-25.95,-25.95,0.0,8.123,35.937,-0.32879431289642996
619,6_8,3_3_1_7,27.858,29.32,30.458,28.944,-17.715,-15.823,-23.493,-18.163,1.052,1.027,1.116,0.923,-1.387,-7.304,-0.27,-0.01,0.06,0.66,0.083,0.243,0.324,-0.228,1.53,1.08,1.02,2.7,334.486,636.378,98.427,164.182,0.895,1.043,-0.348,-9.411,0.0,0.45,-0.35,-0.368,1.0,1.75,60.96,467.957,8.024,6.955,27.858,28.944,27.858,-1.085,-23.493,-18.163,-5.33,6.955,27.858,-1.1417756899089104
855,1_9,1_3_3_2,37.49,37.914,37.652,38.846,-24.249,-23.097,-24.18,-24.425,0.986,1.085,0.913,1.14,-1.25,-8.642,0.06,0.66,0.06,0.06,0.229,0.249,0.244,0.457,1.08,1.08,1.08,1.02,98.427,164.182,98.427,98.427,0.895,1.103,-0.687,-9.217,0.06,0.42,0.317,-0.467,1.08,1.1,98.427,291.269,7.967,7.954,37.49,37.914,37.49,-0.425,-24.249,-24.425,0.176,7.954,37.49,-0.17251753625323327
803,1_8,5_1_1_6,33.878,33.546,35.541,34.38,-19.816,-22.315,-20.937,-22.663,0.854,1.127,1.095,0.927,-1.198,-8.636,-0.2,0.0,0.66,0.66,-0.057,0.268,-0.193,-0.178,2.25,1.02,1.02,1.0,642.238,60.96,164.182,164.182,0.894,1.125,-0.239,-9.257,0.06,0.45,0.324,-0.475,1.08,1.75,98.427,467.957,8.059,8.397,33.878,33.546,33.546,0.333,-20.937,-22.663,1.726,8.059,33.546,-0.5693981589710482
645,4_8,4_1_3_2,33.472,35.877,34.053,38.344,-11.201,-10.467,-18.802,-18.683,1.15,0.901,1.158,0.799,-1.5,-8.592,-0.17,0.66,0.66,0.06,-0.445,0.316,0.531,-0.278,1.5,1.02,1.08,1.02,185.535,164.182,164.182,98.427,0.873,1.087,-0.165,-8.898,-0.17,0.45,-0.122,-0.391,1.5,1.75,185.535,467.957,7.398,8.427,33.472,35.877,33.472,-2.406,-18.802,-18.683,-0.12,7.398,33.472,-0.5768447020950638
846,3_4,1_3_6_3,40.422,38.617,40.903,40.055,-21.774,-19.451,-23.479,-24.103,1.058,1.009,1.164,0.982,0.496,-7.532,0.06,-0.27,0.06,0.0,0.134,0.231,0.31,-0.431,1.08,1.08,1.0,1.53,98.427,334.486,98.427,60.96,1.007,1.095,1.831,-7.467,-0.27,-0.17,0.106,-0.335,1.53,1.5,334.486,185.535,7.963,9.362,40.422,38.617,38.617,1.805,-23.479,-24.103,0.624,7.963,38.617,-0.05910869705369593
556,4_8,3_3_4_7,36.95,36.584,37.69,39.911,-3.819,-4.61,-18.348,-16.729,1.066,0.991,1.007,1.078,-0.42,-6.892,-0.27,-0.01,0.06,-0.27,0.084,0.243,0.264,0.273,1.53,1.08,1.53,2.7,334.486,636.378,98.427,334.486,0.873,1.087,-0.165,-8.898,-0.17,0.45,-0.122,-0.391,1.5,1.75,185.535,467.957,8.478,6.727,36.95,36.584,36.584,0.365,-18.348,-16.729,-1.618,6.727,36.584,-0.2636873750418589
957,1_6,1_6_6_4,33.638,33.753,34.41,34.74,-30.556,-28.124,-27.429,-29.682,1.008,1.083,1.058,1.012,0.415,-7.671,0.06,-0.17,0.0,0.0,0.239,0.217,-0.367,-0.283,1.08,1.0,1.0,1.5,98.427,185.535,60.96,60.96,0.983,1.082,1.33,-8.949,0.06,0.0,0.223,-0.568,1.08,1.0,98.427,60.96,9.364,9.001,33.638,33.753,33.638,-0.115,-30.556,-29.682,-0.874,9.001,33.638,-0.5601402945465962
577,2_9,3_3_2_6,27.199,26.471,28.267,28.562,-14.028,-16.671,-17.172,-17.303,1.057,1.054,1.014,1.039,0.419,-7.302,-0.27,0.0,0.06,-0.2,0.061,0.236,0.316,-0.095,1.53,1.08,2.25,1.0,334.486,60.96,98.427,642.238,0.993,0.929,-1.74,-9.532,0.66,0.42,-0.296,-0.254,1.02,1.1,164.182,291.269,9.951,5.563,27.199,26.471,26.471,0.727,-17.172,-17.303,0.131,5.563,26.471,-1.281348059003639
795,5_6,3_4_1_2,32.24,32.103,33.123,36.462,-15.873,-15.338,-19.071,-22.488,1.077,1.013,1.146,0.92,-1.851,-7.64,-0.27,0.66,-0.27,0.66,-0.299,0.312,-0.11,0.179,1.53,1.53,1.02,1.02,334.486,164.182,334.486,164.182,0.973,1.035,1.346,-8.569,-0.2,0.0,-0.219,-0.469,2.25,1.0,642.238,60.96,6.717,8.986,32.24,32.103,32.103,0.137,-19.071,-22.488,3.417,6.717,32.103,-0.7146057498893559
85,7_8,3_2_4_5,51.111,55.308,56.288,52.96,4.912,2.91,3.982,1.34,0.992,1.101,0.91,1.143,1.103,-7.129,-0.27,-0.2,-0.2,-0.27,0.154,0.226,-0.175,0.304,1.53,2.25,1.53,2.25,334.486,642.238,642.238,334.486,0.918,1.064,-0.93,-7.913,-0.01,0.45,-0.153,-0.358,2.7,1.75,636.378,467.957,9.016,6.198,51.111,52.96,51.111,-1.848,3.982,1.34,2.642,6.198,51.111,1.1981495433713487
242,2_3,5_3_4_2,47.057,44.23,49.594,47.032,3.518,2.523,-1.606,-8.806,1.184,0.907,0.947,1.048,-0.747,-8.006,-0.2,0.66,0.06,-0.27,-0.458,0.305,0.371,0.336,2.25,1.08,1.53,1.02,642.238,164.182,98.427,334.486,1.209,0.871,0.011,-8.258,0.66,-0.27,-0.5,0.238,1.02,1.53,164.182,334.486,7.511,8.016,47.057,44.23,44.23,2.827,-1.606,-8.806,7.2,7.511,44.23,0.5057216617990153
698,1_8,3_4_1_7,30.525,32.195,31.39,32.448,-17.0,-15.096,-20.578,-20.131,1.088,1.027,1.103,0.941,-1.262,-7.129,-0.27,-0.01,-0.27,0.66,0.065,0.235,0.234,-0.198,1.53,1.53,1.02,2.7,334.486,636.378,334.486,164.182,0.894,1.125,-0.239,-9.257,0.06,0.45,0.324,-0.475,1.08,1.75,98.427,467.957,7.996,6.889,30.525,32.195,30.525,-1.671,-20.578,-20.131,-0.447,6.889,30.525,-0.8733982505609361
159,3_9,2_2_6_5,43.739,40.862,46.464,41.772,-3.058,-4.698,-4.688,-5.598,1.132,0.871,1.103,1.037,-0.71,-7.947,0.66,-0.2,-0.2,0.0,-0.396,0.294,0.084,-0.289,1.02,2.25,1.0,2.25,164.182,642.238,642.238,60.96,0.875,1.158,-0.377,-8.19,-0.27,0.42,0.224,-0.481,1.53,1.1,334.486,291.269,7.48,7.569,43.739,40.862,40.862,2.877,-4.688,-5.598,0.91,7.48,40.862,0.166803320695162
524,1_2,2_6_3_8,36.6,38.353,37.733,38.893,-11.626,-19.814,-21.097,-16.106,1.018,0.935,0.935,1.079,-1.921,-8.65,0.66,0.45,0.0,0.06,-0.309,0.302,-0.22,0.475,1.02,1.0,1.08,1.75,164.182,467.957,60.96,98.427,0.884,1.149,-0.36,-9.308,0.06,0.66,0.34,-0.479,1.08,1.02,98.427,164.182,7.387,8.289,36.6,38.353,36.6,-1.753,-21.097,-19.814,-1.283,7.387,36.6,-0.2620773116636935
35,5_6,1_2_2_5,88.843,74.92,77.347,74.12,27.648,15.589,28.67,11.441,1.116,1.101,1.011,0.997,1.094,-7.91,0.06,-0.2,-0.2,-0.2,0.218,0.219,-0.115,-0.028,1.08,2.25,2.25,2.25,98.427,642.238,642.238,642.238,0.973,1.035,1.346,-8.569,-0.2,0.0,-0.219,-0.469,2.25,1.0,642.238,60.96,9.662,9.256,77.347,74.12,74.12,3.226,27.648,11.441,16.207,9.256,74.12,3.513521310134584
540,2_8,4_4_1_7,30.375,29.746,30.372,30.456,-12.973,-12.897,-24.427,-16.43,1.055,1.02,1.106,0.912,-1.309,-7.505,-0.17,-0.01,-0.27,0.66,-0.24,0.254,0.284,-0.213,1.5,1.53,1.02,2.7,185.535,636.378,334.486,164.182,0.99,0.949,-1.494,-9.69,0.66,0.45,-0.29,-0.26,1.02,1.75,164.182,467.957,8.381,6.011,30.372,29.746,29.746,0.626,-24.427,-16.43,-7.997,6.011,29.746,-0.9517882112853727
170,5_9,3_1_1_4,43.234,42.754,45.292,45.666,3.917,-8.908,-8.787,-6.027,0.881,1.211,1.117,0.936,-0.695,-7.932,-0.27,-0.17,0.66,0.66,0.278,0.25,-0.288,-0.191,1.53,1.02,1.02,1.5,334.486,185.535,164.182,164.182,0.876,1.056,-0.708,-8.875,-0.2,0.42,-0.122,-0.373,2.25,1.1,642.238,291.269,8.18,7.224,43.234,42.754,42.754,0.48,-8.787,-8.908,0.121,7.224,42.754,0.35719331516324104
654,3_4,3_3_4_8,38.677,42.431,41.921,43.639,-12.846,-14.671,-19.1,-18.962,1.025,1.033,0.906,1.176,-0.501,-7.534,-0.27,0.45,0.06,-0.27,0.116,0.249,0.248,0.359,1.53,1.08,1.53,1.75,334.486,467.957,98.427,334.486,1.007,1.095,1.831,-7.467,-0.27,-0.17,0.106,-0.335,1.53,1.5,334.486,185.535,6.966,9.364,38.677,42.431,38.677,-3.754,-19.1,-18.962,-0.139,6.966,38.677,-0.05307095938557479
890,8_8,1_6_4_3,31.328,31.328,31.387,31.387,-21.53,-21.53,-25.636,-25.636,1.091,1.164,1.09,1.013,0.656,-7.091,0.06,-0.27,0.0,-0.27,0.25,0.222,-0.4,0.194,1.08,1.0,1.53,1.53,98.427,334.486,60.96,334.486,0.949,1.031,-0.671,-9.446,0.45,0.45,-0.246,-0.325,1.75,1.75,467.957,467.957,10.102,6.42,31.328,31.328,31.328,0.0,-25.636,-25.636,0.0,6.42,31.328,-0.7925931947692512
857,2_2,1_3_4_7,31.798,31.798,31.57,31.57,-22.8,-22.8,-24.431,-24.431,1.094,0.929,1.024,1.046,-0.574,-7.239,0.06,-0.01,0.06,-0.27,0.183,0.24,0.265,0.264,1.08,1.08,1.53,2.7,98.427,636.378,98.427,334.486,0.978,0.978,-1.736,-9.745,0.66,0.66,-0.268,-0.268,1.02,1.02,164.182,164.182,9.171,5.503,31.57,31.57,31.57,0.0,-24.431,-24.431,0.0,5.503,31.57,-0.7682409861744968
847,1_1,4_4_2_1,43.554,43.554,43.793,43.793,-22.981,-22.981,-24.129,-24.129,1.01,1.07,0.998,1.081,1.01,-7.73,-0.17,0.06,-0.27,-0.2,0.249,0.224,-0.169,0.28,1.5,1.53,2.25,1.08,185.535,98.427,334.486,642.238,1.061,1.061,1.545,-8.806,0.06,0.06,0.124,0.124,1.08,1.08,98.427,98.427,9.816,9.275,43.554,43.554,43.554,0.0,-24.129,-24.129,0.0,9.275,43.554,0.4376964840715203
944,4_6,4_6_3_1,34.17,34.971,35.204,35.377,-31.469,-21.797,-29.985,-28.73,1.058,1.048,1.097,1.005,0.231,-7.84,-0.17,0.06,0.0,0.06,0.148,0.232,0.308,-0.341,1.5,1.0,1.08,1.08,185.535,98.427,60.96,98.427,0.975,1.037,1.376,-8.571,-0.17,0.0,-0.226,-0.472,1.5,1.0,185.535,60.96,8.802,9.215,34.17,34.971,34.17,-0.801,-31.469,-28.73,-2.739,8.802,34.17,-0.5066056872225905
733,3_6,3_3_6_8,32.566,35.388,34.116,38.71,-14.913,-17.534,-19.413,-20.784,0.96,1.128,0.917,1.083,-0.952,-7.343,-0.27,0.45,0.06,0.0,0.125,0.243,0.28,-0.213,1.53,1.08,1.0,1.75,334.486,467.957,98.427,60.96,0.973,1.133,1.54,-7.815,-0.27,0.0,0.121,-0.576,1.53,1.0,334.486,60.96,6.863,8.883,32.566,35.388,32.566,-2.823,-19.413,-20.784,1.371,6.863,32.566,-0.6680145408836894
95,2_3,3_2_3_9,47.628,38.395,48.113,44.347,2.6,0.082,0.901,0.175,0.919,1.134,0.799,1.178,-0.764,-7.619,-0.27,0.42,-0.2,0.06,0.212,0.236,-0.216,0.515,1.53,2.25,1.08,1.1,334.486,291.269,642.238,98.427,1.209,0.871,0.011,-8.258,0.66,-0.27,-0.5,0.238,1.02,1.53,164.182,334.486,7.494,7.63,47.628,38.395,38.395,9.233,0.901,0.082,0.819,7.494,38.395,-0.08144832642574272
563,4_4,1_1_2_9,36.039,36.039,36.05,36.05,-15.112,-15.112,-16.829,-16.829,1.029,1.129,0.916,1.041,-1.207,-8.717,0.06,0.42,0.66,-0.2,0.369,0.251,-0.285,0.071,1.08,1.02,2.25,1.1,98.427,291.269,164.182,642.238,1.012,1.013,1.714,-8.088,-0.17,-0.17,-0.243,-0.243,1.5,1.5,185.535,185.535,6.881,10.432,36.039,36.039,36.039,0.0,-16.829,-16.829,0.0,6.881,36.039,-0.318530158860624
240,4_5,3_6_3_5,51.743,54.509,52.543,58.423,-8.004,15.39,-10.82,-8.712,0.969,1.147,0.975,1.091,0.431,-7.225,-0.27,-0.2,0.0,0.06,0.174,0.225,-0.422,0.401,1.53,1.0,1.08,2.25,334.486,642.238,60.96,98.427,0.999,1.017,1.462,-8.094,-0.17,-0.2,-0.228,-0.241,1.5,2.25,185.535,642.238,8.525,8.687,51.743,54.509,51.743,-2.766,-10.82,-8.712,-2.107,8.525,51.743,1.2617470468088894
742,1_7,1_6_1_5,35.219,37.163,37.336,39.281,-18.228,-13.461,-19.303,-21.022,1.031,1.128,1.108,0.884,-0.65,-8.187,0.06,-0.2,0.0,0.66,0.266,0.225,-0.352,-0.2,1.08,1.0,1.02,2.25,98.427,642.238,60.96,164.182,0.988,1.077,-0.192,-7.615,0.06,-0.01,0.249,-0.355,1.08,2.7,98.427,636.378,6.964,7.995,35.219,37.163,35.219,-1.944,-19.303,-21.022,1.719,6.964,35.219,-0.40104590699160986
574,3_5,6_3_2_2,41.258,50.389,40.92,48.207,-10.9,-2.553,-22.324,-17.23,1.076,0.902,0.867,1.119,-0.929,-8.559,0.0,0.66,0.06,-0.2,-0.35,0.305,0.02,0.392,1.0,1.08,2.25,1.02,60.96,164.182,98.427,642.238,0.998,1.101,1.621,-7.471,-0.27,-0.2,0.12,-0.333,1.53,2.25,334.486,642.238,6.542,10.18,40.92,48.207,40.92,-7.287,-22.324,-17.23,-5.094,6.542,40.92,0.17263980044101218
690,2_3,1_4_6_6,33.435,36.154,38.321,38.133,-22.355,-26.422,-24.245,-19.918,1.037,1.056,1.129,1.101,0.272,-7.732,0.06,0.0,-0.27,0.0,0.181,0.226,0.184,-0.308,1.08,1.53,1.0,1.0,98.427,60.96,334.486,60.96,1.209,0.871,0.011,-8.258,0.66,-0.27,-0.5,0.238,1.02,1.53,164.182,334.486,8.53,7.743,33.435,36.154,33.435,-2.72,-24.245,-26.422,2.177,7.743,33.435,-0.5805679736570716
460,3_7,2_1_3_2,23.145,30.877,25.106,32.136,-13.587,-13.605,-14.277,-14.986,0.93,1.037,0.949,1.083,-2.795,-9.076,0.66,0.66,0.66,0.06,-0.204,0.325,-0.152,0.508,1.02,1.02,1.08,1.02,164.182,164.182,164.182,98.427,0.967,1.124,0.024,-7.025,-0.27,-0.01,0.156,-0.362,1.53,2.7,334.486,636.378,4.231,9.1,23.145,30.877,23.145,-7.731,-14.277,-14.986,0.709,4.231,23.145,-1.6160399837398083
553,3_9,2_3_4_1,38.743,35.089,41.396,36.551,-7.073,-16.763,-14.806,-16.702,1.045,1.063,0.892,1.154,-0.98,-8.153,0.66,0.06,0.06,-0.27,0.192,0.244,0.148,0.493,1.02,1.08,1.53,1.08,164.182,98.427,98.427,334.486,0.875,1.158,-0.377,-8.19,-0.27,0.42,0.224,-0.481,1.53,1.1,334.486,291.269,7.21,7.776,38.743,35.089,35.089,3.655,-14.806,-16.763,1.957,7.21,35.089,-0.41412767193920547
888,4_4,2_3_4_1,36.88,36.88,36.29,36.29,-24.926,-24.926,-25.62,-25.62,1.045,1.063,0.892,1.154,-0.98,-8.153,0.66,0.06,0.06,-0.27,0.192,0.244,0.148,0.493,1.02,1.08,1.53,1.08,164.182,98.427,98.427,334.486,1.012,1.013,1.714,-8.088,-0.17,-0.17,-0.243,-0.243,1.5,1.5,185.535,185.535,7.108,9.867,36.29,36.29,36.29,0.0,-25.62,-25.62,0.0,7.108,36.29,-0.29327228961565177
206,9_9,2_4_6_4,30.121,30.121,35.605,35.605,-5.197,-5.197,-7.576,-7.576,1.22,0.88,1.117,0.997,-0.569,-7.725,0.66,-0.17,-0.27,0.0,-0.493,0.297,0.422,-0.349,1.02,1.53,1.0,1.5,164.182,185.535,334.486,60.96,0.947,0.946,-1.736,-9.188,0.42,0.42,-0.281,-0.281,1.1,1.1,291.269,291.269,8.62,5.989,30.121,30.121,30.121,0.0,-7.576,-7.576,0.0,5.989,30.121,-0.914052350859617
392,5_5,1_4_3_4,59.771,59.771,59.034,59.034,-5.935,-5.935,-13.134,-13.134,1.028,1.081,0.885,1.107,0.452,-7.768,0.06,-0.17,-0.27,0.06,0.198,0.232,0.147,0.34,1.08,1.53,1.08,1.5,98.427,185.535,334.486,98.427,1.004,1.004,1.342,-8.123,-0.2,-0.2,-0.226,-0.226,2.25,2.25,642.238,642.238,8.575,9.11,59.034,59.034,59.034,0.0,-13.134,-13.134,0.0,8.575,59.034,1.9954328024467154
794,8_8,1_1_1_9,32.94,32.94,32.042,32.042,-22.17,-22.17,-22.481,-22.481,0.877,1.17,1.027,0.949,-2.237,-9.067,0.06,0.42,0.66,0.66,0.408,0.258,-0.281,-0.095,1.08,1.02,1.02,1.1,98.427,291.269,164.182,164.182,0.949,1.031,-0.671,-9.446,0.45,0.45,-0.246,-0.325,1.75,1.75,467.957,467.957,7.21,8.396,32.042,32.042,32.042,0.0,-22.481,-22.481,0.0,7.21,32.042,-0.7207441165186121
397,6_9,5_1_4_5,34.489,35.109,35.757,36.374,-13.537,-13.266,-13.383,-13.21,0.943,1.106,1.025,1.035,-0.625,-7.773,-0.2,-0.2,0.66,-0.27,-0.074,0.264,-0.23,0.303,2.25,1.02,1.53,2.25,642.238,642.238,164.182,334.486,0.896,1.023,-0.657,-9.131,0.0,0.42,-0.355,-0.364,1.0,1.1,60.96,291.269,8.505,7.116,34.489,35.109,34.489,-0.619,-13.537,-13.266,-0.271,7.116,34.489,-0.4745050486204147
766,1_1,4_4_2_4,44.152,44.152,44.832,44.832,-20.736,-20.736,-21.597,-21.597,0.992,1.027,0.902,1.149,0.943,-7.284,-0.17,-0.17,-0.27,-0.2,-0.197,0.241,-0.073,0.309,1.5,1.53,2.25,1.5,185.535,185.535,334.486,642.238,1.061,1.061,1.545,-8.806,0.06,0.06,0.124,0.124,1.08,1.08,98.427,98.427,9.749,8.829,44.152,44.152,44.152,0.0,-21.597,-21.597,0.0,8.829,44.152,0.4978726028304586
848,1_6,3_2_6_3,34.999,35.883,36.113,35.866,-21.971,-19.817,-21.485,-24.198,0.992,1.071,1.153,1.07,0.936,-6.74,-0.27,-0.27,-0.2,0.0,0.12,0.217,-0.128,-0.348,1.53,2.25,1.0,1.53,334.486,334.486,642.238,60.96,0.983,1.082,1.33,-8.949,0.06,0.0,0.223,-0.568,1.08,1.0,98.427,60.96,9.885,8.07,34.999,35.866,34.999,-0.868,-21.971,-24.198,2.227,8.07,34.999,-0.42318427844138645
217,2_7,2_3_3_5,40.759,42.739,42.251,44.938,-0.768,3.186,-11.533,-8.148,1.146,0.91,1.052,0.966,-1.177,-8.309,0.66,-0.2,0.06,0.06,-0.446,0.316,0.469,0.328,1.02,1.08,1.08,2.25,164.182,642.238,98.427,98.427,1.095,0.903,-1.149,-8.015,0.66,-0.01,-0.373,-0.136,1.02,2.7,164.182,636.378,6.839,7.16,40.759,42.739,40.759,-1.98,-11.533,-8.148,-3.385,6.839,40.759,0.15643853769822094
4,4_5,1_2_2_5,85.74,89.821,75.982,82.604,21.85,36.654,28.529,32.531,1.116,1.101,1.011,0.997,1.094,-7.91,0.06,-0.2,-0.2,-0.2,0.218,0.219,-0.115,-0.028,1.08,2.25,2.25,2.25,98.427,642.238,642.238,642.238,0.999,1.017,1.462,-8.094,-0.17,-0.2,-0.228,-0.241,1.5,2.25,185.535,642.238,9.187,9.372,75.982,82.604,75.982,-6.622,21.85,32.531,-10.681,9.187,75.982,3.700892435768602
768,9_9,1_6_6_9,29.537,29.537,31.059,31.059,-14.647,-14.647,-21.65,-21.65,0.944,1.097,0.909,1.063,-1.108,-8.182,0.06,0.42,0.0,0.0,0.299,0.226,-0.393,-0.161,1.08,1.0,1.0,1.1,98.427,291.269,60.96,60.96,0.947,0.946,-1.736,-9.188,0.42,0.42,-0.281,-0.281,1.1,1.1,291.269,291.269,8.081,6.446,29.537,29.537,29.537,0.0,-21.65,-21.65,0.0,6.446,29.537,-0.9728196641626605
642,5_8,4_2_3_8,45.695,53.222,46.296,52.489,3.601,6.087,-20.682,-18.604,0.954,1.051,0.811,1.175,-0.39,-8.147,-0.17,0.45,-0.2,0.06,-0.156,0.25,-0.118,0.518,1.5,2.25,1.08,1.75,185.535,467.957,642.238,98.427,0.871,1.076,-0.346,-8.89,-0.2,0.45,-0.115,-0.378,2.25,1.75,642.238,467.957,8.5,7.8,45.695,52.489,45.695,-6.794,-20.682,-18.604,-2.078,7.8,45.695,0.6531430898623013
929,3_4,2_1_3_8,21.356,29.745,23.761,30.976,-26.967,-25.646,-27.809,-27.492,0.955,1.031,0.943,1.065,-2.547,-9.091,0.66,0.45,0.66,0.06,-0.215,0.325,-0.146,0.494,1.02,1.02,1.08,1.75,164.182,467.957,164.182,98.427,1.007,1.095,1.831,-7.467,-0.27,-0.17,0.106,-0.335,1.53,1.5,334.486,185.535,4.92,10.922,21.356,29.745,21.356,-8.389,-27.809,-27.492,-0.317,4.92,21.356,-1.7960651952109465
612,1_2,4_6_6_8,32.12,33.457,33.856,35.047,-17.635,-17.047,-18.308,-17.964,0.949,1.066,0.894,1.078,-0.818,-7.876,-0.17,0.45,0.0,0.0,-0.153,0.24,-0.308,-0.157,1.5,1.0,1.0,1.75,185.535,467.957,60.96,60.96,0.884,1.149,-0.36,-9.308,0.06,0.66,0.34,-0.479,1.08,1.02,98.427,164.182,8.49,7.516,32.12,33.457,32.12,-1.337,-18.308,-17.964,-0.344,7.516,32.12,-0.7128950575500553
738,2_6,1_1_2_8,34.709,33.987,32.454,33.27,-20.592,-20.376,-20.932,-20.925,1.07,1.12,0.91,1.052,-0.927,-8.778,0.06,0.45,0.66,-0.2,0.366,0.25,-0.283,0.076,1.08,1.02,2.25,1.75,98.427,467.957,164.182,642.238,1.071,0.882,-0.457,-9.433,0.66,0.0,-0.38,-0.33,1.02,1.0,164.182,60.96,8.507,8.321,32.454,33.27,32.454,-0.816,-20.932,-20.925,-0.007,8.321,32.454,-0.6792849845308486
546,2_2,4_1_4_7,30.3,30.3,30.531,30.531,-12.694,-12.694,-16.546,-16.546,0.963,1.116,1.016,1.044,-0.858,-7.254,-0.17,-0.01,0.66,-0.27,-0.074,0.266,-0.247,0.331,1.5,1.02,1.53,2.7,185.535,636.378,164.182,334.486,0.978,0.978,-1.736,-9.745,0.66,0.66,-0.268,-0.268,1.02,1.02,164.182,164.182,8.887,5.518,30.3,30.3,30.3,0.0,-16.546,-16.546,0.0,5.518,30.3,-0.8960397668163894
725,6_8,2_2_1_6,31.445,32.665,31.587,33.332,-18.782,-20.953,-20.075,-20.662,1.083,0.905,1.101,0.993,-1.103,-8.804,0.66,0.0,-0.2,0.66,-0.356,0.304,0.083,-0.198,1.02,2.25,1.02,1.0,164.182,60.96,642.238,164.182,0.895,1.043,-0.348,-9.411,0.0,0.45,-0.35,-0.368,1.0,1.75,60.96,467.957,8.308,8.456,31.445,32.665,31.445,-1.22,-20.075,-20.953,0.878,8.308,31.445,-0.7808196063164153
683,2_6,2_6_4_6,30.966,27.683,33.445,27.758,-20.341,-24.623,-20.814,-19.751,1.158,1.055,1.008,1.022,-1.043,-8.12,0.66,0.0,0.0,-0.27,-0.352,0.296,-0.19,0.262,1.02,1.0,1.53,1.0,164.182,60.96,60.96,334.486,1.071,0.882,-0.457,-9.433,0.66,0.0,-0.38,-0.33,1.02,1.0,164.182,60.96,8.39,7.662,30.966,27.683,27.683,3.283,-20.814,-24.623,3.809,7.662,27.683,-1.1593857581075966
98,3_3,3_2_4_8,51.688,51.688,49.345,49.345,0.65,0.65,-0.078,-0.078,1.002,1.115,0.854,1.195,-0.006,-7.536,-0.27,0.45,-0.2,-0.27,0.177,0.232,-0.195,0.422,1.53,2.25,1.53,1.75,334.486,467.957,642.238,334.486,1.074,1.074,1.92,-7.114,-0.27,-0.27,0.023,0.023,1.53,1.53,334.486,334.486,7.109,9.456,49.345,49.345,49.345,0.0,-0.078,-0.078,0.0,7.109,49.345,1.0204387980063234
804,1_4,4_4_3_9,43.425,39.778,43.486,42.724,-11.973,-20.854,-20.108,-22.699,0.948,1.07,0.854,1.138,-1.11,-7.96,-0.17,0.42,-0.27,0.06,-0.195,0.26,0.201,0.469,1.5,1.53,1.08,1.1,185.535,291.269,334.486,98.427,1.019,1.055,1.656,-8.44,0.06,-0.17,0.208,-0.334,1.08,1.5,98.427,185.535,7.329,9.616,43.425,39.778,39.778,3.647,-20.108,-22.699,2.591,7.329,39.778,0.05772152682444386
727,3_6,4_6_3_8,32.719,40.033,34.158,39.986,-20.393,-20.516,-20.09,-20.682,0.92,1.086,0.899,1.146,-0.825,-8.071,-0.17,0.45,0.0,0.06,-0.13,0.248,-0.356,0.506,1.5,1.0,1.08,1.75,185.535,467.957,60.96,98.427,0.973,1.133,1.54,-7.815,-0.27,0.0,0.121,-0.576,1.53,1.0,334.486,60.96,6.991,9.611,32.719,39.986,32.719,-7.266,-20.393,-20.682,0.289,6.991,32.719,-0.6526183098299813
573,1_4,3_6_3_9,41.134,39.502,43.495,42.934,-8.098,-15.397,-17.066,-17.226,0.88,1.165,0.892,1.158,-0.979,-7.588,-0.27,0.42,0.0,0.06,0.24,0.234,-0.454,0.509,1.53,1.0,1.08,1.1,334.486,291.269,60.96,98.427,1.019,1.055,1.656,-8.44,0.06,-0.17,0.208,-0.334,1.08,1.5,98.427,185.535,7.461,9.245,41.134,39.502,39.502,1.632,-17.066,-17.226,0.161,7.461,39.502,0.029947933551088043
406,7_8,2_4_3_6,39.824,39.288,38.984,39.588,-11.016,-18.633,-12.768,-13.355,1.173,0.915,0.929,1.069,-0.858,-8.2,0.66,0.0,-0.27,0.06,-0.45,0.306,0.363,0.338,1.02,1.53,1.08,1.0,164.182,60.96,334.486,98.427,0.918,1.064,-0.93,-7.913,-0.01,0.45,-0.153,-0.358,2.7,1.75,636.378,467.957,7.055,7.27,38.984,39.288,38.984,-0.304,-12.768,-18.633,5.865,7.055,38.984,-0.02217786831702257
502,7_7,1_6_4_2,43.352,43.352,40.96,40.96,-4.969,-4.969,-15.757,-15.757,1.009,1.149,0.889,1.214,-0.615,-7.928,0.06,0.66,0.0,-0.27,0.309,0.233,-0.431,0.417,1.08,1.0,1.53,1.02,98.427,164.182,60.96,334.486,1.002,1.002,-0.542,-7.282,-0.01,-0.01,-0.228,-0.228,2.7,2.7,636.378,636.378,6.667,7.387,40.96,40.96,40.96,0.0,-15.757,-15.757,0.0,6.667,40.96,0.17666495888642605
47,5_7,5_3_2_2,52.292,56.547,52.805,60.747,11.281,33.455,3.991,8.973,1.091,0.904,0.869,1.111,-0.855,-8.2,-0.2,0.66,0.06,-0.2,-0.356,0.303,0.029,0.392,2.25,1.08,2.25,1.02,642.238,164.182,98.427,642.238,1.04,1.094,0.231,-7.776,-0.2,-0.01,-0.199,-0.259,2.25,2.7,642.238,636.378,6.921,8.431,52.292,56.547,52.292,-4.255,3.991,8.973,-4.981,6.921,52.292,1.3169923464721958
32,7_8,5_3_2_5,51.416,48.755,53.792,52.271,4.137,3.219,9.402,11.594,0.968,1.027,0.785,1.157,0.731,-7.724,-0.2,-0.2,0.06,-0.2,-0.179,0.241,-0.088,0.414,2.25,1.08,2.25,2.25,642.238,642.238,98.427,642.238,0.918,1.064,-0.93,-7.913,-0.01,0.45,-0.153,-0.358,2.7,1.75,636.378,467.957,8.643,6.794,51.416,48.755,48.755,2.66,4.137,3.219,0.918,6.794,48.755,0.961067710936468
779,6_6,4_2_1_6,34.3,34.3,34.3,34.3,-22.046,-22.046,-22.046,-22.046,0.974,1.04,1.088,1.027,-0.362,-8.132,-0.17,0.0,-0.2,0.66,-0.185,0.246,-0.047,-0.179,1.5,2.25,1.02,1.0,185.535,60.96,642.238,164.182,0.998,0.998,1.102,-9.105,0.0,0.0,-0.454,-0.454,1.0,1.0,60.96,60.96,8.743,9.234,34.3,34.3,34.3,0.0,-22.046,-22.046,0.0,8.743,34.3,-0.4935239222749956
839,1_3,2_1_2_6,31.171,33.337,33.419,34.175,-24.158,-22.967,-24.712,-23.731,1.013,0.994,1.044,1.011,-1.764,-8.71,0.66,0.0,0.66,-0.2,-0.265,0.316,-0.076,-0.049,1.02,1.02,2.25,1.0,164.182,60.96,164.182,642.238,1.104,1.048,1.779,-7.75,0.06,-0.27,0.121,0.017,1.08,1.53,98.427,334.486,5.985,10.489,31.171,33.337,31.171,-2.165,-24.712,-23.731,-0.981,5.985,31.171,-0.808391941667501
200,2_4,3_3_2_3,37.54,41.185,38.853,40.399,-7.346,-7.003,-18.745,-7.344,0.962,1.115,0.867,1.112,0.935,-7.05,-0.27,-0.27,0.06,-0.2,0.166,0.229,-0.195,0.325,1.53,1.08,2.25,1.53,334.486,334.486,98.427,642.238,1.11,0.864,-0.212,-8.953,0.66,-0.17,-0.399,-0.107,1.02,1.5,164.182,185.535,9.887,6.838,37.54,40.399,37.54,-2.858,-18.745,-7.344,-11.401,6.838,37.54,-0.16748608819646613
134,3_8,3_1_4_9,33.406,44.142,38.138,47.103,-0.795,-5.461,-7.682,-4.042,0.881,1.216,0.895,1.151,-1.007,-7.925,-0.27,0.42,0.66,-0.27,0.312,0.256,-0.358,0.423,1.53,1.02,1.53,1.1,334.486,291.269,164.182,334.486,0.88,1.182,0.092,-8.147,-0.27,0.45,0.225,-0.489,1.53,1.75,334.486,467.957,7.139,8.017,33.406,44.142,33.406,-10.736,-7.682,-5.461,-2.221,7.139,33.406,-0.583486213529997
27,3_9,1_2_2_2,67.187,62.597,60.077,66.743,12.939,15.845,12.25,12.277,1.116,1.112,0.872,1.102,-0.497,-8.374,0.06,0.66,-0.2,-0.2,0.243,0.227,-0.138,0.099,1.08,2.25,2.25,1.02,98.427,164.182,642.238,642.238,0.875,1.158,-0.377,-8.19,-0.27,0.42,0.224,-0.481,1.53,1.1,334.486,291.269,7.693,7.997,60.077,62.597,60.077,-2.519,12.25,12.277,-0.026,7.693,60.077,2.1003888089108838
880,1_2,4_6_1_6,30.042,32.211,31.692,32.889,-24.129,-29.798,-30.423,-25.274,1.009,1.092,1.075,0.913,-0.723,-8.141,-0.17,0.0,0.0,0.66,-0.17,0.242,-0.28,-0.195,1.5,1.0,1.02,1.0,185.535,60.96,60.96,164.182,0.884,1.149,-0.36,-9.308,0.06,0.66,0.34,-0.479,1.08,1.02,98.427,164.182,8.585,7.78,30.042,32.211,30.042,-2.17,-30.423,-29.798,-0.625,7.78,30.042,-0.9220020387893092
230,2_6,2_1_2_5,40.608,39.292,41.175,39.17,-10.542,-7.78,-6.229,-8.473,1.149,1.034,1.041,0.944,-1.551,-8.444,0.66,-0.2,0.66,-0.2,-0.28,0.315,-0.062,-0.039,1.02,1.02,2.25,2.25,164.182,642.238,164.182,642.238,1.071,0.882,-0.457,-9.433,0.66,0.0,-0.38,-0.33,1.02,1.0,164.182,60.96,7.882,7.987,40.608,39.17,39.17,1.438,-10.542,-8.473,-2.069,7.882,39.17,-0.0034608815458477475
489,2_8,4_4_4_3,29.029,27.192,29.942,30.196,-12.453,-12.407,-15.072,-15.581,1.029,1.104,0.975,1.104,0.867,-6.884,-0.17,-0.27,-0.27,-0.27,0.093,0.233,0.16,0.24,1.5,1.53,1.53,1.53,185.535,334.486,334.486,334.486,0.99,0.949,-1.494,-9.69,0.66,0.45,-0.29,-0.26,1.02,1.75,164.182,467.957,10.557,5.389,29.029,27.192,27.192,1.837,-15.072,-15.581,0.508,5.389,27.192,-1.2087945780250526
772,7_7,5_1_4_1,41.045,41.045,43.76,43.76,-9.514,-9.514,-21.75,-21.75,1.047,1.063,1.117,0.919,-0.709,-8.034,-0.2,0.06,0.66,-0.27,0.204,0.233,0.209,-0.237,2.25,1.02,1.53,1.08,642.238,98.427,164.182,334.486,1.002,1.002,-0.542,-7.282,-0.01,-0.01,-0.228,-0.228,2.7,2.7,636.378,636.378,6.573,7.493,41.045,41.045,41.045,0.0,-21.75,-21.75,0.0,6.573,41.045,0.18521842058293075
378,3_8,4_6_1_7,37.798,36.151,37.941,38.177,-9.74,-7.772,-12.844,-12.674,1.039,1.103,1.09,0.918,-1.266,-7.488,-0.17,-0.01,0.0,0.66,-0.178,0.242,-0.27,-0.18,1.5,1.0,1.02,2.7,185.535,636.378,60.96,164.182,0.88,1.182,0.092,-8.147,-0.27,0.45,0.225,-0.489,1.53,1.75,334.486,467.957,6.88,7.58,37.798,36.151,36.151,1.647,-12.844,-12.674,-0.17,6.88,36.151,-0.3072597152134648
288,2_5,2_3_2_7,48.021,58.549,46.6,52.722,2.895,16.258,-12.686,-10.146,1.194,0.811,1.026,0.959,-0.686,-8.126,0.66,-0.01,0.06,-0.2,-0.463,0.312,0.526,-0.091,1.02,1.08,2.25,2.7,164.182,636.378,98.427,642.238,1.102,0.862,-0.393,-8.926,0.66,-0.2,-0.389,-0.1,1.02,2.25,164.182,642.238,8.24,7.733,46.6,52.722,46.6,-6.122,-12.686,-10.146,-2.54,7.733,46.6,0.7442122996897919
418,6_7,2_6_3_3,31.739,30.385,32.232,33.808,-12.488,-15.804,-13.782,-13.841,1.117,0.927,1.132,0.956,-1.082,-7.459,0.66,-0.27,0.0,0.06,-0.387,0.292,-0.201,0.277,1.02,1.0,1.08,1.53,164.182,334.486,60.96,98.427,1.0,1.0,-0.294,-7.636,0.0,-0.01,-0.429,-0.25,1.0,2.7,60.96,636.378,6.553,7.165,31.739,30.385,30.385,1.354,-13.782,-15.804,2.022,6.553,30.385,-0.8874863051198847
674,1_7,1_2_1_2,37.695,36.109,37.565,37.346,-16.994,-18.313,-19.054,-19.583,0.979,1.091,1.013,1.059,-1.743,-8.647,0.06,0.66,-0.2,0.66,0.293,0.236,-0.142,-0.071,1.08,2.25,1.02,1.02,98.427,164.182,642.238,164.182,0.988,1.077,-0.192,-7.615,0.06,-0.01,0.249,-0.355,1.08,2.7,98.427,636.378,5.871,8.455,37.565,36.109,36.109,1.456,-19.054,-19.583,0.529,5.871,36.109,-0.31148613158114963
391,5_8,4_1_1_4,41.289,41.301,41.465,41.465,-2.499,-2.495,-13.06,-13.131,0.891,1.127,1.127,0.891,-0.905,-8.379,-0.17,-0.17,0.66,0.66,-0.073,0.267,-0.197,-0.197,1.5,1.02,1.02,1.5,185.535,185.535,164.182,164.182,0.871,1.076,-0.346,-8.89,-0.2,0.45,-0.115,-0.378,2.25,1.75,642.238,467.957,7.985,8.033,41.289,41.301,41.289,-0.012,-13.06,-13.131,0.071,7.985,41.289,0.20977188709995578
592,2_2,5_3_4_7,34.743,34.743,35.721,35.721,-13.121,-13.121,-17.602,-17.602,1.092,0.905,1.013,1.054,-0.505,-7.104,-0.2,-0.01,0.06,-0.27,-0.269,0.266,0.354,0.274,2.25,1.08,1.53,2.7,642.238,636.378,98.427,334.486,0.978,0.978,-1.736,-9.745,0.66,0.66,-0.268,-0.268,1.02,1.02,164.182,164.182,9.24,5.368,34.743,34.743,34.743,0.0,-17.602,-17.602,0.0,5.368,34.743,-0.4489452924920357
498,6_9,1_2_1_3,37.718,34.096,37.201,35.382,-14.373,-15.286,-15.079,-15.72,1.041,1.079,1.184,0.928,-0.073,-7.794,0.06,-0.27,-0.2,0.66,0.251,0.227,-0.123,-0.287,1.08,2.25,1.02,1.53,98.427,334.486,642.238,164.182,0.896,1.023,-0.657,-9.131,0.0,0.42,-0.355,-0.364,1.0,1.1,60.96,291.269,9.057,7.137,37.201,34.096,34.096,3.106,-15.079,-15.72,0.641,7.137,34.096,-0.5140522303466067
138,5_6,2_2_1_5,52.013,43.635,57.799,43.599,3.623,-2.989,7.606,-4.368,1.114,0.922,1.107,0.962,-0.931,-8.578,0.66,-0.2,-0.2,0.66,-0.363,0.303,0.095,-0.201,1.02,2.25,1.02,2.25,164.182,642.238,642.238,164.182,0.973,1.035,1.346,-8.569,-0.2,0.0,-0.219,-0.469,2.25,1.0,642.238,60.96,7.637,9.924,52.013,43.599,43.599,8.414,3.623,-4.368,7.991,7.637,43.599,0.4422247873226104
62,5_5,1_2_2_7,94.051,94.051,81.514,81.514,32.688,32.688,5.485,5.485,1.103,1.094,0.994,1.053,0.27,-7.822,0.06,-0.01,-0.2,-0.2,0.232,0.221,-0.125,-0.004,1.08,2.25,2.25,2.7,98.427,636.378,642.238,642.238,1.004,1.004,1.342,-8.123,-0.2,-0.2,-0.226,-0.226,2.25,2.25,642.238,642.238,8.393,9.163,81.514,81.514,81.514,0.0,5.485,5.485,0.0,8.393,81.514,4.25757184876935
471,4_8,2_6_2_3,38.473,32.949,38.033,33.865,-8.48,-8.594,-9.441,-15.154,1.169,0.981,1.11,0.932,-0.676,-7.306,0.66,-0.27,0.0,-0.2,-0.406,0.287,-0.128,-0.17,1.02,1.0,2.25,1.53,164.182,334.486,60.96,642.238,0.873,1.087,-0.165,-8.898,-0.17,0.45,-0.122,-0.391,1.5,1.75,185.535,467.957,8.222,7.141,38.033,32.949,32.949,5.085,-9.441,-15.154,5.713,7.141,32.949,-0.6294736487688514
647,3_8,2_1_6_4,34.105,31.625,36.675,33.722,-12.71,-12.828,-14.137,-18.76,1.023,0.987,1.088,0.937,-1.884,-8.401,0.66,-0.17,0.66,0.0,-0.285,0.312,-0.083,-0.294,1.02,1.02,1.0,1.5,164.182,185.535,164.182,60.96,0.88,1.182,0.092,-8.147,-0.27,0.45,0.225,-0.489,1.53,1.75,334.486,467.957,6.262,8.493,34.105,31.625,31.625,2.48,-14.137,-18.76,4.623,6.262,31.625,-0.7627063933120526
128,4_4,3_6_3_5,42.852,42.852,45.903,45.903,-2.355,-2.355,-3.474,-3.474,0.969,1.147,0.975,1.091,0.431,-7.225,-0.27,-0.2,0.0,0.06,0.174,0.225,-0.422,0.401,1.53,1.0,1.08,2.25,334.486,642.238,60.96,98.427,1.012,1.013,1.714,-8.088,-0.17,-0.17,-0.243,-0.243,1.5,1.5,185.535,185.535,8.52,8.939,42.852,42.852,42.852,0.0,-3.474,-3.474,0.0,8.52,42.852,0.36705495335450505
976,1_8,1_6_6_1,32.127,32.128,32.634,32.634,-23.732,-23.732,-31.106,-31.112,1.006,1.096,1.096,1.006,0.426,-7.978,0.06,0.06,0.0,0.0,0.242,0.22,-0.368,-0.368,1.08,1.0,1.0,1.08,98.427,98.427,60.96,60.96,0.894,1.125,-0.239,-9.257,0.06,0.45,0.324,-0.475,1.08,1.75,98.427,467.957,9.684,7.739,32.127,32.128,32.127,0.0,-31.106,-31.112,0.005,7.739,32.127,-0.7121906548221074
520,1_7,3_4_6_3,33.559,33.658,35.718,34.593,-17.86,-17.72,-25.911,-16.086,1.142,0.972,1.129,0.956,0.642,-6.97,-0.27,-0.27,-0.27,0.0,0.015,0.23,0.234,-0.392,1.53,1.53,1.0,1.53,334.486,334.486,334.486,60.96,0.988,1.077,-0.192,-7.615,0.06,-0.01,0.249,-0.355,1.08,2.7,98.427,636.378,8.256,6.778,33.559,33.658,33.559,-0.099,-25.911,-17.72,-8.191,6.778,33.559,-0.5680899824762888
838,2_6,1_3_4_2,35.507,35.635,35.349,36.781,-22.356,-21.558,-23.949,-23.611,1.051,0.983,0.92,1.175,-0.868,-8.213,0.06,0.66,0.06,-0.27,0.22,0.248,0.251,0.359,1.08,1.08,1.53,1.02,98.427,164.182,98.427,334.486,1.071,0.882,-0.457,-9.433,0.66,0.0,-0.38,-0.33,1.02,1.0,164.182,60.96,8.565,7.756,35.349,35.635,35.349,-0.286,-23.949,-23.611,-0.338,7.756,35.349,-0.387964142044015
962,1_4,1_1_1_8,29.48,30.15,30.488,31.125,-23.908,-23.704,-30.566,-29.929,0.906,1.164,1.027,0.959,-2.008,-9.091,0.06,0.45,0.66,0.66,0.402,0.258,-0.278,-0.092,1.08,1.02,1.02,1.75,98.427,467.957,164.182,164.182,1.019,1.055,1.656,-8.44,0.06,-0.17,0.208,-0.334,1.08,1.5,98.427,185.535,6.432,10.747,29.48,30.15,29.48,-0.67,-30.566,-29.929,-0.636,6.432,29.48,-0.9785555149473752
64,3_9,1_2_2_1,65.596,61.135,64.229,63.682,10.607,10.972,6.476,5.419,1.092,1.085,1.085,1.092,1.085,-8.181,0.06,0.06,-0.2,-0.2,0.238,0.224,-0.124,-0.124,1.08,2.25,2.25,1.08,98.427,98.427,642.238,642.238,0.875,1.158,-0.377,-8.19,-0.27,0.42,0.224,-0.481,1.53,1.1,334.486,291.269,9.275,7.804,64.229,61.135,61.135,3.094,6.476,5.419,1.057,7.804,61.135,2.2068542497920824
812,1_5,4_4_6_1,41.418,39.836,45.255,40.393,-16.067,-30.268,-26.186,-22.903,1.08,1.159,1.029,1.04,0.566,-7.478,-0.17,0.06,-0.27,0.0,0.261,0.222,-0.404,0.272,1.5,1.53,1.0,1.08,185.535,98.427,334.486,60.96,1.011,1.054,1.418,-8.429,0.06,-0.2,0.22,-0.329,1.08,2.25,98.427,642.238,8.995,8.896,41.418,39.836,39.836,1.582,-26.186,-30.268,4.082,8.896,39.836,0.06355800657029406
14,1_9,2_2_2_5,70.416,68.526,70.918,69.5,16.885,19.167,29.781,17.96,1.207,1.073,1.013,0.997,-0.273,-8.05,0.66,-0.2,-0.2,-0.2,-0.398,0.295,0.113,-0.036,1.02,2.25,2.25,2.25,164.182,642.238,642.238,642.238,0.895,1.103,-0.687,-9.217,0.06,0.42,0.317,-0.467,1.08,1.1,98.427,291.269,8.943,7.363,70.416,68.526,68.526,1.89,16.885,17.96,-1.075,7.363,68.526,2.9506029015434434
156,2_7,3_1_3_7,38.109,34.817,39.192,36.192,-0.709,-0.613,-4.449,-5.336,0.874,1.218,0.976,1.09,-0.812,-7.246,-0.27,-0.01,0.66,0.06,0.289,0.252,-0.352,0.448,1.53,1.02,1.08,2.7,334.486,636.378,164.182,98.427,1.095,0.903,-1.149,-8.015,0.66,-0.01,-0.373,-0.136,1.02,2.7,164.182,636.378,7.203,6.097,38.109,34.817,34.817,3.292,-4.449,-5.336,0.887,6.097,34.817,-0.4414987493680201
40,7_7,2_2_2_1,69.558,69.558,63.726,63.726,18.288,18.288,10.233,10.233,1.116,1.112,0.872,1.102,-0.497,-8.374,0.66,0.06,-0.2,-0.2,0.243,0.227,-0.138,0.099,1.02,2.25,2.25,1.08,164.182,98.427,642.238,642.238,1.002,1.002,-0.542,-7.282,-0.01,-0.01,-0.228,-0.228,2.7,2.7,636.378,636.378,6.785,7.833,63.726,63.726,63.726,0.0,10.233,10.233,0.0,6.785,63.726,2.467583888093771
492,1_9,2_1_6_2,34.427,34.534,35.617,35.562,-16.293,-16.092,-15.779,-15.604,0.966,1.011,0.978,1.062,-2.519,-9.082,0.66,0.66,0.66,0.0,-0.236,0.32,-0.106,-0.159,1.02,1.02,1.0,1.02,164.182,164.182,164.182,60.96,0.895,1.103,-0.687,-9.217,0.06,0.42,0.317,-0.467,1.08,1.1,98.427,291.269,6.698,8.395,34.427,34.534,34.427,-0.107,-16.293,-16.092,-0.201,6.698,34.427,-0.4807440442108061
379,1_6,5_2_6_5,42.689,41.587,43.337,45.135,-12.564,-14.389,-14.54,-12.712,1.016,0.997,1.115,1.112,0.862,-7.408,-0.2,-0.2,-0.2,0.0,-0.218,0.231,-0.034,-0.253,2.25,2.25,1.0,2.25,642.238,642.238,642.238,60.96,0.983,1.082,1.33,-8.949,0.06,0.0,0.223,-0.568,1.08,1.0,98.427,60.96,9.811,8.738,42.689,41.587,41.587,1.102,-14.54,-14.389,-0.151,8.738,41.587,0.23975931751828983
187,2_7,2_1_2_9,39.928,39.978,39.958,41.234,-9.87,-4.45,-9.224,-6.698,1.121,1.043,0.931,1.023,-1.945,-9.016,0.66,0.42,0.66,-0.2,-0.253,0.321,-0.081,0.055,1.02,1.02,2.25,1.1,164.182,291.269,164.182,642.238,1.095,0.903,-1.149,-8.015,0.66,-0.01,-0.373,-0.136,1.02,2.7,164.182,636.378,6.07,7.867,39.928,39.978,39.928,-0.05,-9.87,-6.698,-3.171,6.07,39.928,0.072815870994746
763,2_6,1_2_6_3,26.822,31.98,27.558,30.353,-22.515,-21.374,-22.888,-21.513,1.008,1.047,1.155,1.057,0.786,-7.203,0.06,-0.27,-0.2,0.0,0.219,0.221,-0.134,-0.356,1.08,2.25,1.0,1.53,98.427,334.486,642.238,60.96,1.071,0.882,-0.457,-9.433,0.66,0.0,-0.38,-0.33,1.02,1.0,164.182,60.96,10.219,6.745,26.822,30.353,26.822,-3.53,-22.888,-21.513,-1.375,6.745,26.822,-1.2460272936451318
216,7_9,2_1_2_7,42.14,40.333,40.0,40.832,-2.455,-4.632,-6.743,-8.136,1.092,1.013,1.023,0.989,-1.664,-8.193,0.66,-0.01,0.66,-0.2,-0.271,0.316,-0.069,-0.022,1.02,1.02,2.25,2.7,164.182,636.378,164.182,642.238,0.939,1.048,-1.088,-8.015,-0.01,0.42,-0.156,-0.35,2.7,1.1,636.378,291.269,6.351,7.105,40.0,40.333,40.0,-0.332,-6.743,-8.136,1.393,6.351,40.0,0.08006115619649137
791,1_2,4_3_4_8,36.559,36.983,37.903,39.303,-11.831,-19.859,-22.68,-22.418,1.065,0.936,0.91,1.157,-0.55,-7.901,-0.17,0.45,0.06,-0.27,-0.244,0.269,0.328,0.362,1.5,1.08,1.53,1.75,185.535,467.957,98.427,334.486,0.884,1.149,-0.36,-9.308,0.06,0.66,0.34,-0.479,1.08,1.02,98.427,164.182,8.758,7.541,36.559,36.983,36.559,-0.425,-22.68,-22.418,-0.262,7.541,36.559,-0.2662030990702432
52,5_5,4_2_3_6,59.476,59.476,58.958,58.958,19.347,19.347,8.012,8.012,0.96,1.038,0.845,1.14,0.564,-7.936,-0.17,0.0,-0.2,0.06,-0.178,0.246,-0.111,0.409,1.5,2.25,1.08,1.0,185.535,60.96,642.238,98.427,1.004,1.004,1.342,-8.123,-0.2,-0.2,-0.226,-0.226,2.25,2.25,642.238,642.238,8.687,9.278,58.958,58.958,58.958,0.0,8.012,8.012,0.0,8.687,58.958,1.9877850014004288
878,2_9,1_3_4_4,30.165,29.91,31.821,32.687,-26.572,-24.68,-25.976,-25.224,1.098,0.914,1.057,1.007,0.411,-7.728,0.06,-0.17,0.06,-0.27,0.175,0.238,0.27,0.217,1.08,1.08,1.53,1.5,98.427,185.535,98.427,334.486,0.993,0.929,-1.74,-9.532,0.66,0.42,-0.296,-0.254,1.02,1.1,164.182,291.269,9.943,5.988,30.165,29.91,29.91,0.254,-26.572,-25.224,-1.348,5.988,29.91,-0.9352850616591754
337,5_7,2_2_6_9,47.661,50.676,43.958,44.046,-6.974,3.5,-9.449,-11.465,1.087,0.893,1.011,1.09,-1.603,-8.488,0.66,0.42,-0.2,0.0,-0.354,0.301,0.058,-0.171,1.02,2.25,1.0,1.1,164.182,291.269,642.238,60.96,1.04,1.094,0.231,-7.776,-0.2,-0.01,-0.199,-0.259,2.25,2.7,642.238,636.378,6.173,8.719,43.958,44.046,43.958,-0.087,-9.449,-11.465,2.016,6.173,43.958,0.4783505843702007
748,3_5,3_4_6_6,43.53,41.413,46.959,43.951,-5.961,-18.224,-16.539,-21.206,1.008,1.086,1.109,1.101,0.39,-7.03,-0.27,0.0,-0.27,0.0,0.091,0.228,0.183,-0.298,1.53,1.53,1.0,1.0,334.486,60.96,334.486,60.96,0.998,1.101,1.621,-7.471,-0.27,-0.2,0.12,-0.333,1.53,2.25,334.486,642.238,7.861,8.65,43.53,41.413,41.413,2.117,-16.539,-21.206,4.666,7.861,41.413,0.22224987828073853
719,1_5,1_6_3_2,41.511,39.521,41.019,40.516,-22.044,-22.641,-14.261,-20.564,0.941,1.128,0.902,1.166,-1.026,-8.464,0.06,0.66,0.0,0.06,0.321,0.234,-0.44,0.511,1.08,1.0,1.08,1.02,98.427,164.182,60.96,98.427,1.011,1.054,1.418,-8.429,0.06,-0.2,0.22,-0.329,1.08,2.25,98.427,642.238,7.403,9.882,41.019,39.521,39.521,1.497,-22.044,-22.641,0.596,7.403,39.521,0.0318598838126595
724,3_9,4_3_1_6,35.162,31.984,36.935,33.298,-14.905,-20.936,-20.009,-20.657,1.029,1.019,1.098,0.883,-0.93,-8.195,-0.17,0.0,0.06,0.66,-0.265,0.264,0.391,-0.241,1.5,1.08,1.02,1.0,185.535,60.96,98.427,164.182,0.875,1.158,-0.377,-8.19,-0.27,0.42,0.224,-0.481,1.53,1.1,334.486,291.269,7.26,7.818,35.162,31.984,31.984,3.178,-20.009,-20.936,0.927,7.26,31.984,-0.7265805962644624
295,7_8,5_1_2_5,52.118,51.531,55.797,57.17,5.155,3.986,11.294,-10.352,1.077,1.079,1.025,0.991,-0.275,-8.049,-0.2,-0.2,0.66,-0.2,-0.101,0.26,-0.179,-0.021,2.25,1.02,2.25,2.25,642.238,642.238,164.182,642.238,0.918,1.064,-0.93,-7.913,-0.01,0.45,-0.153,-0.358,2.7,1.75,636.378,467.957,7.638,7.119,52.118,51.531,51.531,0.587,5.155,-10.352,15.507,7.119,51.531,1.2404137070481953
701,1_3,3_4_6_8,39.852,36.78,40.502,41.231,-17.643,-18.961,-20.261,-20.171,0.947,1.12,0.97,1.121,-0.759,-7.182,-0.27,0.45,-0.27,0.0,0.151,0.235,0.161,-0.189,1.53,1.53,1.0,1.75,334.486,467.957,334.486,60.96,1.104,1.048,1.779,-7.75,0.06,-0.27,0.121,0.017,1.08,1.53,98.427,334.486,6.991,8.96,39.852,36.78,36.78,3.072,-20.261,-20.171,-0.089,6.991,36.78,-0.2439640986593308
251,7_9,2_1_1_5,37.571,34.401,38.794,37.026,-5.346,-7.877,-13.181,-9.086,1.017,1.013,1.138,0.833,-2.175,-8.867,0.66,-0.2,0.66,0.66,-0.253,0.32,-0.066,-0.201,1.02,1.02,1.02,2.25,164.182,642.238,164.182,164.182,0.939,1.048,-1.088,-8.015,-0.01,0.42,-0.156,-0.35,2.7,1.1,636.378,291.269,5.84,7.778,37.571,34.401,34.401,3.17,-13.181,-9.086,-4.095,5.84,34.401,-0.48336039720032475
726,3_3,2_3_1_7,26.305,26.305,28.454,28.454,-17.283,-17.283,-20.672,-20.672,1.163,0.885,1.151,0.836,-2.056,-8.01,0.66,-0.01,0.06,0.66,-0.446,0.315,0.529,-0.256,1.02,1.08,1.02,2.7,164.182,636.378,98.427,164.182,1.074,1.074,1.92,-7.114,-0.27,-0.27,0.023,0.023,1.53,1.53,334.486,334.486,5.058,9.93,26.305,26.305,26.305,0.0,-20.672,-20.672,0.0,5.058,26.305,-1.298052466552107
461,5_7,3_4_1_5,50.197,44.013,56.118,46.815,11.799,1.358,5.575,-15.002,1.006,1.113,1.102,0.975,-0.568,-7.272,-0.27,-0.2,-0.27,0.66,0.107,0.235,0.208,-0.228,1.53,1.53,1.02,2.25,334.486,642.238,334.486,164.182,1.04,1.094,0.231,-7.776,-0.2,-0.01,-0.199,-0.259,2.25,2.7,642.238,636.378,7.209,7.503,50.197,44.013,44.013,6.184,5.575,-15.002,20.577,7.209,44.013,0.48388517723264485
455,4_9,2_1_1_4,32.005,30.976,32.783,32.047,-11.52,-13.262,-12.734,-14.906,1.006,1.011,1.148,0.833,-2.173,-8.85,0.66,-0.17,0.66,0.66,-0.254,0.32,-0.069,-0.214,1.02,1.02,1.02,1.5,164.182,185.535,164.182,164.182,0.875,1.066,-0.546,-8.904,-0.17,0.42,-0.127,-0.385,1.5,1.1,185.535,291.269,6.731,8.303,32.005,30.976,30.976,1.029,-12.734,-14.906,2.172,6.731,30.976,-0.8280145890888939
996,6_8,1_4_3_1,31.484,32.09,31.444,32.645,-34.959,-31.49,-36.773,-36.524,1.099,0.897,1.09,1.017,0.356,-8.018,0.06,0.06,-0.27,0.06,0.184,0.241,0.263,0.14,1.08,1.53,1.08,1.08,98.427,98.427,334.486,98.427,0.895,1.043,-0.348,-9.411,0.0,0.45,-0.35,-0.368,1.0,1.75,60.96,467.957,9.767,7.67,31.444,32.09,31.444,-0.646,-36.773,-36.524,-0.248,7.67,31.444,-0.7809202352775508
815,7_8,3_3_3_6,33.644,35.834,36.981,35.72,-12.143,-12.462,-22.251,-22.989,1.001,1.11,0.952,1.096,0.183,-7.575,-0.27,0.0,0.06,0.06,0.09,0.244,0.25,0.348,1.53,1.08,1.08,1.0,334.486,60.96,98.427,98.427,0.918,1.064,-0.93,-7.913,-0.01,0.45,-0.153,-0.358,2.7,1.75,636.378,467.957,8.096,6.645,33.644,35.72,33.644,-2.076,-22.251,-22.989,0.738,6.645,33.644,-0.5595365207797841
862,4_4,1_6_2_1,37.451,37.451,36.419,36.419,-21.684,-21.684,-24.503,-24.503,1.003,1.054,1.141,1.071,0.632,-7.833,0.06,0.06,0.0,-0.2,0.235,0.224,-0.14,-0.356,1.08,1.0,2.25,1.08,98.427,98.427,60.96,642.238,1.012,1.013,1.714,-8.088,-0.17,-0.17,-0.243,-0.243,1.5,1.5,185.535,185.535,8.72,9.547,36.419,36.419,36.419,0.0,-24.503,-24.503,0.0,8.72,36.419,-0.28029115362919205
269,1_1,4_4_2_5,48.218,48.218,50.843,50.843,-11.124,-11.124,-9.728,-9.728,1.165,0.877,1.012,0.982,1.02,-7.549,-0.17,-0.2,-0.27,-0.2,-0.281,0.247,0.29,-0.066,1.5,1.53,2.25,2.25,185.535,642.238,334.486,642.238,1.061,1.061,1.545,-8.806,0.06,0.06,0.124,0.124,1.08,1.08,98.427,98.427,9.827,9.094,48.218,48.218,48.218,0.0,-11.124,-11.124,0.0,9.094,48.218,0.907029958806786
201,2_3,2_1_1_4,30.527,37.462,32.788,38.543,-8.573,-6.299,-8.901,-7.377,1.006,1.011,1.148,0.833,-2.173,-8.85,0.66,-0.17,0.66,0.66,-0.254,0.32,-0.069,-0.214,1.02,1.02,1.02,1.5,164.182,185.535,164.182,164.182,1.209,0.871,0.011,-8.258,0.66,-0.27,-0.5,0.238,1.02,1.53,164.182,334.486,6.085,8.86,30.527,37.462,30.527,-6.935,-8.901,-7.377,-1.524,6.085,30.527,-0.8731969926386652
161,4_4,3_6_4_5,43.269,43.269,46.535,46.535,-5.893,-5.893,-5.661,-5.661,1.05,1.162,1.01,1.07,0.678,-7.021,-0.27,-0.2,0.0,-0.27,0.163,0.222,-0.406,0.292,1.53,1.0,1.53,2.25,334.486,642.238,60.96,334.486,1.012,1.013,1.714,-8.088,-0.17,-0.17,-0.243,-0.243,1.5,1.5,185.535,185.535,8.766,8.736,43.269,43.269,43.269,0.0,-5.893,-5.893,0.0,8.736,43.269,0.40901723014794555
555,4_7,4_3_4_3,42.287,40.136,42.216,40.981,-6.06,-5.36,-16.965,-16.722,1.0,1.118,0.875,1.12,0.637,-7.077,-0.17,-0.27,0.06,-0.27,0.103,0.235,0.144,0.348,1.5,1.08,1.53,1.53,185.535,334.486,98.427,334.486,0.988,1.057,0.019,-7.55,-0.17,-0.01,-0.201,-0.267,1.5,2.7,185.535,636.378,8.187,7.096,42.216,40.136,40.136,2.08,-16.965,-16.722,-0.243,7.096,40.136,0.09374669491089904
729,1_3,2_1_6_3,31.439,33.787,34.293,35.827,-15.419,-19.871,-21.965,-20.723,1.066,0.99,1.158,0.913,-1.759,-7.82,0.66,-0.27,0.66,0.0,-0.317,0.308,-0.081,-0.385,1.02,1.02,1.0,1.53,164.182,334.486,164.182,60.96,1.104,1.048,1.779,-7.75,0.06,-0.27,0.121,0.017,1.08,1.53,98.427,334.486,5.991,9.598,31.439,33.787,31.439,-2.349,-21.965,-20.723,-1.243,5.991,31.439,-0.7814233800832274
401,3_8,4_6_3_3,37.627,38.257,39.341,38.884,-9.129,-9.371,-12.934,-13.275,1.037,1.085,1.095,1.034,0.402,-7.127,-0.17,-0.27,0.0,0.06,0.045,0.233,0.314,-0.332,1.5,1.0,1.08,1.53,185.535,334.486,60.96,98.427,0.88,1.182,0.092,-8.147,-0.27,0.45,0.225,-0.489,1.53,1.75,334.486,467.957,8.548,7.219,37.627,38.257,37.627,-0.631,-12.934,-13.275,0.341,7.219,37.627,-0.15873136857769046
702,2_4,1_6_4_7,35.62,36.565,36.263,36.595,-19.297,-17.18,-21.337,-20.188,1.055,1.146,0.981,1.11,-0.323,-6.873,0.06,-0.01,0.0,-0.27,0.274,0.225,-0.413,0.334,1.08,1.0,1.53,2.7,98.427,636.378,60.96,334.486,1.11,0.864,-0.212,-8.953,0.66,-0.17,-0.399,-0.107,1.02,1.5,164.182,185.535,8.63,6.66,35.62,36.565,35.62,-0.944,-21.337,-20.188,-1.149,6.66,35.62,-0.36069369357633546
476,2_7,2_1_6_6,31.459,33.088,32.173,33.798,-16.112,-21.599,-17.218,-15.231,0.999,0.992,1.037,0.907,-2.1,-8.67,0.66,0.0,0.66,0.0,-0.266,0.311,-0.094,-0.281,1.02,1.02,1.0,1.0,164.182,60.96,164.182,60.96,1.095,0.903,-1.149,-8.015,0.66,-0.01,-0.373,-0.136,1.02,2.7,164.182,636.378,5.915,7.521,31.459,33.088,31.459,-1.629,-17.218,-21.599,4.381,5.915,31.459,-0.7794108008605205
821,1_8,1_6_2_7,35.06,35.368,34.868,34.385,-20.296,-16.389,-23.174,-23.149,1.046,1.114,0.987,1.044,0.374,-7.83,0.06,-0.01,0.0,-0.2,0.243,0.219,-0.357,-0.023,1.08,1.0,2.25,2.7,98.427,636.378,60.96,642.238,0.894,1.125,-0.239,-9.257,0.06,0.45,0.324,-0.475,1.08,1.75,98.427,467.957,9.631,7.591,34.868,34.385,34.385,0.483,-23.174,-23.149,-0.025,7.591,34.385,-0.48497046057849086
771,4_7,1_6_3_7,37.242,35.514,37.691,35.918,-9.268,-18.05,-21.835,-21.736,1.022,1.133,1.003,1.073,-0.608,-7.295,0.06,-0.01,0.0,0.06,0.28,0.227,-0.422,0.425,1.08,1.0,1.08,2.7,98.427,636.378,60.96,98.427,0.988,1.057,0.019,-7.55,-0.17,-0.01,-0.201,-0.267,1.5,2.7,185.535,636.378,6.942,7.313,37.242,35.514,35.514,1.728,-21.835,-21.736,-0.099,6.942,35.514,-0.3713603634566819
105,2_7,2_3_4_7,40.218,40.09,39.449,40.822,0.124,-4.344,-3.362,-0.706,1.173,0.864,1.047,0.983,-1.42,-7.483,0.66,-0.01,0.06,-0.27,-0.448,0.314,0.476,0.24,1.02,1.08,1.53,2.7,164.182,636.378,98.427,334.486,1.095,0.903,-1.149,-8.015,0.66,-0.01,-0.373,-0.136,1.02,2.7,164.182,636.378,6.596,6.333,39.449,40.09,39.449,-0.641,-3.362,-4.344,0.982,6.333,39.449,0.02461459861091413
565,4_8,4_4_4_4,38.816,38.05,38.56,39.04,-7.665,-6.94,-16.922,-16.923,1.137,0.874,0.874,1.137,0.77,-7.24,-0.17,-0.17,-0.27,-0.27,-0.263,0.251,0.239,0.239,1.5,1.53,1.53,1.5,185.535,185.535,334.486,334.486,0.873,1.087,-0.165,-8.898,-0.17,0.45,-0.122,-0.391,1.5,1.75,185.535,467.957,9.668,7.074,38.56,38.05,38.05,0.509,-16.922,-16.923,0.001,7.074,38.05,-0.11616531801743857
389,7_9,1_2_4_3,39.623,43.967,40.774,39.369,-7.971,-5.202,-11.262,-13.013,1.065,1.084,1.101,1.028,1.028,-7.229,0.06,-0.27,-0.2,-0.27,0.245,0.224,-0.168,0.203,1.08,2.25,1.53,1.53,98.427,334.486,642.238,334.486,0.939,1.048,-1.088,-8.015,-0.01,0.42,-0.156,-0.35,2.7,1.1,636.378,291.269,9.043,6.14,39.623,39.369,39.369,0.254,-11.262,-13.013,1.751,6.14,39.369,0.016564281720086418
1,4_9,5_2_2_3,68.077,69.465,68.492,69.729,22.931,23.261,13.035,37.555,1.151,1.081,1.011,1.025,1.229,-7.162,-0.2,-0.27,-0.2,-0.2,0.115,0.216,-0.108,-0.022,2.25,2.25,2.25,1.53,642.238,334.486,642.238,642.238,0.875,1.066,-0.546,-8.904,-0.17,0.42,-0.127,-0.385,1.5,1.1,185.535,291.269,10.132,6.616,68.077,69.465,68.077,-1.388,13.035,23.261,-10.226,6.616,68.077,2.905420497993672
937,8_9,4_3_3_1,33.982,30.511,34.448,32.827,-14.751,-15.499,-27.595,-28.098,1.039,1.037,1.008,1.034,0.203,-8.11,-0.17,0.06,0.06,0.06,0.18,0.24,0.26,0.327,1.5,1.08,1.08,1.08,185.535,98.427,98.427,98.427,0.968,0.942,-1.586,-9.126,0.45,0.42,-0.289,-0.275,1.75,1.1,467.957,291.269,9.329,6.524,33.982,30.511,30.511,3.471,-27.595,-28.098,0.503,6.524,30.511,-0.874807056016831
982,3_3,2_1_3_1,28.552,28.552,29.824,29.824,-23.272,-23.272,-32.557,-32.557,0.964,1.106,1.02,0.989,-2.28,-8.628,0.66,0.06,0.66,0.06,0.242,0.248,0.306,-0.136,1.02,1.02,1.08,1.08,164.182,98.427,164.182,98.427,1.074,1.074,1.92,-7.114,-0.27,-0.27,0.023,0.023,1.53,1.53,334.486,334.486,4.834,10.548,28.552,28.552,28.552,0.0,-32.557,-32.557,0.0,4.834,28.552,-1.0719391908809788
561,7_7,3_2_6_4,42.386,42.386,40.939,40.939,-5.14,-5.14,-16.79,-16.79,0.993,1.079,1.106,1.098,0.796,-6.916,-0.27,-0.17,-0.2,0.0,0.134,0.219,-0.138,-0.262,1.53,2.25,1.0,1.5,334.486,185.535,642.238,60.96,1.002,1.002,-0.542,-7.282,-0.01,-0.01,-0.228,-0.228,2.7,2.7,636.378,636.378,8.078,6.374,40.939,40.939,40.939,0.0,-16.79,-16.79,0.0,6.374,40.939,0.17455175070258366
80,2_7,4_2_1_5,46.246,44.73,45.528,47.6,-0.314,0.037,1.589,1.94,1.016,1.042,1.088,0.991,-0.293,-7.994,-0.17,-0.2,-0.2,0.66,-0.193,0.244,-0.036,-0.183,1.5,2.25,1.02,2.25,185.535,642.238,642.238,164.182,1.095,0.903,-1.149,-8.015,0.66,-0.01,-0.373,-0.136,1.02,2.7,164.182,636.378,7.722,6.845,45.528,44.73,44.73,0.798,-0.314,0.037,-0.35,6.845,44.73,0.5560361423666896
205,5_5,2_6_4_5,68.384,68.384,63.529,63.529,8.096,8.096,-7.505,-7.505,1.151,1.025,1.032,0.978,-0.964,-7.795,0.66,-0.2,0.0,-0.27,-0.365,0.294,-0.179,0.26,1.02,1.0,1.53,2.25,164.182,642.238,60.96,334.486,1.004,1.004,1.342,-8.123,-0.2,-0.2,-0.226,-0.226,2.25,2.25,642.238,642.238,7.159,9.137,63.529,63.529,63.529,0.0,-7.505,-7.505,0.0,7.159,63.529,2.4477599827501075
34,8_9,2_2_2_9,61.45,64.135,62.53,65.71,15.489,13.132,12.028,11.474,1.206,1.087,0.878,1.059,-0.845,-8.685,0.66,0.42,-0.2,-0.2,-0.38,0.3,0.09,0.073,1.02,2.25,2.25,1.1,164.182,291.269,642.238,642.238,0.968,0.942,-1.586,-9.126,0.45,0.42,-0.289,-0.275,1.75,1.1,467.957,291.269,8.28,7.1,40.077,64.135,40.077,-24.058,12.028,11.474,0.554,7.1,61.45,2.2385523725497176
775,7_9,6_3_2_1,38.883,37.679,39.504,39.584,-19.87,-14.721,-15.623,-21.883,0.975,1.079,0.887,1.12,0.499,-8.169,0.0,0.06,0.06,-0.2,0.272,0.229,-0.197,0.405,1.0,1.08,2.25,1.08,60.96,98.427,98.427,642.238,0.939,1.048,-1.088,-8.015,-0.01,0.42,-0.156,-0.35,2.7,1.1,636.378,291.269,8.514,7.08,38.883,37.679,37.679,1.204,-19.87,-21.883,2.012,7.08,37.679,-0.15349866259865239
508,4_6,1_4_2_3,44.235,45.273,44.845,43.645,-14.68,-14.967,-14.486,-15.849,1.136,0.963,1.115,0.971,1.071,-7.316,0.06,-0.27,-0.27,-0.2,0.164,0.225,0.208,-0.183,1.08,1.53,2.25,1.53,98.427,334.486,334.486,642.238,0.975,1.037,1.376,-8.571,-0.17,0.0,-0.226,-0.472,1.5,1.0,185.535,60.96,9.641,8.691,44.235,43.645,43.645,0.59,-14.68,-15.849,1.169,8.691,43.645,0.4468537195348371
427,2_2,3_1_6_1,30.644,30.644,31.7,31.7,-12.455,-12.455,-14.072,-14.072,1.047,1.135,1.203,0.872,-0.257,-7.741,-0.27,0.06,0.66,0.0,0.251,0.223,-0.347,-0.302,1.53,1.02,1.0,1.08,334.486,98.427,164.182,60.96,0.978,0.978,-1.736,-9.745,0.66,0.66,-0.268,-0.268,1.02,1.02,164.182,164.182,9.488,6.005,30.644,30.644,30.644,0.0,-14.072,-14.072,0.0,6.005,30.644,-0.8614234041858297
454,1_5,3_6_3_7,42.838,44.482,45.681,45.139,-4.56,-1.071,-9.078,-14.887,0.985,1.157,0.984,1.105,-0.446,-6.881,-0.27,-0.01,0.0,0.06,0.186,0.227,-0.43,0.435,1.53,1.0,1.08,2.7,334.486,636.378,60.96,98.427,1.011,1.054,1.418,-8.429,0.06,-0.2,0.22,-0.329,1.08,2.25,98.427,642.238,7.983,8.299,42.838,44.482,42.838,-1.644,-9.078,-14.887,5.809,7.983,42.838,0.3656461478986106
366,2_2,4_2_4_6,31.978,31.978,32.617,32.617,-12.378,-12.378,-12.38,-12.38,0.981,1.027,0.906,1.156,1.002,-7.639,-0.17,0.0,-0.2,-0.27,-0.196,0.242,-0.073,0.32,1.5,2.25,1.53,1.0,185.535,60.96,642.238,334.486,0.978,0.978,-1.736,-9.745,0.66,0.66,-0.268,-0.268,1.02,1.02,164.182,164.182,10.747,5.903,31.978,31.978,31.978,0.0,-12.38,-12.38,0.0,5.903,31.978,-0.7271843700312745
91,5_7,3_2_1_4,51.907,52.48,50.91,49.185,10.748,6.873,1.684,0.391,0.98,1.111,1.093,1.05,-0.122,-7.441,-0.27,-0.17,-0.2,0.66,0.159,0.228,-0.128,-0.193,1.53,2.25,1.02,1.5,334.486,185.535,642.238,164.182,1.04,1.094,0.231,-7.776,-0.2,-0.01,-0.199,-0.259,2.25,2.7,642.238,636.378,7.654,7.672,50.91,49.185,49.185,1.725,1.684,0.391,1.294,7.654,49.185,1.0043381642246678
339,9_9,3_1_3_3,28.515,28.515,32.063,32.063,-5.671,-5.671,-11.482,-11.482,0.878,1.212,0.982,1.063,-0.297,-7.407,-0.27,-0.27,0.66,0.06,0.273,0.25,-0.349,0.33,1.53,1.02,1.08,1.53,334.486,334.486,164.182,98.427,0.947,0.946,-1.736,-9.188,0.42,0.42,-0.281,-0.281,1.1,1.1,291.269,291.269,8.892,5.672,28.515,28.515,28.515,0.0,-11.482,-11.482,0.0,5.672,28.515,-1.0756624624429865
897,4_4,4_2_1_6,38.884,38.884,39.26,39.26,-13.446,-13.446,-25.757,-25.757,0.974,1.04,1.088,1.027,-0.362,-8.132,-0.17,0.0,-0.2,0.66,-0.185,0.246,-0.047,-0.179,1.5,2.25,1.02,1.0,185.535,60.96,642.238,164.182,1.012,1.013,1.714,-8.088,-0.17,-0.17,-0.243,-0.243,1.5,1.5,185.535,185.535,7.726,9.846,38.884,38.884,38.884,0.0,-25.757,-25.757,0.0,7.726,38.884,-0.03224076443055757
564,1_9,4_1_4_5,34.899,35.249,37.128,38.249,-16.289,-17.419,-17.767,-16.909,0.957,1.113,1.036,1.023,-0.482,-7.761,-0.17,-0.2,0.66,-0.27,-0.08,0.264,-0.242,0.3,1.5,1.02,1.53,2.25,185.535,642.238,164.182,334.486,0.895,1.103,-0.687,-9.217,0.06,0.42,0.317,-0.467,1.08,1.1,98.427,291.269,8.735,7.074,34.899,35.249,34.899,-0.35,-17.767,-17.419,-0.348,7.074,34.899,-0.43324717455492145
345,2_9,3_6_1_5,27.833,29.983,34.39,32.797,-10.55,-10.225,-12.699,-11.557,1.006,1.149,1.097,0.925,-0.497,-7.451,-0.27,-0.2,0.0,0.66,0.167,0.224,-0.356,-0.193,1.53,1.0,1.02,2.25,334.486,642.238,60.96,164.182,0.993,0.929,-1.74,-9.532,0.66,0.42,-0.296,-0.254,1.02,1.1,164.182,291.269,9.034,5.711,27.833,29.983,27.833,-2.15,-12.699,-11.557,-1.142,5.711,27.833,-1.1442914139372944
776,1_1,3_1_4_7,37.643,37.643,38.366,38.366,-25.346,-25.346,-21.887,-21.887,0.934,1.188,1.002,1.077,-0.65,-7.075,-0.27,-0.01,0.66,-0.27,0.279,0.249,-0.338,0.339,1.53,1.02,1.53,2.7,334.486,636.378,164.182,334.486,1.061,1.061,1.545,-8.806,0.06,0.06,0.124,0.124,1.08,1.08,98.427,98.427,8.156,8.62,37.643,37.643,37.643,0.0,-25.346,-25.346,0.0,8.156,37.643,-0.15712130519952508
241,3_7,3_2_6_6,38.711,40.984,38.59,40.716,-9.363,-16.441,-11.41,-8.776,0.983,1.084,1.085,1.109,0.588,-7.079,-0.27,0.0,-0.2,0.0,0.144,0.221,-0.148,-0.248,1.53,2.25,1.0,1.0,334.486,60.96,642.238,60.96,0.967,1.124,0.024,-7.025,-0.27,-0.01,0.156,-0.362,1.53,2.7,334.486,636.378,7.613,7.103,38.59,40.716,38.59,-2.126,-11.41,-16.441,5.03,7.103,38.59,-0.06182567900434973
13,5_6,4_2_2_9,78.124,76.254,74.625,71.879,28.561,24.589,17.532,18.271,1.135,1.101,0.855,1.086,-0.616,-7.909,-0.17,0.42,-0.2,-0.2,-0.215,0.238,-0.049,0.1,1.5,2.25,2.25,1.1,185.535,291.269,642.238,642.238,0.973,1.035,1.346,-8.569,-0.2,0.0,-0.219,-0.469,2.25,1.0,642.238,60.96,7.953,9.255,74.625,71.879,71.879,2.746,17.532,18.271,-0.739,7.953,71.879,3.288011808230268
315,5_7,2_3_4_9,47.754,51.098,46.788,46.908,4.698,8.355,-9.912,-10.812,1.154,0.856,0.945,1.058,-1.805,-8.619,0.66,0.42,0.06,-0.27,-0.409,0.322,0.459,0.323,1.02,1.08,1.53,1.1,164.182,291.269,98.427,334.486,1.04,1.094,0.231,-7.776,-0.2,-0.01,-0.199,-0.259,2.25,2.7,642.238,636.378,5.971,8.85,46.788,46.908,46.788,-0.12,-9.912,-10.812,0.899,5.971,46.788,0.7631305443832369
600,6_7,2_1_6_9,28.887,27.517,30.14,29.517,-16.541,-16.514,-17.795,-17.766,0.957,1.011,0.942,0.964,-2.608,-8.946,0.66,0.42,0.66,0.0,-0.229,0.317,-0.107,-0.184,1.02,1.02,1.0,1.1,164.182,291.269,164.182,60.96,1.0,1.0,-0.294,-7.636,0.0,-0.01,-0.429,-0.25,1.0,2.7,60.96,636.378,5.028,8.652,28.887,27.517,27.517,1.37,-17.795,-17.766,-0.029,5.028,27.517,-1.1760901656560645
387,2_6,4_2_4_4,38.646,35.705,36.869,36.576,-13.405,-13.875,-13.569,-12.901,0.992,1.027,0.902,1.149,0.943,-7.284,-0.17,-0.17,-0.2,-0.27,-0.197,0.241,-0.073,0.309,1.5,2.25,1.53,1.5,185.535,185.535,642.238,334.486,1.071,0.882,-0.457,-9.433,0.66,0.0,-0.38,-0.33,1.02,1.0,164.182,60.96,10.376,6.826,36.869,35.705,35.705,1.163,-13.569,-13.875,0.306,6.826,35.705,-0.3521402318798308
273,7_9,3_1_6_4,31.528,33.749,34.452,35.862,-7.187,-7.645,-9.568,-9.944,0.876,1.194,1.091,1.046,-0.247,-7.461,-0.27,-0.17,0.66,0.0,0.254,0.243,-0.301,-0.261,1.53,1.02,1.0,1.5,334.486,185.535,164.182,60.96,0.939,1.048,-1.088,-8.015,-0.01,0.42,-0.156,-0.35,2.7,1.1,636.378,291.269,7.767,6.373,31.528,33.749,31.528,-2.221,-9.568,-9.944,0.376,6.373,31.528,-0.7724674025421816
166,2_2,1_1_2_5,39.373,39.373,46.309,46.309,-9.59,-9.59,-5.879,-5.879,1.078,1.106,1.036,0.963,-0.246,-8.252,0.06,-0.2,0.66,-0.2,0.342,0.244,-0.269,-0.028,1.08,1.02,2.25,2.25,98.427,642.238,164.182,642.238,0.978,0.978,-1.736,-9.745,0.66,0.66,-0.268,-0.268,1.02,1.02,164.182,164.182,9.499,6.516,39.373,39.373,39.373,0.0,-9.59,-9.59,0.0,6.516,39.373,0.016966797564627586
840,4_4,4_6_2_8,38.595,38.595,38.641,38.641,-9.794,-9.794,-23.753,-23.753,1.06,1.11,0.869,1.107,-0.633,-7.885,-0.17,0.45,0.0,-0.2,-0.175,0.24,-0.286,0.074,1.5,1.0,2.25,1.75,185.535,467.957,60.96,642.238,1.012,1.013,1.714,-8.088,-0.17,-0.17,-0.243,-0.243,1.5,1.5,185.535,185.535,7.455,9.6,38.595,38.595,38.595,0.0,-23.753,-23.753,0.0,7.455,38.595,-0.061322534198673444
992,8_8,1_1_3_1,32.386,32.386,31.446,31.446,-25.037,-25.037,-34.69,-34.69,0.871,1.173,0.98,1.064,-0.837,-8.658,0.06,0.06,0.66,0.06,0.385,0.255,-0.337,0.318,1.08,1.02,1.08,1.08,98.427,98.427,164.182,98.427,0.949,1.031,-0.671,-9.446,0.45,0.45,-0.246,-0.325,1.75,1.75,467.957,467.957,8.609,7.987,31.446,31.446,31.446,0.0,-34.69,-34.69,0.0,7.987,31.446,-0.7807189773552798
646,6_7,2_2_1_1,30.779,36.024,31.955,35.854,-17.747,-17.134,-18.577,-18.727,0.968,1.143,0.918,1.093,-1.076,-8.759,0.66,0.06,-0.2,0.66,0.377,0.253,-0.286,0.085,1.02,2.25,1.02,1.08,164.182,98.427,642.238,164.182,1.0,1.0,-0.294,-7.636,0.0,-0.01,-0.429,-0.25,1.0,2.7,60.96,636.378,6.56,8.465,30.779,35.854,30.779,-5.075,-18.577,-18.727,0.15,6.56,30.779,-0.8478384944325575
818,1_4,4_6_4_8,40.599,39.61,42.417,40.932,-10.986,-20.148,-21.094,-23.107,1.012,1.118,0.877,1.195,-0.392,-7.64,-0.17,0.45,0.0,-0.27,-0.144,0.247,-0.345,0.417,1.5,1.0,1.53,1.75,185.535,467.957,60.96,334.486,1.019,1.055,1.656,-8.44,0.06,-0.17,0.208,-0.334,1.08,1.5,98.427,185.535,8.048,9.296,40.599,39.61,39.61,0.989,-21.094,-23.107,2.013,8.048,39.61,0.04081586135370538
484,4_8,5_3_3_6,36.956,41.529,37.764,43.715,-16.811,-16.914,-19.163,-15.497,1.022,1.018,0.986,1.066,-0.035,-8.041,-0.2,0.0,0.06,0.06,-0.261,0.268,0.34,0.351,2.25,1.08,1.08,1.0,642.238,60.96,98.427,98.427,0.873,1.087,-0.165,-8.898,-0.17,0.45,-0.122,-0.391,1.5,1.75,185.535,467.957,8.863,7.876,36.956,41.529,36.956,-4.572,-19.163,-16.914,-2.249,7.876,36.956,-0.22625340149950926
980,1_7,1_3_6_6,33.439,35.636,34.856,35.881,-31.932,-30.705,-31.989,-32.199,1.046,1.054,1.064,1.019,-0.023,-8.077,0.06,0.0,0.06,0.0,0.16,0.233,0.3,-0.324,1.08,1.08,1.0,1.0,98.427,60.96,98.427,60.96,0.988,1.077,-0.192,-7.615,0.06,-0.01,0.249,-0.355,1.08,2.7,98.427,636.378,7.591,7.885,33.439,35.636,33.439,-2.197,-31.989,-32.199,0.21,7.591,33.439,-0.5801654578125304
504,1_3,4_6_1_5,39.35,39.571,39.249,41.731,-16.507,-17.132,-19.997,-15.79,1.021,1.087,1.1,0.887,-0.611,-7.886,-0.17,-0.2,0.0,0.66,-0.184,0.241,-0.267,-0.199,1.5,1.0,1.02,2.25,185.535,642.238,60.96,164.182,1.104,1.048,1.779,-7.75,0.06,-0.27,0.121,0.017,1.08,1.53,98.427,334.486,7.138,9.664,39.249,39.571,39.249,-0.323,-19.997,-17.132,-2.865,7.138,39.249,0.00448880638384485
831,7_8,1_4_6_6,35.142,30.289,33.214,32.564,-23.632,-19.154,-26.518,-23.345,1.037,1.056,1.129,1.101,0.272,-7.732,0.06,0.0,-0.27,0.0,0.181,0.226,0.184,-0.308,1.08,1.53,1.0,1.0,98.427,60.96,334.486,60.96,0.918,1.064,-0.93,-7.913,-0.01,0.45,-0.153,-0.358,2.7,1.75,636.378,467.957,8.185,6.802,33.214,30.289,30.289,2.926,-26.518,-23.345,-3.173,6.802,30.289,-0.8971466853888781
243,2_2,4_2_4_7,40.597,40.597,41.216,41.216,-8.705,-8.705,-8.929,-8.929,1.071,1.063,0.977,1.079,-0.128,-7.117,-0.17,-0.01,-0.2,-0.27,-0.195,0.242,-0.084,0.335,1.5,2.25,1.53,2.7,185.535,636.378,642.238,334.486,0.978,0.978,-1.736,-9.745,0.66,0.66,-0.268,-0.268,1.02,1.02,164.182,164.182,9.617,5.381,40.597,40.597,40.597,0.0,-8.929,-8.929,0.0,5.381,40.597,0.14013664599429457
566,6_9,4_4_3_2,33.245,30.531,33.828,33.97,-12.28,-11.24,-10.836,-16.964,1.181,0.847,1.072,0.946,-0.949,-8.036,-0.17,0.66,-0.27,0.06,-0.453,0.314,0.482,0.2,1.5,1.53,1.08,1.02,185.535,164.182,334.486,98.427,0.896,1.023,-0.657,-9.131,0.0,0.42,-0.355,-0.364,1.0,1.1,60.96,291.269,8.181,7.378,33.245,30.531,30.531,2.714,-12.28,-16.964,4.684,7.378,30.531,-0.872794476794124
875,8_9,4_6_4_6,24.383,26.425,25.633,25.373,-23.728,-23.149,-18.921,-25.164,1.096,1.141,0.987,1.091,0.416,-7.57,-0.17,0.0,0.0,-0.27,-0.178,0.24,-0.328,0.288,1.5,1.0,1.53,1.0,185.535,60.96,60.96,334.486,0.968,0.942,-1.586,-9.126,0.45,0.42,-0.289,-0.275,1.75,1.1,467.957,291.269,9.542,5.985,24.383,25.373,24.383,-0.99,-23.728,-25.164,1.436,5.985,24.383,-1.4914613298542467
562,1_2,5_1_1_1,37.285,36.51,38.747,38.229,-13.9,-15.713,-15.368,-16.82,0.932,1.15,1.127,0.88,-1.042,-8.674,-0.2,0.06,0.66,0.66,0.375,0.252,-0.268,-0.188,2.25,1.02,1.02,1.08,642.238,98.427,164.182,164.182,0.884,1.149,-0.36,-9.308,0.06,0.66,0.34,-0.479,1.08,1.02,98.427,164.182,8.266,8.314,37.285,36.51,36.51,0.775,-15.368,-16.82,1.453,8.266,36.51,-0.27113391816587523
686,4_8,2_1_2_1,37.818,36.259,37.753,36.665,-17.154,-17.086,-18.767,-19.872,0.979,1.091,1.013,1.059,-1.743,-8.647,0.66,0.06,0.66,-0.2,0.293,0.236,-0.142,-0.071,1.02,1.02,2.25,1.08,164.182,98.427,164.182,642.238,0.873,1.087,-0.165,-8.898,-0.17,0.45,-0.122,-0.391,1.5,1.75,185.535,467.957,7.154,8.482,37.753,36.259,36.259,1.494,-18.767,-19.872,1.104,7.154,36.259,-0.2963917874108475
189,5_5,2_1_2_5,72.086,72.086,71.07,71.07,19.96,19.96,-6.846,-6.846,1.149,1.034,1.041,0.944,-1.551,-8.444,0.66,-0.2,0.66,-0.2,-0.28,0.315,-0.062,-0.039,1.02,1.02,2.25,2.25,164.182,642.238,164.182,642.238,1.004,1.004,1.342,-8.123,-0.2,-0.2,-0.226,-0.226,2.25,2.25,642.238,642.238,6.572,9.786,71.07,71.07,71.07,0.0,-6.846,-6.846,0.0,6.572,71.07,3.2066029786717696
782,5_6,1_1_3_9,30.349,35.99,32.72,36.86,-16.279,-18.128,-25.932,-22.177,0.839,1.182,0.906,1.104,-1.615,-8.813,0.06,0.42,0.66,0.06,0.415,0.259,-0.345,0.509,1.08,1.02,1.08,1.1,98.427,291.269,164.182,98.427,0.973,1.035,1.346,-8.569,-0.2,0.0,-0.219,-0.469,2.25,1.0,642.238,60.96,6.954,10.159,30.349,35.99,30.349,-5.641,-25.932,-22.177,-3.755,6.954,30.349,-0.8911089477207573
699,8_8,5_2_4_4,46.255,46.255,53.279,53.279,0.391,0.391,-20.138,-20.138,1.165,0.877,1.012,0.982,1.02,-7.549,-0.2,-0.17,-0.2,-0.27,-0.281,0.247,0.29,-0.066,2.25,2.25,1.53,1.5,642.238,185.535,642.238,334.486,0.949,1.031,-0.671,-9.446,0.45,0.45,-0.246,-0.325,1.75,1.75,467.957,467.957,10.467,6.878,46.255,46.255,46.255,0.0,-20.138,-20.138,0.0,6.878,46.255,0.7094953080980967
475,6_8,4_6_6_7,30.358,28.449,30.54,28.984,-14.596,-13.955,-15.969,-15.182,1.052,1.09,0.995,1.012,-0.592,-7.024,-0.17,-0.01,0.0,0.0,-0.195,0.234,-0.288,-0.236,1.5,1.0,1.0,2.7,185.535,636.378,60.96,60.96,0.895,1.043,-0.348,-9.411,0.0,0.45,-0.35,-0.368,1.0,1.75,60.96,467.957,8.819,6.676,30.358,28.449,28.449,1.909,-15.969,-15.182,-0.787,6.676,28.449,-1.0823039738779194
681,2_9,3_3_4_3,28.469,26.465,31.344,28.964,-7.977,-16.239,-17.035,-19.697,1.086,0.918,1.107,1.004,0.783,-6.906,-0.27,-0.27,0.06,-0.27,0.063,0.239,0.272,0.146,1.53,1.08,1.53,1.53,334.486,334.486,98.427,334.486,0.993,0.929,-1.74,-9.532,0.66,0.42,-0.296,-0.254,1.02,1.1,164.182,291.269,10.314,5.166,28.469,26.465,26.465,2.004,-17.035,-19.697,2.663,5.166,26.465,-1.281951832770451
510,3_5,3_4_2_6,47.247,49.902,51.446,47.996,-3.766,-15.66,-7.932,-15.885,0.998,1.044,1.085,1.112,0.705,-7.137,-0.27,0.0,-0.27,-0.2,0.094,0.23,0.195,-0.071,1.53,1.53,2.25,1.0,334.486,60.96,334.486,642.238,0.998,1.101,1.621,-7.471,-0.27,-0.2,0.12,-0.333,1.53,2.25,334.486,642.238,8.176,8.758,47.247,47.996,47.247,-0.749,-7.932,-15.885,7.953,8.176,47.247,0.8093192375443622
58,1_5,5_2_1_3,50.626,50.867,59.603,56.916,10.567,-1.343,16.694,6.318,1.026,1.131,1.026,1.003,0.071,-7.648,-0.2,-0.27,-0.2,0.66,0.244,0.244,-0.282,-0.02,2.25,2.25,1.02,1.53,642.238,334.486,642.238,164.182,1.011,1.054,1.418,-8.429,0.06,-0.2,0.22,-0.329,1.08,2.25,98.427,642.238,8.5,9.066,50.626,50.867,50.626,-0.241,10.567,-1.343,11.91,8.5,50.626,1.1493444972207048
474,2_3,4_3_1_1,34.543,36.202,36.52,38.376,-20.001,-19.441,-14.39,-15.18,0.88,1.164,0.978,1.057,-0.756,-8.284,-0.17,0.06,0.06,0.66,0.376,0.252,-0.33,0.396,1.5,1.08,1.02,1.08,185.535,98.427,98.427,164.182,1.209,0.871,0.011,-8.258,0.66,-0.27,-0.5,0.238,1.02,1.53,164.182,334.486,7.502,8.295,34.543,36.202,34.543,-1.659,-20.001,-19.441,-0.559,7.502,34.543,-0.4690710847191057
560,4_9,2_3_6_2,36.759,35.484,37.516,37.216,-8.105,-8.582,-16.235,-16.765,1.107,0.931,0.942,1.008,-2.119,-8.727,0.66,0.66,0.06,0.0,-0.417,0.314,0.488,-0.227,1.02,1.08,1.0,1.02,164.182,164.182,98.427,60.96,0.875,1.066,-0.546,-8.904,-0.17,0.42,-0.127,-0.385,1.5,1.1,185.535,291.269,6.785,8.181,36.759,35.484,35.484,1.275,-16.235,-16.765,0.53,6.785,35.484,-0.37437923229074244
856,6_6,3_6_1_6,29.058,29.058,29.057,29.057,-24.425,-24.425,-24.428,-24.428,0.999,1.158,1.074,0.953,-0.602,-7.62,-0.27,0.0,0.0,0.66,0.181,0.226,-0.371,-0.19,1.53,1.0,1.02,1.0,334.486,60.96,60.96,164.182,0.998,0.998,1.102,-9.105,0.0,0.0,-0.454,-0.454,1.0,1.0,60.96,60.96,8.503,8.722,29.057,29.057,29.057,0.0,-24.428,-24.428,0.0,8.503,29.057,-1.0211215655076278
747,7_9,6_3_2_6,37.965,37.125,35.32,36.416,-14.705,-14.819,-15.025,-21.161,0.997,1.014,0.959,1.093,0.194,-8.114,0.0,0.0,0.06,-0.2,-0.41,0.239,-0.103,0.401,1.0,1.08,2.25,1.0,60.96,60.96,98.427,642.238,0.939,1.048,-1.088,-8.015,-0.01,0.42,-0.156,-0.35,2.7,1.1,636.378,291.269,8.209,7.026,35.32,36.416,35.32,-1.095,-15.025,-21.161,6.136,7.026,35.32,-0.39088238191693975
252,3_3,5_1_6_9,32.493,32.493,33.324,33.324,-9.956,-9.956,-9.093,-9.093,0.822,1.123,0.94,1.052,-1.521,-8.367,-0.2,0.42,0.66,0.0,-0.04,0.265,-0.222,-0.147,2.25,1.02,1.0,1.1,642.238,291.269,164.182,60.96,1.074,1.074,1.92,-7.114,-0.27,-0.27,0.023,0.023,1.53,1.53,334.486,334.486,5.593,10.287,32.493,32.493,32.493,0.0,-9.956,-9.956,0.0,5.593,32.493,-0.6753604550465699
21,3_9,3_2_2_8,67.133,69.198,62.701,70.606,18.363,21.439,12.665,13.594,1.171,1.093,0.866,1.094,-0.323,-7.327,-0.27,0.45,-0.2,-0.2,0.133,0.224,-0.132,0.098,1.53,2.25,2.25,1.75,334.486,467.957,642.238,642.238,0.875,1.158,-0.377,-8.19,-0.27,0.42,0.224,-0.481,1.53,1.1,334.486,291.269,7.867,6.95,62.701,69.198,62.701,-6.496,12.665,13.594,-0.928,6.95,62.701,2.3644392029300385
313,3_5,4_6_6_6,46.4,42.158,47.997,44.354,-4.227,-18.368,-15.258,-10.754,0.997,1.05,1.01,1.035,0.211,-7.68,-0.17,0.0,0.0,0.0,-0.198,0.234,-0.291,-0.266,1.5,1.0,1.0,1.0,185.535,60.96,60.96,60.96,0.998,1.101,1.621,-7.471,-0.27,-0.2,0.12,-0.333,1.53,2.25,334.486,642.238,7.682,9.3,46.4,42.158,42.158,4.242,-15.258,-18.368,3.11,7.682,42.158,0.2972184543265736
459,1_5,3_3_3_2,44.192,45.007,46.254,44.077,-16.075,-5.234,-11.672,-14.95,1.176,0.899,1.146,0.947,-1.016,-7.802,-0.27,0.66,0.06,0.06,-0.468,0.313,0.464,0.235,1.53,1.08,1.08,1.02,334.486,164.182,98.427,98.427,1.011,1.054,1.418,-8.429,0.06,-0.2,0.22,-0.329,1.08,2.25,98.427,642.238,7.413,9.219,44.192,44.077,44.077,0.115,-16.075,-14.95,-1.125,7.413,44.077,0.49032543074530716
160,5_5,2_4_1_5,72.419,72.419,73.473,73.473,30.385,30.385,-5.613,-5.613,1.192,0.896,1.134,0.886,-1.176,-8.229,0.66,-0.2,-0.27,0.66,-0.455,0.305,0.434,-0.256,1.02,1.53,1.02,2.25,164.182,642.238,334.486,164.182,1.004,1.004,1.342,-8.123,-0.2,-0.2,-0.226,-0.226,2.25,2.25,642.238,642.238,6.947,9.571,72.419,72.419,72.419,0.0,-5.613,-5.613,0.0,6.947,72.419,3.342351447243355
276,3_7,3_6_6_4,39.157,41.118,40.564,41.983,-6.091,-4.985,-8.411,-9.98,0.978,1.109,1.064,1.051,0.569,-6.995,-0.27,-0.17,0.0,0.0,0.141,0.216,-0.368,-0.275,1.53,1.0,1.0,1.5,334.486,185.535,60.96,60.96,0.967,1.124,0.024,-7.025,-0.27,-0.01,0.156,-0.362,1.53,2.7,334.486,636.378,7.594,7.02,39.157,41.118,39.157,-1.961,-8.411,-9.98,1.57,7.02,39.157,-0.004769058040607805
955,1_3,1_1_1_8,30.246,25.09,31.484,26.141,-27.337,-23.969,-24.285,-29.614,0.906,1.164,1.027,0.959,-2.008,-9.091,0.06,0.45,0.66,0.66,0.402,0.258,-0.278,-0.092,1.08,1.02,1.02,1.75,98.427,467.957,164.182,164.182,1.104,1.048,1.779,-7.75,0.06,-0.27,0.121,0.017,1.08,1.53,98.427,334.486,5.742,10.87,30.246,25.09,25.09,5.155,-27.337,-29.614,2.277,5.742,25.09,-1.4203166543315553
191,7_9,4_1_2_2,38.786,39.536,40.332,42.443,-5.273,-5.586,-7.541,-6.916,1.103,0.909,1.118,0.956,-0.943,-8.527,-0.17,0.66,0.66,-0.2,-0.365,0.302,0.091,-0.214,1.5,1.02,2.25,1.02,185.535,164.182,164.182,642.238,0.939,1.048,-1.088,-8.015,-0.01,0.42,-0.156,-0.35,2.7,1.1,636.378,291.269,7.072,7.439,38.786,39.536,38.786,-0.75,-7.541,-6.916,-0.625,7.072,38.786,-0.04210240262182162
385,1_2,2_2_4_4,39.074,39.479,40.93,40.431,-12.221,-12.427,-11.726,-12.877,1.106,0.892,0.926,1.126,-0.637,-7.725,0.66,-0.17,-0.2,-0.27,-0.372,0.3,0.062,0.288,1.02,2.25,1.53,1.5,164.182,185.535,642.238,334.486,0.884,1.149,-0.36,-9.308,0.06,0.66,0.34,-0.479,1.08,1.02,98.427,164.182,8.671,7.365,39.074,39.479,39.074,-0.404,-12.221,-12.877,0.656,7.365,39.074,-0.013121261814841573
805,5_9,1_2_4_1,43.199,49.18,45.491,47.57,-9.352,-24.595,-23.878,-22.721,0.997,1.077,1.035,1.08,0.891,-7.976,0.06,0.06,-0.2,-0.27,0.258,0.227,-0.175,0.199,1.08,2.25,1.53,1.08,98.427,98.427,642.238,334.486,0.876,1.056,-0.708,-8.875,-0.2,0.42,-0.122,-0.373,2.25,1.1,642.238,291.269,9.766,7.268,43.199,47.57,43.199,-4.371,-23.878,-24.595,0.717,7.268,43.199,0.40197320286847116
413,6_9,3_2_6_7,26.869,29.047,29.155,29.795,-13.118,-12.456,-12.654,-13.629,0.995,1.089,1.039,1.093,-0.387,-6.709,-0.27,-0.01,-0.2,0.0,0.15,0.221,-0.145,-0.216,1.53,2.25,1.0,2.7,334.486,636.378,642.238,60.96,0.896,1.023,-0.657,-9.131,0.0,0.42,-0.355,-0.364,1.0,1.1,60.96,291.269,8.744,6.052,26.869,29.047,26.869,-2.178,-13.118,-13.629,0.511,6.052,26.869,-1.2412977324717702
491,2_9,2_4_6_1,36.315,36.887,37.451,37.259,-7.68,-5.16,-17.657,-15.604,1.009,1.149,0.889,1.214,-0.615,-7.928,0.66,0.06,-0.27,0.0,0.309,0.233,-0.431,0.417,1.02,1.53,1.0,1.08,164.182,98.427,334.486,60.96,0.993,0.929,-1.74,-9.532,0.66,0.42,-0.296,-0.254,1.02,1.1,164.182,291.269,8.917,6.188,36.315,36.887,36.315,-0.572,-17.657,-15.604,-2.053,6.188,36.315,-0.2907565655872682
343,1_5,3_1_1_7,40.041,43.964,43.376,42.65,-5.716,-0.707,-6.227,-11.537,0.918,1.197,1.106,0.941,-1.403,-7.579,-0.27,-0.01,0.66,0.66,0.28,0.252,-0.286,-0.161,1.53,1.02,1.02,2.7,334.486,636.378,164.182,164.182,1.011,1.054,1.418,-8.429,0.06,-0.2,0.22,-0.329,1.08,2.25,98.427,642.238,7.026,8.996,40.041,42.65,40.041,-2.61,-6.227,-11.537,5.309,7.026,40.041,0.08418694360304034
769,4_7,2_1_1_6,25.321,29.226,26.197,28.978,-19.11,-20.569,-26.305,-21.672,0.982,1.015,1.116,0.859,-2.315,-9.203,0.66,0.0,0.66,0.66,-0.239,0.322,-0.078,-0.198,1.02,1.02,1.02,1.0,164.182,60.96,164.182,164.182,0.988,1.057,0.019,-7.55,-0.17,-0.01,-0.201,-0.267,1.5,2.7,185.535,636.378,5.235,9.222,25.321,28.978,25.321,-3.657,-26.305,-21.672,-4.632,5.235,25.321,-1.3970713643092896
308,7_8,2_4_6_8,38.796,38.417,36.418,36.133,-12.373,-8.372,-8.961,-10.665,1.185,0.898,1.006,1.049,-1.496,-8.067,0.66,0.45,-0.27,0.0,-0.457,0.303,0.404,-0.234,1.02,1.53,1.0,1.75,164.182,467.957,334.486,60.96,0.918,1.064,-0.93,-7.913,-0.01,0.45,-0.153,-0.358,2.7,1.75,636.378,467.957,6.417,7.137,36.418,36.133,36.133,0.285,-12.373,-10.665,-1.708,6.417,36.133,-0.30907103651390117
661,3_6,3_4_2_2,37.501,42.625,38.588,43.915,-10.26,-8.851,-11.853,-19.122,1.151,0.947,1.1,1.029,-0.653,-7.271,-0.27,0.66,-0.27,-0.2,-0.381,0.299,0.042,0.188,1.53,1.53,2.25,1.02,334.486,164.182,334.486,642.238,0.973,1.133,1.54,-7.815,-0.27,0.0,0.121,-0.576,1.53,1.0,334.486,60.96,7.163,8.811,37.501,42.625,37.501,-5.124,-11.853,-19.122,7.269,7.163,37.501,-0.17141061768074486
130,8_9,2_2_1_5,40.712,43.161,45.86,47.927,-4.821,-5.252,-3.998,-3.732,1.114,0.922,1.107,0.962,-0.931,-8.578,0.66,-0.2,-0.2,0.66,-0.363,0.303,0.095,-0.201,1.02,2.25,1.02,2.25,164.182,642.238,642.238,164.182,0.968,0.942,-1.586,-9.126,0.45,0.42,-0.289,-0.275,1.75,1.1,467.957,291.269,8.195,6.992,40.712,43.161,40.712,-2.448,-4.821,-5.252,0.431,6.992,40.712,0.15170897652485985
663,4_9,1_3_4_2,37.106,36.867,38.315,37.536,-20.449,-20.089,-21.561,-19.139,1.051,0.983,0.92,1.175,-0.868,-8.213,0.06,0.66,0.06,-0.27,0.22,0.248,0.251,0.359,1.08,1.08,1.53,1.02,98.427,164.182,98.427,334.486,0.875,1.066,-0.546,-8.904,-0.17,0.42,-0.127,-0.385,1.5,1.1,185.535,291.269,8.036,7.667,37.106,36.867,36.867,0.239,-21.561,-20.089,-1.472,7.667,36.867,-0.23520937904055586
871,7_8,3_3_4_1,35.815,36.766,36.021,35.469,-13.694,-12.17,-26.457,-24.931,1.026,1.068,0.945,1.072,0.6,-7.451,-0.27,0.06,0.06,-0.27,0.187,0.231,0.146,0.262,1.53,1.08,1.53,1.08,334.486,98.427,98.427,334.486,0.918,1.064,-0.93,-7.913,-0.01,0.45,-0.153,-0.358,2.7,1.75,636.378,467.957,8.513,6.521,35.815,35.469,35.469,0.346,-26.457,-24.931,-1.527,6.521,35.469,-0.3758886667077727
99,5_8,3_2_1_3,47.944,50.757,53.195,49.643,1.526,5.248,-4.827,-0.309,1.014,1.142,1.105,1.002,0.064,-7.285,-0.27,-0.27,-0.2,0.66,0.247,0.244,-0.283,-0.123,1.53,2.25,1.02,1.53,334.486,334.486,642.238,164.182,0.871,1.076,-0.346,-8.89,-0.2,0.45,-0.115,-0.378,2.25,1.75,642.238,467.957,8.954,6.938,47.944,49.643,47.944,-1.7,-4.827,-0.309,-4.518,6.938,47.944,0.8794576234557004
372,5_7,1_6_6_2,43.241,42.843,42.831,43.414,-15.713,-16.425,-16.988,-12.541,0.949,1.098,0.921,1.113,-1.001,-8.259,0.06,0.66,0.0,0.0,0.294,0.226,-0.394,-0.148,1.08,1.0,1.0,1.02,98.427,164.182,60.96,60.96,1.04,1.094,0.231,-7.776,-0.2,-0.01,-0.199,-0.259,2.25,2.7,642.238,636.378,6.775,8.49,42.831,42.843,42.831,-0.012,-16.988,-16.425,-0.563,6.775,42.831,0.3649417451706634
87,5_8,2_2_4_9,51.185,54.267,53.672,53.465,6.326,9.013,-13.468,0.999,1.124,0.966,0.887,1.154,-1.112,-8.393,0.66,0.42,-0.2,-0.27,-0.344,0.307,0.024,0.404,1.02,2.25,1.53,1.1,164.182,291.269,642.238,334.486,0.871,1.076,-0.346,-8.89,-0.2,0.45,-0.115,-0.378,2.25,1.75,642.238,467.957,7.777,8.047,51.185,53.465,51.185,-2.281,-13.468,0.999,-14.467,7.777,51.185,1.205596086495365
458,3_6,2_3_1_7,36.269,22.857,35.773,25.095,-20.04,-19.21,-14.172,-14.942,1.163,0.885,1.151,0.836,-2.056,-8.01,0.66,-0.01,0.06,0.66,-0.446,0.315,0.529,-0.256,1.02,1.08,1.02,2.7,164.182,636.378,98.427,164.182,0.973,1.133,1.54,-7.815,-0.27,0.0,0.121,-0.576,1.53,1.0,334.486,60.96,5.759,9.55,35.773,22.857,22.857,12.916,-20.04,-19.21,-0.829,5.759,22.857,-1.6450211245467887
330,2_6,2_3_4_9,37.322,36.642,37.445,37.757,-16.015,-16.884,-12.261,-11.319,1.154,0.856,0.945,1.058,-1.805,-8.619,0.66,0.42,0.06,-0.27,-0.409,0.322,0.459,0.323,1.02,1.08,1.53,1.1,164.182,291.269,98.427,334.486,1.071,0.882,-0.457,-9.433,0.66,0.0,-0.38,-0.33,1.02,1.0,164.182,60.96,7.628,8.162,37.322,36.642,36.642,0.68,-16.015,-16.884,0.869,7.628,36.642,-0.25785089529600874
214,3_8,4_1_1_3,37.353,36.024,39.406,39.644,-5.338,-5.703,-7.368,-8.014,0.881,1.211,1.117,0.936,-0.695,-7.932,-0.17,-0.27,0.66,0.66,0.278,0.25,-0.288,-0.191,1.5,1.02,1.02,1.53,185.535,334.486,164.182,164.182,0.88,1.182,0.092,-8.147,-0.27,0.45,0.225,-0.489,1.53,1.75,334.486,467.957,7.452,8.024,37.353,36.024,36.024,1.329,-7.368,-8.014,0.646,7.452,36.024,-0.3200395932776543
466,8_8,2_4_4_9,40.955,40.955,42.065,42.065,-4.909,-4.909,-15.075,-15.075,1.178,0.903,0.925,1.104,-1.444,-8.259,0.66,0.42,-0.27,-0.27,-0.427,0.31,0.362,0.339,1.02,1.53,1.53,1.1,164.182,291.269,334.486,334.486,0.949,1.031,-0.671,-9.446,0.45,0.45,-0.246,-0.325,1.75,1.75,467.957,467.957,8.002,7.588,40.955,40.955,40.955,0.0,-15.075,-15.075,0.0,7.588,40.955,0.17616181408074905
121,2_5,2_1_2_8,45.317,47.71,43.445,45.236,-5.764,1.736,-17.629,-2.469,1.122,1.038,0.945,1.033,-1.813,-9.053,0.66,0.45,0.66,-0.2,-0.257,0.32,-0.077,0.049,1.02,1.02,2.25,1.75,164.182,467.957,164.182,642.238,1.102,0.862,-0.393,-8.926,0.66,-0.2,-0.389,-0.1,1.02,2.25,164.182,642.238,7.113,8.66,43.445,45.236,43.445,-1.791,-17.629,-2.469,-15.16,7.113,43.445,0.4267279273077671
614,1_7,2_2_6_6,34.999,36.53,34.451,36.406,-17.435,-17.975,-18.633,-17.983,1.119,0.874,1.087,1.055,-0.827,-8.248,0.66,0.0,-0.2,0.0,-0.386,0.296,0.073,-0.276,1.02,2.25,1.0,1.0,164.182,60.96,642.238,60.96,0.988,1.077,-0.192,-7.615,0.06,-0.01,0.249,-0.355,1.08,2.7,98.427,636.378,6.787,8.056,34.451,36.406,34.451,-1.955,-18.633,-17.983,-0.65,6.787,34.451,-0.4783289491435576
20,4_8,1_2_2_5,73.689,68.452,68.726,62.227,17.955,16.298,16.574,13.852,1.116,1.101,1.011,0.997,1.094,-7.91,0.06,-0.2,-0.2,-0.2,0.218,0.219,-0.115,-0.028,1.08,2.25,2.25,2.25,98.427,642.238,642.238,642.238,0.873,1.087,-0.165,-8.898,-0.17,0.45,-0.122,-0.391,1.5,1.75,185.535,467.957,9.991,7.745,68.726,62.227,62.227,6.499,16.574,13.852,2.722,7.745,62.227,2.316741075351883
700,3_6,2_4_3_8,35.509,35.395,38.833,36.895,-19.425,-19.764,-19.784,-20.156,1.155,0.924,0.895,1.102,-1.515,-8.382,0.66,0.45,-0.27,0.06,-0.427,0.31,0.355,0.44,1.02,1.53,1.08,1.75,164.182,467.957,334.486,98.427,0.973,1.133,1.54,-7.815,-0.27,0.0,0.121,-0.576,1.53,1.0,334.486,60.96,6.3,9.922,35.509,35.395,35.395,0.114,-19.784,-20.156,0.372,6.3,35.395,-0.3833352098317883
71,1_3,2_2_2_8,66.098,63.86,63.176,67.66,6.611,6.775,5.71,3.423,1.203,1.085,0.881,1.077,-0.513,-8.706,0.66,0.45,-0.2,-0.2,-0.382,0.3,0.094,0.075,1.02,2.25,2.25,1.75,164.182,467.957,642.238,642.238,1.104,1.048,1.779,-7.75,0.06,-0.27,0.121,0.017,1.08,1.53,98.427,334.486,7.236,10.485,63.176,63.86,63.176,-0.684,5.71,3.423,2.287,7.236,63.176,2.412237959469329
106,3_7,5_1_2_1,48.052,49.482,49.421,49.361,-4.406,-5.431,-2.325,-0.726,1.044,1.078,1.103,0.943,-0.44,-8.246,-0.2,0.06,0.66,-0.2,0.258,0.23,-0.122,-0.188,2.25,1.02,2.25,1.08,642.238,98.427,164.182,642.238,0.967,1.124,0.024,-7.025,-0.27,-0.01,0.156,-0.362,1.53,2.7,334.486,636.378,6.585,8.271,48.052,49.361,48.052,-1.31,-4.406,-5.431,1.026,6.585,48.052,0.8903255512583178
270,4_8,3_2_3_3,40.292,41.506,39.67,40.536,-7.118,-7.264,-18.812,-9.785,0.962,1.115,0.867,1.112,0.935,-7.05,-0.27,-0.27,-0.2,0.06,0.166,0.229,-0.195,0.325,1.53,2.25,1.08,1.53,334.486,334.486,642.238,98.427,0.873,1.087,-0.165,-8.898,-0.17,0.45,-0.122,-0.391,1.5,1.75,185.535,467.957,9.833,6.885,39.67,40.536,39.67,-0.865,-18.812,-9.785,-9.026,6.885,39.67,0.04685359902182652
860,5_9,1_6_2_8,49.116,40.716,40.839,40.617,-5.07,-20.425,-22.035,-24.468,1.054,1.137,0.881,1.101,-0.72,-8.132,0.06,0.45,0.0,-0.2,0.274,0.225,-0.372,0.069,1.08,1.0,2.25,1.75,98.427,467.957,60.96,642.238,0.876,1.056,-0.708,-8.875,-0.2,0.42,-0.122,-0.373,2.25,1.1,642.238,291.269,8.155,7.424,40.839,40.617,40.617,0.221,-22.035,-24.468,2.433,7.424,40.617,0.14214922521700116
435,5_6,5_3_4_3,43.127,52.158,44.985,56.18,-4.953,0.863,-13.247,-14.243,0.996,1.118,0.863,1.123,0.533,-7.092,-0.2,-0.27,0.06,-0.27,0.105,0.235,0.146,0.36,2.25,1.08,1.53,1.53,642.238,334.486,98.427,334.486,0.973,1.035,1.346,-8.569,-0.2,0.0,-0.219,-0.469,2.25,1.0,642.238,60.96,9.102,8.438,43.127,52.158,43.127,-9.031,-13.247,-14.243,0.996,8.438,43.127,0.3947279176667265
102,3_9,5_1_6_5,44.279,43.951,46.867,47.684,-3.424,-3.565,-0.508,-0.502,0.89,1.099,1.088,1.023,-0.599,-7.893,-0.2,-0.2,0.66,0.0,-0.094,0.259,-0.195,-0.263,2.25,1.02,1.0,2.25,642.238,642.238,164.182,60.96,0.875,1.158,-0.377,-8.19,-0.27,0.42,0.224,-0.481,1.53,1.1,334.486,291.269,7.591,7.516,44.279,43.951,43.951,0.328,-3.424,-3.565,0.141,7.516,43.951,0.4776461816422535
